,CO(GT),PT08.S1(CO),C6H6(GT),PT08.S2(NMHC),NOx(GT),PT08.S3(NOx),NO2(GT),PT08.S4(NO2),PT08.S5(O3),T,RH,AH,Year,Month,Day,Hour,IsWeekend,Day_Monday,Day_Tuesday,Day_Wednesday,Day_Thursday,Day_Friday,Day_Saturday,Day_Sunday
0,2.6,1360,11.9,1046,166,1056,113.0,1692,1268,13.6,48.9,0.7578,2004,3,10,18,0,0,0,1,0,0,0,0
1,2.0,1292,9.4,955,103,1174,92.0,1559,972,13.3,47.7,0.7255,2004,3,10,19,0,0,0,1,0,0,0,0
2,2.2,1402,9.0,939,131,1140,114.0,1555,1074,11.9,54.0,0.7502,2004,3,10,20,0,0,0,1,0,0,0,0
3,2.2,1376,9.2,948,172,1092,122.0,1584,1203,11.0,60.0,0.7867,2004,3,10,21,0,0,0,1,0,0,0,0
4,1.6,1272,6.5,836,131,1205,116.0,1490,1110,11.2,59.6,0.7888,2004,3,10,22,0,0,0,1,0,0,0,0
5,1.2,1197,4.7,750,89,1337,96.0,1393,949,11.2,59.2,0.7848,2004,3,10,23,0,0,0,1,0,0,0,0
14,2.0,1333,8.0,900,174,1136,112.0,1517,1102,10.8,57.4,0.7408,2004,3,11,8,0,0,0,0,1,0,0,0
15,2.2,1351,9.5,960,129,1079,101.0,1583,1028,10.5,60.6,0.7691,2004,3,11,9,0,0,0,0,1,0,0,0
16,1.7,1233,6.3,827,112,1218,98.0,1446,860,10.8,58.4,0.7552,2004,3,11,10,0,0,0,0,1,0,0,0
17,1.5,1179,5.0,762,95,1328,92.0,1362,671,10.5,57.9,0.7352,2004,3,11,11,0,0,0,0,1,0,0,0
18,1.6,1236,5.2,774,104,1301,95.0,1401,664,9.5,66.8,0.7951,2004,3,11,12,0,0,0,0,1,0,0,0
19,1.9,1286,7.3,869,146,1162,112.0,1537,799,8.3,76.4,0.8393,2004,3,11,13,0,0,0,0,1,0,0,0
20,2.9,1371,11.5,1034,207,983,128.0,1730,1037,8.0,81.1,0.8736,2004,3,11,14,0,0,0,0,1,0,0,0
21,2.2,1310,8.8,933,184,1082,126.0,1647,946,8.3,79.8,0.8778,2004,3,11,15,0,0,0,0,1,0,0,0
22,2.2,1292,8.3,912,193,1103,131.0,1591,957,9.7,71.2,0.8569,2004,3,11,16,0,0,0,0,1,0,0,0
23,2.9,1383,11.2,1020,243,1008,135.0,1719,1104,9.8,67.6,0.8185,2004,3,11,17,0,0,0,0,1,0,0,0
24,4.8,1581,20.8,1319,281,799,151.0,2083,1409,10.3,64.2,0.8065,2004,3,11,18,0,0,0,0,1,0,0,0
27,3.9,1313,12.8,1076,240,957,136.0,1707,1285,9.1,64.0,0.7419,2004,3,11,21,0,0,0,0,1,0,0,0
28,1.5,965,4.7,749,94,1325,85.0,1333,821,8.2,63.4,0.6905,2004,3,11,22,0,0,0,0,1,0,0,0
30,1.7,1080,5.9,805,122,1254,97.0,1375,816,8.3,58.5,0.6438,2004,3,12,0,0,0,0,0,0,1,0,0
31,1.9,1044,6.4,829,133,1247,110.0,1378,832,7.7,59.7,0.6308,2004,3,12,1,0,0,0,0,0,1,0,0
32,1.4,988,4.1,718,82,1396,91.0,1304,692,7.1,61.8,0.6276,2004,3,12,2,0,0,0,0,0,1,0,0
37,1.4,1091,4.4,730,109,1387,104.0,1361,748,6.4,65.1,0.6316,2004,3,12,7,0,0,0,0,0,1,0,0
38,4.4,1587,17.9,1236,307,897,141.0,1900,1400,7.3,63.1,0.6499,2004,3,12,8,0,0,0,0,0,1,0,0
39,3.75,1545,22.1,1353,247,767,131.5,2058,1588,9.2,56.2,0.6561,2004,3,12,9,0,0,0,0,0,1,0,0
40,3.1,1350,14.0,1118,187,912,122.0,1712,1237,13.2,41.7,0.632,2004,3,12,10,0,0,0,0,0,1,0,0
41,2.7,1263,11.6,1037,216,969,143.0,1598,1167,14.3,38.4,0.6243,2004,3,12,11,0,0,0,0,0,1,0,0
42,2.1,1206,10.2,986,143,1035,113.0,1537,959,15.0,36.5,0.6195,2004,3,12,12,0,0,0,0,0,1,0,0
43,2.5,1252,11.0,1016,160,1008,116.0,1593,983,16.1,34.5,0.6262,2004,3,12,13,0,0,0,0,0,1,0,0
44,2.7,1287,12.8,1078,163,949,123.0,1660,1061,16.3,35.7,0.656,2004,3,12,14,0,0,0,0,0,1,0,0
45,2.9,1353,14.2,1122,190,922,126.0,1740,1139,15.8,37.0,0.661,2004,3,12,15,0,0,0,0,0,1,0,0
46,2.8,1309,12.7,1073,178,954,120.0,1657,1112,15.9,37.2,0.6657,2004,3,12,16,0,0,0,0,0,1,0,0
47,2.4,1274,11.7,1041,150,1006,119.0,1610,994,16.9,34.3,0.6549,2004,3,12,17,0,0,0,0,0,1,0,0
48,3.9,1510,19.3,1277,206,812,149.0,1910,1410,15.1,39.6,0.6766,2004,3,12,18,0,0,0,0,0,1,0,0
49,3.7,1525,18.2,1246,202,821,145.0,1847,1448,14.4,43.4,0.7084,2004,3,12,19,0,0,0,0,0,1,0,0
51,4.4,1598,20.1,1299,274,752,149.0,1941,1627,12.1,53.3,0.7536,2004,3,12,21,0,0,0,0,0,1,0,0
52,3.5,1484,14.3,1127,253,839,139.0,1723,1491,11.0,59.1,0.774,2004,3,12,22,0,0,0,0,0,1,0,0
53,5.4,1677,21.8,1346,300,741,134.0,2062,1657,9.7,64.6,0.7771,2004,3,12,23,0,0,0,0,0,1,0,0
54,2.7,1280,9.6,964,193,963,113.0,1544,1285,9.5,64.1,0.7597,2004,3,13,0,1,0,0,0,0,0,1,0
55,1.9,1196,7.4,873,139,1071,97.0,1463,1144,9.1,63.9,0.7423,2004,3,13,1,1,0,0,0,0,0,1,0
56,1.6,1184,5.4,782,83,1176,82.0,1365,1043,8.8,63.9,0.7256,2004,3,13,2,1,0,0,0,0,0,1,0
57,1.7,1172,5.4,783,96,1179,82.5,1380,996,7.8,67.5,0.7173,2004,3,13,3,1,0,0,0,0,0,1,0
58,1.35,1147,6.2,821,109,1132,83.0,1412,992,7.0,71.1,0.7158,2004,3,13,4,1,0,0,0,0,0,1,0
59,1.0,978,2.6,625,62,1420,65.0,1274,819,8.3,63.6,0.6982,2004,3,13,5,1,0,0,0,0,0,1,0
60,1.2,1100,2.9,646,53,1406,60.0,1268,835,7.2,67.5,0.6887,2004,3,13,6,1,0,0,0,0,0,1,0
61,1.5,1112,5.1,770,139,1228,77.0,1409,940,6.3,71.9,0.6932,2004,3,13,7,1,0,0,0,0,0,1,0
62,2.7,1336,11.8,1043,256,935,96.0,1678,1192,6.5,71.6,0.6945,2004,3,13,8,1,0,0,0,0,0,1,0
63,3.7,1408,15.1,1153,295,830,119.0,1777,1411,9.6,59.7,0.7124,2004,3,13,9,1,0,0,0,0,0,1,0
64,3.2,1447,12.9,1081,250,869,126.0,1667,1465,12.4,51.2,0.7335,2004,3,13,10,1,0,0,0,0,0,1,0
65,4.1,1542,16.1,1184,296,808,158.0,1780,1583,15.6,42.2,0.7451,2004,3,13,11,1,0,0,0,0,0,1,0
66,3.6,1451,14.0,1117,239,875,161.0,1679,1387,18.4,33.8,0.709,2004,3,13,12,1,0,0,0,0,0,1,0
67,2.8,1328,12.3,1059,153,987,124.0,1600,1101,19.4,31.3,0.695,2004,3,13,13,1,0,0,0,0,0,1,0
68,2.0,1207,8.6,924,118,1088,102.0,1488,850,18.0,34.8,0.7127,2004,3,13,14,1,0,0,0,0,0,1,0
69,2.0,1240,9.2,947,119,1049,116.0,1532,947,18.4,33.6,0.7042,2004,3,13,15,1,0,0,0,0,0,1,0
70,2.5,1306,10.2,987,138,1004,124.0,1554,1078,17.6,35.1,0.7012,2004,3,13,16,1,0,0,0,0,0,1,0
71,2.3,1326,10.6,1000,148,976,125.0,1602,1084,16.7,37.8,0.7117,2004,3,13,17,1,0,0,0,0,0,1,0
72,3.2,1473,15.5,1163,227,831,148.0,1779,1395,16.1,41.0,0.7451,2004,3,13,18,1,0,0,0,0,0,1,0
73,4.2,1609,19.6,1286,277,758,165.0,1922,1612,15.8,42.4,0.7569,2004,3,13,19,1,0,0,0,0,0,1,0
74,4.2,1611,19.2,1274,279,754,161.0,1915,1697,15.7,44.1,0.7786,2004,3,13,20,1,0,0,0,0,0,1,0
75,4.2,1621,18.3,1247,283,762,159.0,1860,1886,15.3,46.8,0.8091,2004,3,13,21,1,0,0,0,0,0,1,0
76,3.1,1444,13.1,1089,214,844,143.0,1748,1624,14.6,48.6,0.806,2004,3,13,22,1,0,0,0,0,0,1,0
77,2.6,1418,10.9,1010,172,892,130.0,1603,1536,14.7,49.3,0.8193,2004,3,13,23,1,0,0,0,0,0,1,0
78,2.9,1534,11.0,1013,190,889,129.0,1611,1535,13.9,53.6,0.8498,2004,3,14,0,1,0,0,0,0,0,0,1
79,2.8,1484,11.9,1045,174,880,119.0,1624,1530,14.6,51.5,0.8536,2004,3,14,1,1,0,0,0,0,0,0,1
80,2.5,1367,8.6,925,128,953,104.0,1543,1337,12.5,58.9,0.8537,2004,3,14,2,1,0,0,0,0,0,0,1
81,2.4,1344,9.7,968,99,921,93.0,1620,1278,11.6,63.4,0.8674,2004,3,14,3,1,0,0,0,0,0,0,1
82,1.7999999999999998,1130,5.2,773,70,1130,82.0,1452,1051,12.1,61.1,0.8603,2004,3,14,4,1,0,0,0,0,0,0,1
83,1.2,1062,3.7,691,53,1272,70.0,1377,929,11.5,63.1,0.8533,2004,3,14,5,1,0,0,0,0,0,0,1
84,1.0,1076,2.5,618,44,1395,63.0,1333,872,11.6,62.2,0.8473,2004,3,14,6,1,0,0,0,0,0,0,1
85,0.9,1028,2.4,615,74,1384,67.0,1340,853,10.4,67.6,0.853,2004,3,14,7,1,0,0,0,0,0,0,1
86,1.4,1155,4.2,722,101,1225,84.0,1414,959,11.6,62.7,0.853,2004,3,14,8,1,0,0,0,0,0,0,1
87,1.6,1235,6.4,828,118,1055,83.0,1527,1093,12.4,60.0,0.8627,2004,3,14,9,1,0,0,0,0,0,0,1
88,2.2,1332,8.6,923,144,952,98.0,1614,1225,14.5,53.1,0.8728,2004,3,14,10,1,0,0,0,0,0,0,1
89,2.8,1445,10.9,1009,176,878,114.0,1696,1355,16.9,46.1,0.8789,2004,3,14,11,1,0,0,0,0,0,0,1
90,2.8,1416,10.7,1002,161,907,119.0,1677,1262,19.3,38.3,0.8474,2004,3,14,12,1,0,0,0,0,0,0,1
91,2.0,1281,7.5,880,113,1084,104.0,1525,980,21.2,31.4,0.7812,2004,3,14,13,1,0,0,0,0,0,0,1
92,1.8,1207,7.5,879,103,1104,102.0,1490,872,21.4,30.2,0.7616,2004,3,14,14,1,0,0,0,0,0,0,1
93,1.9,1258,8.2,906,112,1081,107.0,1511,900,21.9,29.0,0.7525,2004,3,14,15,1,0,0,0,0,0,0,1
94,3.0,1458,11.9,1045,170,974,129.0,1646,1099,22.2,28.4,0.7516,2004,3,14,16,1,0,0,0,0,0,0,1
95,2.9,1438,12.0,1051,180,943,128.0,1668,1206,21.3,30.8,0.7696,2004,3,14,17,1,0,0,0,0,0,0,1
96,2.5,1478,12.2,1055,160,929,121.0,1671,1262,19.7,36.7,0.8307,2004,3,14,18,1,0,0,0,0,0,0,1
97,4.6,1808,20.6,1312,261,753,157.0,1993,1698,18.4,41.7,0.8732,2004,3,14,19,1,0,0,0,0,0,0,1
99,3.4,1560,14.7,1140,217,784,146.0,1818,1648,16.7,49.6,0.932,2004,3,14,21,1,0,0,0,0,0,0,1
100,2.1,1324,9.0,940,146,924,121.0,1587,1423,16.3,51.0,0.9341,2004,3,14,22,1,0,0,0,0,0,0,1
101,2.2,1349,8.8,933,152,933,119.0,1617,1349,14.7,55.9,0.9314,2004,3,14,23,1,0,0,0,0,0,0,1
102,1.8,1239,7.4,872,104,985,99.0,1547,1250,14.8,54.7,0.9164,2004,3,15,0,0,1,0,0,0,0,0,0
103,1.8,1239,6.9,853,106,1010,93.0,1543,1174,14.0,57.0,0.9094,2004,3,15,1,0,1,0,0,0,0,0,0
104,1.8,1224,7.0,855,108,998,88.0,1566,1149,13.4,61.3,0.9361,2004,3,15,2,0,1,0,0,0,0,0,0
105,1.1,1078,4.4,734,87,1128,79.5,1487,1021,12.6,63.5,0.923,2004,3,15,3,0,1,0,0,0,0,0,0
106,1.05,1078,4.0,711,66,1150,71.0,1468,1013,12.3,65.4,0.9351,2004,3,15,4,0,1,0,0,0,0,0,0
107,1.0,1075,3.9,703,88,1156,74.0,1464,1010,11.9,67.4,0.9375,2004,3,15,5,0,1,0,0,0,0,0,0
108,1.4,1157,6.4,830,138,1030,80.0,1584,1083,11.4,70.5,0.9475,2004,3,15,6,0,1,0,0,0,0,0,0
109,2.2,1314,9.7,966,228,897,89.0,1710,1235,11.3,70.2,0.9401,2004,3,15,7,0,1,0,0,0,0,0,0
110,5.5,1797,25.9,1451,360,652,114.0,2323,1680,12.4,63.9,0.917,2004,3,15,8,0,1,0,0,0,0,0,0
113,4.2,1564,20.1,1300,319,710,155.0,2029,1798,19.8,38.5,0.8801,2004,3,15,11,0,1,0,0,0,0,0,0
114,3.1,1430,14.1,1120,201,831,134.0,1783,1522,22.0,34.1,0.8904,2004,3,15,12,0,1,0,0,0,0,0,0
115,2.9,1417,14.9,1146,171,830,119.0,1831,1404,23.3,32.2,0.9096,2004,3,15,13,0,1,0,0,0,0,0,0
116,2.9,1400,15.4,1162,159,838,111.0,1829,1263,23.9,30.0,0.8757,2004,3,15,14,0,1,0,0,0,0,0,0
117,2.5,1317,12.1,1053,153,926,104.0,1707,1137,24.4,28.9,0.8736,2004,3,15,15,0,1,0,0,0,0,0,0
118,2.3,1318,11.5,1033,143,950,99.0,1675,1068,24.4,29.4,0.8848,2004,3,15,16,0,1,0,0,0,0,0,0
119,2.8,1445,14.8,1141,156,857,110.0,1824,1252,23.8,31.3,0.9137,2004,3,15,17,0,1,0,0,0,0,0,0
123,4.2,1595,19.9,1294,256,678,145.0,2058,1707,16.7,57.4,1.0786,2004,3,15,21,0,1,0,0,0,0,0,0
124,3.2,1439,15.3,1159,193,764,125.0,1856,1494,15.7,60.2,1.0654,2004,3,15,22,0,1,0,0,0,0,0,0
125,1.4,1142,6.9,852,89,1008,101.0,1547,1164,15.3,61.4,1.058,2004,3,15,23,0,1,0,0,0,0,0,0
126,2.1,1304,11.1,1019,127,852,103.0,1731,1272,14.1,65.7,1.0494,2004,3,16,0,0,0,1,0,0,0,0,0
127,1.2,1074,5.4,784,79,1098,88.0,1483,1040,14.8,60.6,1.0148,2004,3,16,1,0,0,1,0,0,0,0,0
128,0.8,968,2.8,640,43,1320,61.0,1386,867,14.8,59.2,0.9879,2004,3,16,2,0,0,1,0,0,0,0,0
129,0.7,929,2.3,608,51,1376,60.0,1364,826,13.6,62.1,0.9636,2004,3,16,3,0,0,1,0,0,0,0,0
130,0.6499999999999999,941,2.6,626,59,1316,59.0,1373,840,12.3,66.2,0.945,2004,3,16,4,0,0,1,0,0,0,0,0
131,0.6,937,2.0,585,38,1412,52.0,1348,793,12.8,63.2,0.9283,2004,3,16,5,0,0,1,0,0,0,0,0
132,0.9,1017,3.5,681,82,1246,64.0,1418,870,11.2,68.5,0.9081,2004,3,16,6,0,0,1,0,0,0,0,0
133,1.3,1171,5.1,770,99,1162,70.0,1467,930,11.0,66.5,0.8705,2004,3,16,7,0,0,1,0,0,0,0,0
134,3.4,1541,16.2,1185,263,770,97.0,1889,1407,11.7,63.7,0.8719,2004,3,16,8,0,0,1,0,0,0,0,0
135,3.7,1539,19.7,1287,229,698,95.0,2055,1507,13.6,56.3,0.8743,2004,3,16,9,0,0,1,0,0,0,0,0
136,5.3,1735,25.1,1431,396,628,150.0,2211,1843,17.8,42.9,0.8672,2004,3,16,10,0,0,1,0,0,0,0,0
137,4.1,1571,20.0,1297,314,730,162.0,1973,1729,21.4,33.3,0.8417,2004,3,16,11,0,0,1,0,0,0,0,0
138,3.3,1452,18.3,1250,217,776,154.0,1868,1583,24.4,27.4,0.8231,2004,3,16,12,0,0,1,0,0,0,0,0
139,4.0,1579,22.3,1359,252,724,161.0,1998,1671,25.3,26.1,0.8264,2004,3,16,13,0,0,1,0,0,0,0,0
140,3.8,1466,20.4,1309,263,773,161.0,1897,1491,25.8,23.2,0.7589,2004,3,16,14,0,0,1,0,0,0,0,0
141,2.8,1280,14.6,1136,180,893,128.0,1675,1240,27.0,20.2,0.7094,2004,3,16,15,0,0,1,0,0,0,0,0
142,2.9,1407,16.6,1197,184,905,129.0,1759,1313,28.2,18.6,0.7014,2004,3,16,16,0,0,1,0,0,0,0,0
143,2.9,1389,15.8,1173,190,898,133.0,1739,1363,28.0,19.1,0.7098,2004,3,16,17,0,0,1,0,0,0,0,0
144,3.4,1447,17.8,1235,184,859,139.0,1778,1296,23.9,25.7,0.7519,2004,3,16,18,0,0,1,0,0,0,0,0
145,3.9,1551,19.1,1271,181,800,137.0,1875,1432,21.3,34.8,0.873,2004,3,16,19,0,0,1,0,0,0,0,0
146,3.2,1474,15.8,1173,166,854,143.0,1776,1432,20.4,36.7,0.8704,2004,3,16,20,0,0,1,0,0,0,0,0
147,5.1,1800,24.9,1426,317,700,177.0,2106,2034,19.0,41.3,0.9007,2004,3,16,21,0,0,1,0,0,0,0,0
148,2.6,1379,13.5,1101,184,818,138.0,1710,1602,17.9,45.9,0.9342,2004,3,16,22,0,0,1,0,0,0,0,0
149,1.7,1201,9.1,943,130,935,117.0,1560,1362,16.7,48.9,0.9226,2004,3,16,23,0,0,1,0,0,0,0,0
150,1.7,1205,8.6,925,132,922,107.0,1547,1314,15.5,52.9,0.9271,2004,3,17,0,0,0,0,1,0,0,0,0
151,1.2,1072,5.4,784,95,1066,90.0,1442,1114,15.5,51.9,0.9059,2004,3,17,1,0,0,0,1,0,0,0,0
152,0.9,998,4.1,714,70,1169,79.0,1383,992,14.1,55.6,0.891,2004,3,17,2,0,0,0,1,0,0,0,0
153,0.7,933,2.6,625,62,1292,69.5,1332,884,13.1,57.9,0.8666,2004,3,17,3,0,0,0,1,0,0,0,0
154,0.6,883,1.9,577,54,1396,60.0,1303,808,12.7,57.9,0.8447,2004,3,17,4,0,0,0,1,0,0,0,0
156,0.5,891,1.9,576,46,1417,53.0,1289,733,11.9,57.4,0.7978,2004,3,17,6,0,0,0,1,0,0,0,0
157,1.6,1173,7.5,878,160,1038,84.0,1556,1052,9.9,65.2,0.7956,2004,3,17,7,0,0,0,1,0,0,0,0
158,4.1,1587,21.4,1334,320,702,108.0,1999,1534,11.1,60.2,0.7958,2004,3,17,8,0,0,0,1,0,0,0,0
160,4.3,1522,21.3,1331,280,703,134.0,2026,1734,17.7,40.1,0.8048,2004,3,17,10,0,0,0,1,0,0,0,0
161,2.9,1438,15.4,1161,221,819,135.0,1782,1595,21.1,33.4,0.8265,2004,3,17,11,0,0,0,1,0,0,0,0
162,2.5,1393,12.5,1067,210,905,142.0,1654,1490,24.3,28.3,0.8471,2004,3,17,12,0,0,0,1,0,0,0,0
163,2.8,1452,15.1,1152,204,861,153.0,1747,1508,25.6,25.6,0.8254,2004,3,17,13,0,0,0,1,0,0,0,0
164,2.6,1389,13.7,1108,161,887,123.0,1712,1334,25.9,25.9,0.8503,2004,3,17,14,0,0,0,1,0,0,0,0
165,2.0,1207,10.4,994,135,1013,104.0,1520,1045,26.8,18.7,0.65,2004,3,17,15,0,0,0,1,0,0,0,0
166,2.9,1365,15.2,1154,186,940,129.0,1679,1221,29.3,15.8,0.6309,2004,3,17,16,0,0,0,1,0,0,0,0
167,2.5,1247,12.3,1060,147,1032,114.0,1525,1069,28.5,14.9,0.5708,2004,3,17,17,0,0,0,1,0,0,0,0
168,5.0,1557,27.0,1478,299,793,158.0,1981,1569,25.9,16.0,0.5237,2004,3,17,18,0,0,0,1,0,0,0,0
172,2.8,1444,15.0,1150,202,770,136.0,1727,1727,17.2,44.1,0.8558,2004,3,17,22,0,0,0,1,0,0,0,0
173,2.6,1488,15.7,1171,178,731,127.0,1778,1705,16.0,50.9,0.9206,2004,3,17,23,0,0,0,1,0,0,0,0
174,2.3,1371,13.0,1083,154,796,116.0,1669,1551,14.8,53.9,0.9024,2004,3,18,0,0,0,0,0,1,0,0,0
175,1.4,1161,8.1,904,92,947,107.0,1502,1240,14.3,55.4,0.8975,2004,3,18,1,0,0,0,0,1,0,0,0
176,1.0,1064,5.5,787,61,1057,88.0,1407,1115,14.8,52.1,0.8686,2004,3,18,2,0,0,0,0,1,0,0,0
177,0.7,970,3.6,687,60,1196,83.0,1351,969,13.9,53.9,0.8501,2004,3,18,3,0,0,0,0,1,0,0,0
178,0.6499999999999999,954,2.9,645,60,1260,78.0,1334,925,11.6,61.9,0.8442,2004,3,18,4,0,0,0,0,1,0,0,0
179,0.6,931,2.5,623,37,1293,57.0,1307,828,12.0,58.9,0.8233,2004,3,18,5,0,0,0,0,1,0,0,0
180,0.7,938,3.0,650,68,1251,71.0,1333,893,10.9,62.1,0.8113,2004,3,18,6,0,0,0,0,1,0,0,0
181,1.5,1166,7.7,885,139,1005,85.0,1551,1075,10.6,63.3,0.8067,2004,3,18,7,0,0,0,0,1,0,0,0
182,4.7,1643,23.3,1384,339,667,124.0,2094,1610,11.5,60.0,0.8117,2004,3,18,8,0,0,0,0,1,0,0,0
184,4.5,1617,21.3,1333,349,686,150.0,2010,1819,17.8,40.5,0.821,2004,3,18,10,0,0,0,0,1,0,0,0
185,2.8,1473,14.3,1127,224,831,152.0,1752,1568,20.8,34.4,0.8365,2004,3,18,11,0,0,0,0,1,0,0,0
186,2.2,1379,12.5,1068,171,899,139.0,1663,1374,23.8,28.2,0.8219,2004,3,18,12,0,0,0,0,1,0,0,0
187,2.2,1385,12.2,1056,149,891,133.0,1648,1268,24.2,28.7,0.8515,2004,3,18,13,0,0,0,0,1,0,0,0
188,2.3,1379,13.1,1087,137,901,126.0,1660,1144,25.2,24.9,0.7829,2004,3,18,14,0,0,0,0,1,0,0,0
189,2.2,1322,14.4,1129,149,934,128.0,1639,1109,27.0,17.8,0.6275,2004,3,18,15,0,0,0,0,1,0,0,0
190,2.8,1496,16.8,1205,172,822,169.0,1767,1347,27.1,23.1,0.818,2004,3,18,16,0,0,0,0,1,0,0,0
191,2.7,1409,14.5,1131,166,873,149.0,1689,1206,25.8,23.9,0.7832,2004,3,18,17,0,0,0,0,1,0,0,0
192,3.7,1513,21.5,1338,214,764,156.0,1957,1397,23.0,26.8,0.7446,2004,3,18,18,0,0,0,0,1,0,0,0
193,5.1,1667,26.4,1464,280,683,168.0,2118,1588,20.7,31.1,0.7523,2004,3,18,19,0,0,0,0,1,0,0,0
194,5.1,1667,26.0,1453,276,684,176.0,2051,1569,18.6,36.2,0.7676,2004,3,18,20,0,0,0,0,1,0,0,0
195,3.2,1430,14.1,1121,178,814,135.0,1732,1322,16.0,48.4,0.8768,2004,3,18,21,0,0,0,0,1,0,0,0
196,2.1,1333,10.3,989,129,885,121.0,1621,1194,14.5,57.8,0.9456,2004,3,18,22,0,0,0,0,1,0,0,0
197,1.7,1262,8.3,911,95,948,99.0,1545,1062,13.1,64.2,0.9606,2004,3,18,23,0,0,0,0,1,0,0,0
198,2.0,1287,8.9,936,126,918,106.0,1606,1040,12.0,69.7,0.9735,2004,3,19,0,0,0,0,0,0,1,0,0
199,1.6,1134,6.6,840,103,1021,96.0,1501,917,11.9,71.1,0.9915,2004,3,19,1,0,0,0,0,0,1,0,0
200,0.9,999,3.6,688,48,1229,63.0,1380,594,12.5,69.3,1.0029,2004,3,19,2,0,0,0,0,0,1,0,0
201,0.7,961,2.5,622,34,1382,47.5,1301,430,12.5,67.5,0.9768,2004,3,19,3,0,0,0,0,0,1,0,0
204,0.7,969,2.3,607,56,1373,61.0,1324,438,12.3,66.3,0.9487,2004,3,19,6,0,0,0,0,0,1,0,0
205,1.5,1182,6.7,845,115,1054,99.0,1539,704,12.4,64.9,0.9332,2004,3,19,7,0,0,0,0,0,1,0,0
206,4.8,1740,22.8,1372,320,671,157.0,2144,1476,13.0,61.6,0.9209,2004,3,19,8,0,0,0,0,0,1,0,0
208,4.0,1427,19.2,1275,253,701,149.0,1980,1398,13.9,57.1,0.9032,2004,3,19,10,0,0,0,0,0,1,0,0
209,3.3,1390,16.4,1191,218,759,135.0,1879,1268,14.5,54.4,0.8917,2004,3,19,11,0,0,0,0,0,1,0,0
210,2.8,1283,14.0,1117,192,813,127.0,1751,1188,15.5,50.1,0.8744,2004,3,19,12,0,0,0,0,0,1,0,0
211,3.0,1304,15.3,1157,176,793,122.0,1801,1171,16.1,47.6,0.8655,2004,3,19,13,0,0,0,0,0,1,0,0
212,3.3,1364,16.7,1202,198,771,135.0,1875,1250,16.3,47.1,0.864,2004,3,19,14,0,0,0,0,0,1,0,0
213,3.5,1410,19.0,1268,212,724,139.0,1957,1344,16.4,47.5,0.8791,2004,3,19,15,0,0,0,0,0,1,0,0
214,4.0,1476,19.4,1280,249,708,147.0,1955,1378,16.1,50.2,0.9094,2004,3,19,16,0,0,0,0,0,1,0,0
215,4.6,1522,20.9,1320,270,690,158.0,2005,1435,16.0,50.7,0.9142,2004,3,19,17,0,0,0,0,0,1,0,0
216,4.1,1442,20.2,1301,231,704,146.0,1952,1372,15.8,50.3,0.8989,2004,3,19,18,0,0,0,0,0,1,0,0
217,4.5,1469,21.7,1344,251,677,144.0,1997,1471,15.5,50.6,0.884,2004,3,19,19,0,0,0,0,0,1,0,0
218,3.9,1467,19.8,1292,210,698,138.0,1942,1439,15.4,51.4,0.8956,2004,3,19,20,0,0,0,0,0,1,0,0
219,4.0,1421,16.7,1202,249,748,143.0,1854,1429,15.2,53.1,0.9117,2004,3,19,21,0,0,0,0,0,1,0,0
220,2.2,1175,9.1,945,143,904,116.0,1604,1081,14.7,57.6,0.9573,2004,3,19,22,0,0,0,0,0,1,0,0
221,2.1,1215,8.3,912,127,948,109.0,1547,993,14.2,58.3,0.938,2004,3,19,23,0,0,0,0,0,1,0,0
222,1.7,1127,5.8,802,104,1064,92.0,1447,837,13.8,57.9,0.9085,2004,3,20,0,1,0,0,0,0,0,1,0
223,1.6,1090,5.2,773,86,1105,83.0,1429,761,13.9,55.9,0.8842,2004,3,20,1,1,0,0,0,0,0,1,0
224,1.3,1017,4.1,718,74,1182,81.0,1382,650,13.9,55.6,0.8765,2004,3,20,2,1,0,0,0,0,0,1,0
225,1.3,997,3.4,677,59,1252,68.0,1359,591,13.8,55.1,0.8666,2004,3,20,3,1,0,0,0,0,0,1,0
226,1.05,945,2.9,646,44,1308,55.0,1332,505,13.8,54.6,0.8574,2004,3,20,4,1,0,0,0,0,0,1,0
227,0.8,956,3.1,661,42,1260,53.0,1351,518,13.6,55.1,0.856,2004,3,20,5,1,0,0,0,0,0,1,0
228,0.8,966,2.5,622,63,1317,67.0,1342,571,13.6,59.0,0.9129,2004,3,20,6,1,0,0,0,0,0,1,0
229,1.1,1064,4.3,728,115,1161,91.0,1461,842,13.5,58.4,0.896,2004,3,20,7,1,0,0,0,0,0,1,0
230,2.1,1300,8.9,935,170,902,113.0,1623,1145,13.8,58.0,0.9083,2004,3,20,8,1,0,0,0,0,0,1,0
231,2.4,1348,10.5,998,147,834,102.0,1689,1218,14.6,53.1,0.8765,2004,3,20,9,1,0,0,0,0,0,1,0
232,2.6,1425,12.5,1068,166,776,107.0,1764,1341,15.0,52.3,0.8881,2004,3,20,10,1,0,0,0,0,0,1,0
233,2.8,1474,12.3,1061,195,768,113.0,1768,1406,15.4,52.1,0.9046,2004,3,20,11,1,0,0,0,0,0,1,0
234,2.6,1490,11.7,1039,182,782,108.0,1757,1422,16.3,50.0,0.9158,2004,3,20,12,1,0,0,0,0,0,1,0
235,2.6,1495,11.7,1040,168,809,105.0,1735,1373,17.1,47.9,0.9281,2004,3,20,13,1,0,0,0,0,0,1,0
236,2.1,1376,9.3,953,125,900,93.0,1636,1153,19.0,42.9,0.937,2004,3,20,14,1,0,0,0,0,0,1,0
237,1.7,1305,7.6,884,95,980,87.0,1573,927,19.5,42.3,0.9476,2004,3,20,15,1,0,0,0,0,0,1,0
238,1.6,1283,6.7,844,79,1036,76.0,1539,766,19.5,42.3,0.9493,2004,3,20,16,1,0,0,0,0,0,1,0
239,2.1,1392,9.7,967,119,930,94.0,1649,941,19.1,43.8,0.9556,2004,3,20,17,1,0,0,0,0,0,1,0
240,2.3,1452,12.4,1063,142,856,110.0,1774,1146,18.5,46.3,0.9744,2004,3,20,18,1,0,0,0,0,0,1,0
241,3.5,1633,16.6,1199,215,734,136.0,1919,1417,17.4,51.6,1.0159,2004,3,20,19,1,0,0,0,0,0,1,0
242,3.9,1625,16.4,1191,229,733,139.0,1885,1442,17.1,51.3,0.9914,2004,3,20,20,1,0,0,0,0,0,1,0
243,3.3,1535,13.7,1108,206,785,125.0,1820,1323,16.4,53.8,0.9964,2004,3,20,21,1,0,0,0,0,0,1,0
244,2.3,1323,9.9,973,147,864,111.0,1712,1125,16.2,55.4,1.0132,2004,3,20,22,1,0,0,0,0,0,1,0
245,2.1,1309,8.9,937,122,905,97.0,1672,1036,15.9,57.7,1.0356,2004,3,20,23,1,0,0,0,0,0,1,0
246,2.8,1456,10.6,999,175,835,107.0,1714,1202,15.7,58.6,1.0396,2004,3,21,0,1,0,0,0,0,0,0,1
247,2.1,1300,7.4,872,133,941,90.0,1577,1054,15.1,60.9,1.0398,2004,3,21,1,1,0,0,0,0,0,0,1
248,1.6,1203,6.2,823,89,1004,84.0,1526,903,15.6,56.6,0.9951,2004,3,21,2,1,0,0,0,0,0,0,1
249,1.6,1195,6.5,836,87,987,85.5,1554,885,15.2,57.9,0.9941,2004,3,21,3,1,0,0,0,0,0,0,1
250,1.35,1117,5.8,802,85,1029,87.0,1539,818,15.4,57.8,1.0021,2004,3,21,4,1,0,0,0,0,0,0,1
251,1.1,1062,4.0,711,55,1136,66.0,1461,700,14.9,60.6,1.0196,2004,3,21,5,1,0,0,0,0,0,0,1
252,0.7,947,2.1,594,24,1300,36.0,1390,580,14.5,63.0,1.0316,2004,3,21,6,1,0,0,0,0,0,0,1
253,0.8,1065,3.6,687,72,1143,62.0,1492,815,14.2,66.2,1.063,2004,3,21,7,1,0,0,0,0,0,0,1
254,1.2,1155,4.4,734,122,1062,91.0,1528,1035,14.5,65.3,1.0704,2004,3,21,8,1,0,0,0,0,0,0,1
255,1.4,1220,5.4,782,111,996,89.0,1560,1067,15.3,62.1,1.073,2004,3,21,9,1,0,0,0,0,0,0,1
256,1.7,1301,7.1,862,123,914,93.0,1633,1114,16.3,59.0,1.0868,2004,3,21,10,1,0,0,0,0,0,0,1
257,1.8,1279,7.3,870,106,911,81.0,1646,1000,18.9,49.6,1.07,2004,3,21,11,1,0,0,0,0,0,0,1
258,1.8,1267,7.6,883,103,953,82.0,1617,906,19.4,46.1,1.0249,2004,3,21,12,1,0,0,0,0,0,0,1
259,1.9,1239,6.8,848,102,981,80.0,1568,822,20.8,41.6,1.0091,2004,3,21,13,1,0,0,0,0,0,0,1
260,1.3,1128,4.6,742,48,1144,48.0,1507,610,21.4,40.3,1.0126,2004,3,21,14,1,0,0,0,0,0,0,1
261,1.6,1243,8.4,916,63,962,61.0,1669,657,21.2,39.3,0.9791,2004,3,21,15,1,0,0,0,0,0,0,1
262,1.9,1208,6.9,853,98,1060,89.0,1506,647,20.3,38.0,0.8942,2004,3,21,16,1,0,0,0,0,0,0,1
263,2.3,1306,9.0,938,132,961,105.0,1607,762,19.4,41.3,0.9206,2004,3,21,17,1,0,0,0,0,0,0,1
264,3.8,1546,15.1,1151,173,769,116.0,1874,1122,18.5,43.8,0.9252,2004,3,21,18,1,0,0,0,0,0,0,1
265,3.5,1501,12.6,1071,185,823,119.0,1744,1130,17.8,48.1,0.9689,2004,3,21,19,1,0,0,0,0,0,0,1
266,4.3,1605,15.1,1153,266,769,144.0,1840,1637,17.9,46.9,0.952,2004,3,21,20,1,0,0,0,0,0,0,1
267,2.8,1316,9.9,974,188,883,123.0,1673,1272,17.4,49.1,0.9688,2004,3,21,21,1,0,0,0,0,0,0,1
268,1.9,1195,8.0,898,122,933,105.0,1594,1098,17.0,51.7,0.9914,2004,3,21,22,1,0,0,0,0,0,0,1
269,1.9,1211,7.9,896,112,920,93.0,1624,1066,16.4,55.1,1.0198,2004,3,21,23,1,0,0,0,0,0,0,1
270,1.7,1161,6.1,815,93,995,86.0,1582,909,16.1,60.0,1.0919,2004,3,22,0,0,1,0,0,0,0,0,0
271,1.5,1095,5.1,767,74,1050,76.0,1547,818,15.8,60.5,1.0805,2004,3,22,1,0,1,0,0,0,0,0,0
272,0.6,897,1.7,563,23,1417,33.0,1355,472,16.3,57.0,1.0491,2004,3,22,2,0,1,0,0,0,0,0,0
277,1.2,1090,5.1,768,86,1072,76.0,1538,699,15.7,57.6,1.0195,2004,3,22,7,0,1,0,0,0,0,0,0
278,3.6,1514,17.7,1230,226,732,116.0,1996,1252,15.8,53.7,0.9571,2004,3,22,8,0,1,0,0,0,0,0,0
279,3.7,1379,18.4,1252,214,711,115.0,1962,1237,17.4,42.1,0.8281,2004,3,22,9,0,1,0,0,0,0,0,0
280,1.8,1074,6.9,854,115,1032,83.0,1484,772,17.9,38.4,0.7793,2004,3,22,10,0,1,0,0,0,0,0,0
281,1.6,1090,7.3,868,124,1026,87.0,1509,766,18.5,36.7,0.7764,2004,3,22,11,0,1,0,0,0,0,0,0
282,1.9,1110,9.6,964,122,947,90.0,1577,829,21.0,29.6,0.7263,2004,3,22,12,0,1,0,0,0,0,0,0
283,2.0,1102,10.4,994,107,955,87.0,1599,783,21.3,28.1,0.7067,2004,3,22,13,0,1,0,0,0,0,0,0
284,2.2,1100,11.2,1021,133,952,99.0,1607,822,21.3,26.1,0.6539,2004,3,22,14,0,1,0,0,0,0,0,0
285,2.1,1094,10.7,1003,130,965,99.0,1574,813,21.3,26.8,0.6681,2004,3,22,15,0,1,0,0,0,0,0,0
286,2.3,1076,11.6,1034,150,964,101.0,1544,813,21.3,24.2,0.606,2004,3,22,16,0,1,0,0,0,0,0,0
287,2.6,1152,12.4,1062,138,928,103.0,1606,850,20.2,28.5,0.6682,2004,3,22,17,0,1,0,0,0,0,0,0
288,3.8,1407,18.3,1249,213,720,129.0,1932,1276,17.0,43.1,0.8264,2004,3,22,18,0,1,0,0,0,0,0,0
289,4.4,1438,21.0,1325,232,678,143.0,1993,1401,15.6,47.4,0.8347,2004,3,22,19,0,1,0,0,0,0,0,0
290,4.5,1425,21.0,1325,238,678,146.0,1965,1356,15.3,47.4,0.8178,2004,3,22,20,0,1,0,0,0,0,0,0
291,3.3,1279,14.5,1131,180,775,124.0,1758,1243,14.5,49.7,0.8177,2004,3,22,21,0,1,0,0,0,0,0,0
292,2.0,1132,8.4,916,128,920,113.0,1561,1083,13.9,52.0,0.8231,2004,3,22,22,0,1,0,0,0,0,0,0
293,1.1,1006,4.3,729,65,1142,80.0,1370,795,14.5,49.4,0.8106,2004,3,22,23,0,1,0,0,0,0,0,0
294,0.9,982,3.8,700,53,1204,72.0,1359,735,13.8,51.4,0.8071,2004,3,23,0,0,0,1,0,0,0,0,0
295,0.8,969,2.7,636,47,1271,64.0,1309,684,14.0,51.3,0.8163,2004,3,23,1,0,0,1,0,0,0,0,0
296,0.7,941,2.5,621,51,1298,70.0,1330,714,13.0,56.8,0.8444,2004,3,23,2,0,0,1,0,0,0,0,0
301,1.1,1061,4.6,745,103,1178,88.0,1429,616,9.8,75.0,0.9093,2004,3,23,7,0,0,1,0,0,0,0,0
302,3.0,1441,14.2,1124,224,851,130.0,1829,1089,10.0,74.2,0.9117,2004,3,23,8,0,0,1,0,0,0,0,0
303,3.8,1498,21.0,1325,244,684,132.0,2095,1329,11.2,69.7,0.9232,2004,3,23,9,0,0,1,0,0,0,0,0
304,3.4,1343,16.2,1185,237,760,132.0,1857,1311,12.0,62.9,0.8803,2004,3,23,10,0,0,1,0,0,0,0,0
305,3.0,1308,15.5,1166,220,792,131.0,1794,1236,12.8,55.8,0.821,2004,3,23,11,0,0,1,0,0,0,0,0
306,2.7,1209,13.4,1097,207,837,129.0,1746,1147,13.1,54.8,0.8234,2004,3,23,12,0,0,1,0,0,0,0,0
307,3.5,1310,16.9,1207,208,770,132.0,1847,1301,13.8,53.4,0.8351,2004,3,23,13,0,0,1,0,0,0,0,0
308,2.8,1171,12.4,1064,160,881,110.0,1639,1097,16.0,42.4,0.7674,2004,3,23,14,0,0,1,0,0,0,0,0
309,1.9,1112,10.1,980,131,924,99.0,1589,900,14.1,49.8,0.7971,2004,3,23,15,0,0,1,0,0,0,0,0
310,2.0,1132,8.7,927,128,944,100.0,1570,781,12.0,61.1,0.8537,2004,3,23,16,0,0,1,0,0,0,0,0
311,3.0,1225,13.8,1111,176,818,122.0,1719,1013,13.6,54.6,0.8465,2004,3,23,17,0,0,1,0,0,0,0,0
312,1.9,1065,9.3,953,107,962,97.0,1514,790,13.7,49.5,0.7695,2004,3,23,18,0,0,1,0,0,0,0,0
313,2.7,1236,13.0,1084,131,854,112.0,1688,1059,11.7,57.1,0.7822,2004,3,23,19,0,0,1,0,0,0,0,0
314,3.3,1309,14.3,1126,166,812,128.0,1722,1205,11.5,58.2,0.7867,2004,3,23,20,0,0,1,0,0,0,0,0
315,1.7,1089,7.6,884,89,1006,101.0,1487,975,12.6,54.2,0.7881,2004,3,23,21,0,0,1,0,0,0,0,0
316,1.3,1000,5.3,776,81,1141,96.0,1375,896,12.0,54.9,0.7664,2004,3,23,22,0,0,1,0,0,0,0,0
317,1.3,1041,5.4,782,78,1105,86.0,1425,911,11.0,61.4,0.8057,2004,3,23,23,0,0,1,0,0,0,0,0
318,1.2,1045,4.9,756,70,1137,85.0,1411,902,11.1,62.2,0.8199,2004,3,24,0,0,0,0,1,0,0,0,0
319,1.1,997,4.6,744,76,1151,79.0,1405,832,10.8,62.5,0.8082,2004,3,24,1,0,0,0,1,0,0,0,0
320,0.9,948,2.7,634,43,1320,61.0,1326,715,11.3,60.0,0.8025,2004,3,24,2,0,0,0,1,0,0,0,0
325,1.2,1045,4.8,751,79,1186,75.0,1403,800,10.4,59.2,0.7455,2004,3,24,7,0,0,0,1,0,0,0,0
326,3.1,1383,13.8,1109,174,832,97.0,1706,1173,11.0,57.3,0.7501,2004,3,24,8,0,0,0,1,0,0,0,0
327,4.4,1597,23.7,1395,235,652,110.0,2080,1519,11.2,56.9,0.7565,2004,3,24,9,0,0,0,1,0,0,0,0
328,3.4,1318,14.2,1124,218,762,113.0,1770,1287,12.1,54.9,0.7734,2004,3,24,10,0,0,0,1,0,0,0,0
329,1.7,1138,8.0,898,136,950,88.0,1505,966,15.1,44.3,0.7535,2004,3,24,11,0,0,0,1,0,0,0,0
330,1.5,1098,6.7,842,117,1012,85.0,1440,828,15.6,40.6,0.7146,2004,3,24,12,0,0,0,1,0,0,0,0
331,1.7,1118,8.7,927,119,959,96.0,1477,825,16.9,34.6,0.6597,2004,3,24,13,0,0,0,1,0,0,0,0
332,2.2,1170,10.8,1009,126,879,106.0,1566,872,16.6,35.6,0.6697,2004,3,24,14,0,0,0,1,0,0,0,0
333,2.45,1112,6.7,842,100,1015,91.0,1494,680,11.3,63.9,0.8554,2004,3,24,15,0,0,0,1,0,0,0,0
334,2.7,1390,11.4,1028,197,829,126.0,1730,1002,9.6,81.1,0.972,2004,3,24,16,0,0,0,1,0,0,0,0
335,2.8,1353,13.4,1096,195,774,130.0,1783,1159,11.7,69.1,0.9497,2004,3,24,17,0,0,0,1,0,0,0,0
336,2.7,1260,12.0,1050,156,828,111.0,1722,979,10.7,68.5,0.8794,2004,3,24,18,0,0,0,1,0,0,0,0
337,4.5,1501,20.2,1302,247,681,134.0,2008,1311,10.7,67.3,0.8643,2004,3,24,19,0,0,0,1,0,0,0,0
338,3.5,1273,14.4,1130,190,795,136.0,1744,1071,10.8,65.7,0.8486,2004,3,24,20,0,0,0,1,0,0,0,0
339,2.6,1179,9.4,955,169,928,125.0,1571,899,10.3,66.3,0.8336,2004,3,24,21,0,0,0,1,0,0,0,0
340,1.7,1047,5.9,809,118,1064,108.0,1435,766,10.1,66.9,0.8248,2004,3,24,22,0,0,0,1,0,0,0,0
341,1.3,973,4.5,739,81,1186,87.0,1354,589,10.4,61.1,0.7717,2004,3,24,23,0,0,0,1,0,0,0,0
342,1.3,997,4.5,737,80,1168,89.0,1341,631,10.3,59.9,0.7516,2004,3,25,0,0,0,0,0,1,0,0,0
343,1.0,970,2.5,621,42,1400,58.0,1249,479,11.0,58.4,0.7686,2004,3,25,1,0,0,0,0,1,0,0,0
349,1.1,1038,3.8,697,84,1260,82.0,1383,605,8.1,79.0,0.8544,2004,3,25,7,0,0,0,0,1,0,0,0
350,2.7,1320,11.6,1035,184,902,112.0,1721,991,8.7,74.6,0.8429,2004,3,25,8,0,0,0,0,1,0,0,0
351,3.5,1353,17.8,1235,202,740,119.0,1937,1175,8.6,75.1,0.8415,2004,3,25,9,0,0,0,0,1,0,0,0
352,2.3,1133,8.8,933,133,969,99.0,1552,923,9.7,69.7,0.8389,2004,3,25,10,0,0,0,0,1,0,0,0
353,1.6,1066,6.8,849,130,1039,98.0,1468,829,11.0,64.4,0.8447,2004,3,25,11,0,0,0,0,1,0,0,0
354,1.3,1027,5.9,809,106,1081,88.0,1442,733,13.6,53.0,0.8209,2004,3,25,12,0,0,0,0,1,0,0,0
355,2.0,1106,8.9,935,132,958,96.0,1570,819,14.2,48.4,0.778,2004,3,25,13,0,0,0,0,1,0,0,0
356,1.9,1038,8.2,907,106,976,81.0,1492,723,14.2,46.3,0.7438,2004,3,25,14,0,0,0,0,1,0,0,0
357,1.9,1084,8.6,924,125,986,92.0,1501,786,16.0,41.3,0.7462,2004,3,25,15,0,0,0,0,1,0,0,0
358,2.2,1105,10.1,982,138,939,105.0,1545,850,17.7,35.4,0.7094,2004,3,25,16,0,0,0,0,1,0,0,0
359,2.0,1102,9.4,957,120,968,88.0,1527,820,17.1,37.4,0.7225,2004,3,25,17,0,0,0,0,1,0,0,0
360,2.9,1240,14.6,1137,158,836,103.0,1748,991,14.9,40.5,0.6835,2004,3,25,18,0,0,0,0,1,0,0,0
361,5.2,1443,24.6,1418,253,666,141.0,2060,1454,13.4,47.8,0.7293,2004,3,25,19,0,0,0,0,1,0,0,0
362,4.6,1389,21.6,1341,231,692,133.0,1982,1488,12.6,52.5,0.7642,2004,3,25,20,0,0,0,0,1,0,0,0
363,2.5,1183,10.3,989,150,904,119.0,1539,1205,12.2,53.2,0.7555,2004,3,25,21,0,0,0,0,1,0,0,0
364,1.5,1014,5.7,798,99,1083,106.0,1376,909,10.6,56.1,0.714,2004,3,25,22,0,0,0,0,1,0,0,0
365,1.2,979,4.5,736,75,1154,92.0,1324,769,9.9,59.5,0.7276,2004,3,25,23,0,0,0,0,1,0,0,0
366,1.7,1048,5.5,787,93,1098,97.0,1373,835,9.6,61.1,0.7323,2004,3,26,0,0,0,0,0,0,1,0,0
367,1.4,1024,4.8,753,79,1131,91.0,1357,793,9.7,61.6,0.7425,2004,3,26,1,0,0,0,0,0,1,0,0
368,1.2,974,3.6,690,67,1208,83.0,1313,733,9.4,62.6,0.7398,2004,3,26,2,0,0,0,0,0,1,0,0
370,0.7,925,2.2,602,45,1398,59.0,1263,562,8.0,69.4,0.7459,2004,3,26,4,0,0,0,0,0,1,0,0
371,0.8,952,3.0,654,72,1210,73.0,1312,832,7.7,72.4,0.7655,2004,3,26,5,0,0,0,0,0,1,0,0
372,0.9,1005,4.0,713,103,1130,78.0,1363,924,8.0,71.8,0.7711,2004,3,26,6,0,0,0,0,0,1,0,0
373,1.6,1122,6.7,842,132,1015,90.0,1438,974,8.5,66.3,0.7375,2004,3,26,7,0,0,0,0,0,1,0,0
374,3.4,1351,16.7,1201,239,783,110.0,1828,1307,9.8,59.6,0.7214,2004,3,26,8,0,0,0,0,0,1,0,0
375,3.8,1408,19.3,1278,275,682,114.0,1928,1481,11.2,57.0,0.7544,2004,3,26,9,0,0,0,0,0,1,0,0
376,3.1,1304,14.8,1142,232,772,119.0,1747,1405,14.8,44.1,0.7407,2004,3,26,10,0,0,0,0,0,1,0,0
377,2.7,1207,13.4,1098,180,826,121.0,1664,1195,16.8,35.3,0.6729,2004,3,26,11,0,0,0,0,0,1,0,0
378,2.0,1099,11.0,1014,112,948,97.0,1503,868,19.2,27.1,0.5976,2004,3,26,12,0,0,0,0,0,1,0,0
379,2.3,1106,12.5,1068,116,915,99.0,1535,874,19.1,26.2,0.5741,2004,3,26,13,0,0,0,0,0,1,0,0
380,1.9,1009,8.4,916,103,1015,85.0,1391,738,16.3,30.8,0.5683,2004,3,26,14,0,0,0,0,0,1,0,0
381,1.3,962,5.3,776,89,1152,75.0,1279,550,14.2,36.8,0.5922,2004,3,26,15,0,0,0,0,0,1,0,0
382,1.9,1093,8.8,933,112,976,87.0,1454,777,13.4,41.0,0.6292,2004,3,26,16,0,0,0,0,0,1,0,0
383,2.3,1180,11.2,1023,127,886,102.0,1588,966,14.2,43.3,0.6982,2004,3,26,17,0,0,0,0,0,1,0,0
384,2.4,1168,11.6,1037,125,868,105.0,1580,990,12.1,45.6,0.6403,2004,3,26,18,0,0,0,0,0,1,0,0
385,2.7,1168,12.4,1063,120,876,98.0,1540,944,10.4,48.0,0.6046,2004,3,26,19,0,0,0,0,0,1,0,0
386,2.6,1140,10.6,1000,120,916,93.0,1490,962,10.0,51.1,0.628,2004,3,26,20,0,0,0,0,0,1,0,0
387,1.5,1001,6.0,811,99,1097,91.0,1308,778,9.8,50.8,0.6172,2004,3,26,21,0,0,0,0,0,1,0,0
388,1.2,953,4.6,743,79,1185,85.0,1252,690,9.7,50.4,0.6063,2004,3,26,22,0,0,0,0,0,1,0,0
389,1.1,972,4.1,715,66,1237,74.0,1258,644,9.9,50.2,0.6103,2004,3,26,23,0,0,0,0,0,1,0,0
390,1.5,1021,5.2,776,94,1144,87.0,1307,753,9.4,53.4,0.63,2004,3,27,0,1,0,0,0,0,0,1,0
391,1.0,940,3.2,664,70,1290,79.0,1232,646,8.6,57.8,0.6488,2004,3,27,1,1,0,0,0,0,0,1,0
392,1.2,1046,4.5,736,75,1142,78.0,1312,838,8.1,62.1,0.6746,2004,3,27,2,1,0,0,0,0,0,1,0
393,1.1,1026,3.8,699,66,1191,70.5,1292,851,7.9,63.5,0.6777,2004,3,27,3,1,0,0,0,0,0,1,0
394,0.9500000000000001,983,3.8,698,57,1209,63.0,1296,801,7.4,64.8,0.6683,2004,3,27,4,1,0,0,0,0,0,1,0
395,0.8,915,1.9,578,32,1417,48.0,1212,665,8.2,58.9,0.6444,2004,3,27,5,1,0,0,0,0,0,1,0
396,0.9,935,2.4,615,54,1373,59.0,1250,717,6.3,66.6,0.641,2004,3,27,6,1,0,0,0,0,0,1,0
397,1.1,976,3.3,669,68,1270,65.0,1266,795,7.2,62.9,0.6396,2004,3,27,7,1,0,0,0,0,0,1,0
398,1.5,1124,6.7,842,98,1050,71.0,1418,936,7.2,63.9,0.65,2004,3,27,8,1,0,0,0,0,0,1,0
399,1.8,1163,8.5,919,128,922,84.0,1530,1076,11.1,50.5,0.6654,2004,3,27,9,1,0,0,0,0,0,1,0
400,2.1,1167,9.7,966,129,942,93.0,1520,1016,15.5,36.1,0.6313,2004,3,27,10,1,0,0,0,0,0,1,0
401,2.1,1121,9.4,955,130,992,99.0,1451,834,17.8,29.2,0.592,2004,3,27,11,1,0,0,0,0,0,1,0
402,1.9,1071,9.0,940,111,994,93.0,1449,756,17.6,30.1,0.6013,2004,3,27,12,1,0,0,0,0,0,1,0
403,2.1,1065,10.0,979,106,950,96.0,1467,766,19.1,26.8,0.5861,2004,3,27,13,1,0,0,0,0,0,1,0
404,2.5,1157,12.6,1072,137,888,114.0,1596,905,17.7,28.6,0.5735,2004,3,27,14,1,0,0,0,0,0,1,0
405,1.9,1046,7.6,883,113,1051,101.0,1357,765,17.8,28.4,0.5737,2004,3,27,15,1,0,0,0,0,0,1,0
406,2.2,1147,11.8,1042,122,934,108.0,1538,830,18.7,26.0,0.5555,2004,3,27,16,1,0,0,0,0,0,1,0
407,2.3,1119,11.2,1022,137,916,117.0,1508,853,17.1,31.3,0.6038,2004,3,27,17,1,0,0,0,0,0,1,0
408,2.7,1210,12.4,1062,165,886,125.0,1586,981,15.8,36.1,0.644,2004,3,27,18,1,0,0,0,0,0,1,0
409,3.0,1306,12.9,1079,196,827,133.0,1621,1286,14.7,40.1,0.6657,2004,3,27,19,1,0,0,0,0,0,1,0
410,2.8,1258,12.2,1057,174,841,119.0,1633,1244,13.6,44.9,0.6991,2004,3,27,20,1,0,0,0,0,0,1,0
411,2.2,1148,8.8,930,140,948,107.0,1475,1056,12.5,48.1,0.6946,2004,3,27,21,1,0,0,0,0,0,1,0
412,1.6,1108,6.8,848,102,1023,96.0,1421,1003,11.8,50.8,0.7042,2004,3,27,22,1,0,0,0,0,0,1,0
413,2.1,1231,8.6,924,130,906,105.0,1483,1245,10.9,56.1,0.7326,2004,3,27,23,1,0,0,0,0,0,1,0
414,2.3,1293,8.9,937,121,930,102.0,1464,1200,10.9,55.9,0.7277,2004,3,28,0,1,0,0,0,0,0,0,1
415,2.3,1274,8.3,912,111,939,97.0,1451,1188,10.3,58.1,0.7278,2004,3,28,1,1,0,0,0,0,0,0,1
416,1.7,1135,6.3,827,87,1013,79.0,1395,1070,9.3,62.2,0.7294,2004,3,28,2,1,0,0,0,0,0,0,1
417,2.2,1151,8.3,911,82,935,74.0,1501,1075,8.2,66.7,0.7276,2004,3,28,3,1,0,0,0,0,0,0,1
418,1.3,1010,5.1,769,77,1110,69.0,1396,895,8.3,64.9,0.7124,2004,3,28,4,1,0,0,0,0,0,0,1
419,0.8,870,2.6,626,39,1325,52.0,1284,755,9.6,58.5,0.7,2004,3,28,5,1,0,0,0,0,0,0,1
420,1.1,983,3.6,688,77,1251,62.0,1342,806,7.7,66.4,0.699,2004,3,28,6,1,0,0,0,0,0,0,1
421,1.4,995,3.6,691,91,1219,69.0,1321,836,7.4,68.0,0.7043,2004,3,28,7,1,0,0,0,0,0,0,1
422,1.3,1024,4.7,747,105,1136,75.0,1382,897,9.7,58.6,0.7035,2004,3,28,8,1,0,0,0,0,0,0,1
423,1.9,1163,7.5,880,133,959,83.0,1486,1073,12.5,50.1,0.7242,2004,3,28,9,1,0,0,0,0,0,0,1
424,2.3,1218,9.0,938,128,918,94.0,1501,1088,16.8,36.9,0.7018,2004,3,28,10,1,0,0,0,0,0,0,1
425,2.3,1210,9.5,958,126,933,96.0,1514,1036,19.2,31.3,0.6887,2004,3,28,11,1,0,0,0,0,0,0,1
426,1.8,1114,7.7,887,92,1020,86.0,1438,768,21.3,26.4,0.6607,2004,3,28,12,1,0,0,0,0,0,0,1
427,1.4,995,5.7,796,66,1159,72.0,1287,587,21.2,23.1,0.5768,2004,3,28,13,1,0,0,0,0,0,0,1
428,1.0,927,3.8,700,50,1285,53.0,1189,452,18.6,25.0,0.5319,2004,3,28,14,1,0,0,0,0,0,0,1
429,1.4,1002,4.8,754,70,1189,65.0,1260,470,18.0,27.3,0.5594,2004,3,28,15,1,0,0,0,0,0,0,1
430,1.3,987,4.3,727,73,1213,70.0,1244,502,18.2,28.3,0.5848,2004,3,28,16,1,0,0,0,0,0,0,1
431,1.3,993,4.1,714,77,1217,75.0,1238,516,17.0,31.4,0.6048,2004,3,28,17,1,0,0,0,0,0,0,1
432,1.4,1012,4.7,746,86,1174,86.0,1301,555,15.6,35.0,0.617,2004,3,28,18,1,0,0,0,0,0,0,1
433,1.9,1114,6.2,823,93,1068,94.0,1357,671,14.1,40.2,0.6438,2004,3,28,19,1,0,0,0,0,0,0,1
434,1.8,1093,5.5,789,105,1102,103.0,1329,788,13.4,43.2,0.6623,2004,3,28,20,1,0,0,0,0,0,0,1
435,1.1,968,3.3,669,67,1261,81.0,1246,538,12.3,46.8,0.6686,2004,3,28,21,1,0,0,0,0,0,0,1
436,1.1,960,3.2,666,63,1266,80.0,1224,544,11.9,46.5,0.6449,2004,3,28,22,1,0,0,0,0,0,0,1
437,1.1,942,2.9,648,63,1300,77.0,1204,500,11.5,46.6,0.6319,2004,3,28,23,1,0,0,0,0,0,0,1
438,0.9,888,2.2,598,46,1396,58.0,1156,417,10.6,48.0,0.6135,2004,3,29,0,0,1,0,0,0,0,0,0
444,0.9,946,2.9,643,76,1309,75.0,1232,760,9.9,50.7,0.6167,2004,3,29,6,0,1,0,0,0,0,0,0
445,2.9,1309,14.3,1125,181,844,103.0,1687,1183,8.1,56.8,0.615,2004,3,29,7,0,1,0,0,0,0,0,0
446,4.1,1326,19.7,1289,259,714,134.0,1806,1431,10.9,44.1,0.5748,2004,3,29,8,0,1,0,0,0,0,0,0
447,1.5,966,5.5,786,118,1111,98.0,1258,705,11.8,37.6,0.5184,2004,3,29,9,0,1,0,0,0,0,0,0
448,1.5,975,5.6,793,119,1133,97.0,1254,637,13.9,33.2,0.5222,2004,3,29,10,0,1,0,0,0,0,0,0
449,1.5,988,5.8,803,123,1105,98.0,1293,658,15.6,30.1,0.5285,2004,3,29,11,0,1,0,0,0,0,0,0
450,1.4,971,5.5,786,92,1129,78.0,1272,546,16.5,29.0,0.5406,2004,3,29,12,0,1,0,0,0,0,0,0
451,1.6,1010,6.5,833,91,1070,83.0,1332,561,17.5,27.9,0.5517,2004,3,29,13,0,1,0,0,0,0,0,0
452,1.5,984,5.5,790,103,1131,92.0,1268,532,17.9,26.8,0.5446,2004,3,29,14,0,1,0,0,0,0,0,0
453,1.4,962,5.2,776,102,1131,81.0,1247,535,18.2,26.1,0.5387,2004,3,29,15,0,1,0,0,0,0,0,0
454,1.5,1012,5.8,801,94,1098,90.0,1289,525,18.0,27.1,0.5522,2004,3,29,16,0,1,0,0,0,0,0,0
455,1.9,1058,7.9,896,98,996,95.0,1358,603,17.0,28.9,0.5558,2004,3,29,17,0,1,0,0,0,0,0,0
456,2.5,1173,10.2,985,126,905,114.0,1477,802,16.1,31.3,0.568,2004,3,29,18,0,1,0,0,0,0,0,0
457,2.1,1127,8.2,907,108,957,106.0,1404,796,14.5,35.4,0.5839,2004,3,29,19,0,1,0,0,0,0,0,0
458,1.6,1020,5.7,797,95,1066,99.0,1302,689,13.2,37.9,0.5733,2004,3,29,20,0,1,0,0,0,0,0,0
459,1.2,949,3.8,700,78,1221,90.0,1178,553,13.1,34.4,0.517,2004,3,29,21,0,1,0,0,0,0,0,0
460,1.1,930,4.0,710,61,1278,82.0,1137,509,13.5,28.5,0.4405,2004,3,29,22,0,1,0,0,0,0,0,0
461,1.0,900,2.8,643,55,1339,74.0,1089,455,12.4,31.9,0.4583,2004,3,29,23,0,1,0,0,0,0,0,0
462,1.0,899,2.6,630,57,1418,76.0,1050,425,13.1,26.8,0.4023,2004,3,30,0,0,0,1,0,0,0,0,0
464,0.7,900,1.7,563,46,1402,73.0,1130,618,10.5,42.9,0.5442,2004,3,30,2,0,0,1,0,0,0,0,0
467,0.7,956,2.3,605,52,1341,71.0,1117,691,12.9,33.9,0.5037,2004,3,30,5,0,0,1,0,0,0,0,0
468,1.1,1054,5.3,779,111,1080,98.0,1266,1013,11.3,40.3,0.5376,2004,3,30,6,0,0,1,0,0,0,0,0
469,2.6,1343,13.4,1096,191,839,115.0,1587,1311,11.9,38.4,0.5341,2004,3,30,7,0,0,1,0,0,0,0,0
470,4.0,1584,23.8,1399,244,642,130.0,1947,1675,13.3,35.6,0.5416,2004,3,30,8,0,0,1,0,0,0,0,0
471,4.2,1556,21.5,1337,283,674,150.0,1852,1689,16.3,28.8,0.5305,2004,3,30,9,0,0,1,0,0,0,0,0
472,4.7,1565,21.0,1324,320,695,159.0,1872,1688,17.9,28.2,0.5741,2004,3,30,10,0,0,1,0,0,0,0,0
473,3.9,1429,18.4,1251,249,734,146.0,1754,1548,18.3,26.6,0.5529,2004,3,30,11,0,0,1,0,0,0,0,0
474,3.7,1419,18.9,1267,219,742,138.0,1763,1490,20.8,22.5,0.5463,2004,3,30,12,0,0,1,0,0,0,0,0
475,3.4,1373,17.1,1213,200,791,128.0,1711,1354,22.4,20.0,0.5352,2004,3,30,13,0,0,1,0,0,0,0,0
476,2.2,1185,10.4,992,138,942,97.0,1448,1014,20.9,21.7,0.5295,2004,3,30,14,0,0,1,0,0,0,0,0
477,1.9,1122,8.0,897,118,991,91.0,1372,831,19.1,26.5,0.579,2004,3,30,15,0,0,1,0,0,0,0,0
478,1.6,1085,6.2,820,99,1060,81.0,1325,699,18.1,30.6,0.6295,2004,3,30,16,0,0,1,0,0,0,0,0
479,2.1,1249,9.7,968,112,874,99.0,1527,926,17.3,34.7,0.6788,2004,3,30,17,0,0,1,0,0,0,0,0
480,2.2,1236,9.6,962,117,853,101.0,1532,928,15.8,40.4,0.7228,2004,3,30,18,0,0,1,0,0,0,0,0
481,2.7,1334,11.9,1047,129,815,106.0,1638,1038,15.9,42.0,0.7541,2004,3,30,19,0,0,1,0,0,0,0,0
482,2.4,1264,8.7,928,132,884,102.0,1534,1035,15.9,43.5,0.779,2004,3,30,20,0,0,1,0,0,0,0,0
483,1.3,1073,4.7,746,73,1072,84.0,1360,789,15.0,46.1,0.7833,2004,3,30,21,0,0,1,0,0,0,0,0
484,1.2,1053,3.8,701,68,1147,81.0,1323,692,15.1,44.6,0.7574,2004,3,30,22,0,0,1,0,0,0,0,0
485,1.5,1098,4.7,747,80,1094,91.0,1360,764,14.9,43.5,0.7302,2004,3,30,23,0,0,1,0,0,0,0,0
486,1.3,1029,3.8,702,68,1180,82.0,1287,639,14.8,41.0,0.685,2004,3,31,0,0,0,0,1,0,0,0,0
487,1.0,973,2.7,631,44,1287,64.0,1240,541,14.8,40.8,0.6814,2004,3,31,1,0,0,0,1,0,0,0,0
488,0.9,972,2.8,639,47,1222,70.0,1256,678,14.8,40.8,0.6834,2004,3,31,2,0,0,0,1,0,0,0,0
492,1.0,1038,3.5,684,85,1220,93.0,1279,688,14.4,38.5,0.6291,2004,3,31,6,0,0,0,1,0,0,0,0
493,3.1,1636,15.6,1168,207,721,110.0,1926,1438,13.8,58.2,0.9129,2004,3,31,7,0,0,0,1,0,0,0,0
494,4.1,1580,19.9,1295,230,639,115.0,1957,1489,13.2,61.1,0.9256,2004,3,31,8,0,0,0,1,0,0,0,0
495,2.2,1262,8.6,924,181,872,125.0,1576,1093,10.4,74.4,0.9384,2004,3,31,9,0,0,0,1,0,0,0,0
496,1.7,1197,6.5,837,144,957,118.0,1498,965,11.5,71.0,0.9582,2004,3,31,10,0,0,0,1,0,0,0,0
497,1.9,1277,7.7,886,140,902,109.0,1579,1004,12.2,70.0,0.9924,2004,3,31,11,0,0,0,1,0,0,0,0
498,2.9,1430,11.3,1025,204,779,123.0,1772,1166,12.3,73.3,1.0442,2004,3,31,12,0,0,0,1,0,0,0,0
499,2.2,1242,9.1,944,149,846,114.0,1638,991,11.3,78.1,1.0411,2004,3,31,13,0,0,0,1,0,0,0,0
500,2.6,1349,11.2,1023,171,804,114.0,1748,1054,13.6,69.2,1.0746,2004,3,31,14,0,0,0,1,0,0,0,0
501,3.1,1390,13.5,1100,195,755,119.0,1799,1192,14.9,59.3,0.9974,2004,3,31,15,0,0,0,1,0,0,0,0
502,2.3,1224,10.1,980,152,850,111.0,1637,1055,15.7,50.9,0.8997,2004,3,31,16,0,0,0,1,0,0,0,0
503,2.4,1253,11.3,1026,128,810,103.0,1681,1048,15.2,52.9,0.9087,2004,3,31,17,0,0,0,1,0,0,0,0
504,2.8,1312,11.8,1041,121,821,103.0,1712,1073,15.5,50.8,0.8881,2004,3,31,18,0,0,0,1,0,0,0,0
505,2.7,1254,11.5,1033,142,819,107.0,1669,1068,14.3,52.9,0.8581,2004,3,31,19,0,0,0,1,0,0,0,0
506,2.3,1198,9.3,953,131,882,105.0,1588,1019,13.2,56.0,0.8446,2004,3,31,20,0,0,0,1,0,0,0,0
507,1.5,1060,5.5,787,81,1044,91.0,1418,833,12.6,57.0,0.8315,2004,3,31,21,0,0,0,1,0,0,0,0
508,1.4,1050,5.1,769,60,1078,79.0,1409,759,12.3,57.8,0.8224,2004,3,31,22,0,0,0,1,0,0,0,0
509,1.2,1029,4.8,754,57,1098,79.0,1395,749,12.0,58.4,0.8164,2004,3,31,23,0,0,0,1,0,0,0,0
510,1.6,1143,6.3,825,96,986,86.0,1477,978,12.0,61.6,0.8593,2004,4,1,0,0,0,0,0,1,0,0,0
511,1.2,1044,5.1,770,85,1031,70.0,1425,944,11.5,63.9,0.8652,2004,4,1,1,0,0,0,0,1,0,0,0
512,1.1,1034,4.1,716,50,1085,55.0,1405,891,10.7,67.2,0.863,2004,4,1,2,0,0,0,0,1,0,0,0
513,0.9,956,4.0,713,53,1099,52.0,1422,849,9.0,73.1,0.8394,2004,4,1,3,0,0,0,0,1,0,0,0
514,0.7,909,2.4,615,57,1237,49.0,1322,790,10.2,66.6,0.8299,2004,4,1,4,0,0,0,0,1,0,0,0
515,0.9,996,2.9,648,64,1176,50.0,1340,852,11.0,63.7,0.8325,2004,4,1,5,0,0,0,0,1,0,0,0
516,1.7,1154,7.4,876,153,1002,67.0,1561,987,9.6,68.8,0.8243,2004,4,1,6,0,0,0,0,1,0,0,0
517,4.2,1510,19.8,1291,342,675,94.0,1949,1435,9.5,69.6,0.8273,2004,4,1,7,0,0,0,0,1,0,0,0
519,4.6,1512,21.0,1323,304,631,139.0,2001,1677,16.2,48.6,0.8892,2004,4,1,9,0,0,0,0,1,0,0,0
520,2.8,1258,11.7,1040,192,800,113.0,1701,1282,19.2,39.6,0.8693,2004,4,1,10,0,0,0,0,1,0,0,0
521,1.6,1094,6.8,850,130,970,88.0,1489,871,19.7,38.4,0.8743,2004,4,1,11,0,0,0,0,1,0,0,0
522,1.7,1129,7.4,875,106,974,73.0,1524,759,20.6,36.7,0.8797,2004,4,1,12,0,0,0,0,1,0,0,0
523,1.7,1125,8.6,924,102,937,73.0,1542,790,21.8,33.9,0.8771,2004,4,1,13,0,0,0,0,1,0,0,0
524,1.7,1170,10.549999999999999,991,99,901,72.0,1454,889,22.25,32.3,0.85565,2004,4,1,14,0,0,0,0,1,0,0,0
525,1.9,1216,12.5,1058,108,865,81.0,1367,988,22.700000000000003,30.7,0.8342,2004,4,1,15,0,0,0,0,1,0,0,0
526,2.3,1262,14.45,1125,131,829,93.0,1280,1087,23.150000000000002,29.1,0.81275,2004,4,1,16,0,0,0,0,1,0,0,0
527,3.3,1308,16.4,1193,163,793,106.0,1193,1187,23.6,27.5,0.7913,2004,4,1,17,0,0,0,0,1,0,0,0
528,4.2,1529,21.2,1331,211,700,132.0,2028,1399,22.8,32.1,0.8814,2004,4,1,18,0,0,0,0,1,0,0,0
529,5.5,1592,25.0,1429,267,624,164.0,2089,1644,20.8,36.7,0.8878,2004,4,1,19,0,0,0,0,1,0,0,0
530,4.9,1536,20.2,1302,269,666,161.0,1922,1599,18.3,40.9,0.8493,2004,4,1,20,0,0,0,0,1,0,0,0
531,2.5,1192,10.8,1007,154,827,124.0,1604,1223,16.8,44.0,0.8341,2004,4,1,21,0,0,0,0,1,0,0,0
532,2.0,1186,9.9,976,127,844,113.0,1570,1200,15.8,48.0,0.8569,2004,4,1,22,0,0,0,0,1,0,0,0
533,2.0,1203,8.5,920,122,898,103.0,1529,1118,14.9,52.0,0.8757,2004,4,1,23,0,0,0,0,1,0,0,0
534,2.0,1139,8.0,899,126,921,104.0,1514,1067,14.1,54.4,0.8701,2004,4,2,0,0,0,0,0,0,1,0,0
535,1.3,1072,5.6,795,84,986,93.0,1442,1048,13.3,58.8,0.8922,2004,4,2,1,0,0,0,0,0,1,0,0
536,1.0,954,3.2,667,58,1180,60.0,1350,718,13.3,60.9,0.9229,2004,4,2,2,0,0,0,0,0,1,0,0
537,0.9,951,3.3,673,47,1137,56.0,1381,797,11.8,64.3,0.8869,2004,4,2,3,0,0,0,0,0,1,0,0
538,0.8,926,2.8,638,37,1195,52.0,1342,749,11.2,65.9,0.8775,2004,4,2,4,0,0,0,0,0,1,0,0
539,0.7,968,2.6,628,56,1197,66.0,1372,737,11.3,72.9,0.9738,2004,4,2,5,0,0,0,0,0,1,0,0
540,1.1,1067,4.3,727,91,1055,82.0,1448,903,11.4,71.8,0.9671,2004,4,2,6,0,0,0,0,0,1,0,0
541,2.6,1386,13.0,1083,159,798,109.0,1833,1159,11.9,73.7,1.0254,2004,4,2,7,0,0,0,0,0,1,0,0
542,3.9,1474,20.3,1306,190,634,114.0,2060,1365,12.6,70.2,1.0221,2004,4,2,8,0,0,0,0,0,1,0,0
543,5.0,1569,20.7,1316,249,634,139.0,2054,1510,13.6,65.3,1.0136,2004,4,2,9,0,0,0,0,0,1,0,0
544,3.3,1375,15.9,1177,196,706,127.0,1898,1386,16.9,52.3,1.0013,2004,4,2,10,0,0,0,0,0,1,0,0
545,2.9,1328,14.2,1123,180,738,127.0,1821,1368,19.4,44.1,0.9855,2004,4,2,11,0,0,0,0,0,1,0,0
546,3.1,1341,15.9,1176,167,748,135.0,1825,1347,22.9,33.8,0.9322,2004,4,2,12,0,0,0,0,0,1,0,0
547,3.0,1297,16.1,1183,159,765,130.0,1773,1242,23.6,31.3,0.9001,2004,4,2,13,0,0,0,0,0,1,0,0
548,2.7,1303,14.7,1139,152,790,126.0,1761,1138,24.7,30.5,0.9371,2004,4,2,14,0,0,0,0,0,1,0,0
549,2.7,1281,14.0,1116,149,809,121.0,1703,1080,26.1,27.3,0.9101,2004,4,2,15,0,0,0,0,0,1,0,0
550,2.6,1248,13.6,1103,143,872,122.0,1632,1002,27.6,22.8,0.8288,2004,4,2,16,0,0,0,0,0,1,0,0
551,3.7,1382,19.7,1288,185,778,138.0,1799,1212,26.9,22.3,0.7792,2004,4,2,17,0,0,0,0,0,1,0,0
552,4.5,1491,23.3,1385,223,685,165.0,1915,1486,24.3,30.1,0.9012,2004,4,2,18,0,0,0,0,0,1,0,0
553,4.7,1620,24.1,1407,215,641,154.0,2052,1567,21.2,40.1,0.9978,2004,4,2,19,0,0,0,0,0,1,0,0
554,5.5,1693,25.4,1439,271,618,168.0,2083,1723,19.4,42.5,0.9483,2004,4,2,20,0,0,0,0,0,1,0,0
555,3.0,1374,14.1,1121,180,771,146.0,1685,1399,18.5,43.0,0.9074,2004,4,2,21,0,0,0,0,0,1,0,0
556,1.9,1287,10.1,982,115,841,124.0,1582,1291,17.8,47.0,0.9467,2004,4,2,22,0,0,0,0,0,1,0,0
557,2.3,1408,12.1,1052,149,761,124.0,1684,1443,16.8,53.2,1.01,2004,4,2,23,0,0,0,0,0,1,0,0
558,1.6,1254,9.0,941,98,828,106.0,1566,1270,17.1,51.8,0.999,2004,4,3,0,1,0,0,0,0,0,1,0
559,1.3,1141,6.3,827,73,936,88.0,1488,1110,16.2,54.2,0.9933,2004,4,3,1,1,0,0,0,0,0,1,0
560,1.2,1141,5.3,777,69,986,83.0,1455,1060,15.1,58.2,0.9886,2004,4,3,2,1,0,0,0,0,0,1,0
561,0.9,1042,3.8,697,64,1056,78.5,1410,965,15.1,57.6,0.9796,2004,4,3,3,1,0,0,0,0,0,1,0
562,0.8,986,3.0,651,60,1145,74.0,1380,891,14.5,58.0,0.9488,2004,4,3,4,1,0,0,0,0,0,1,0
563,0.8,1005,3.3,673,56,1103,64.0,1387,905,13.7,61.6,0.9631,2004,4,3,5,1,0,0,0,0,0,1,0
564,0.9,1041,3.5,683,73,1112,69.0,1398,899,13.9,59.6,0.9408,2004,4,3,6,1,0,0,0,0,0,1,0
565,2.0,1272,9.5,959,159,846,91.0,1660,1136,13.3,61.7,0.9399,2004,4,3,7,1,0,0,0,0,0,1,0
566,3.0,1436,15.2,1154,203,704,96.0,1872,1391,15.1,55.8,0.9486,2004,4,3,8,1,0,0,0,0,0,1,0
567,3.1,1472,14.3,1126,211,720,106.0,1816,1460,17.0,50.5,0.9684,2004,4,3,9,1,0,0,0,0,0,1,0
568,3.1,1418,11.2,1023,211,785,106.36734693877551,1720,1410,19.7,43.3,0.9837,2004,4,3,10,1,0,0,0,0,0,1,0
569,3.1,1410,11.4,1030,212,781,106.73469387755102,1743,1372,20.7,41.7,1.0092,2004,4,3,11,1,0,0,0,0,0,1,0
570,3.1,1438,13.4,1096,212,781,107.10204081632654,1779,1266,23.3,35.8,1.0098,2004,4,3,12,1,0,0,0,0,0,1,0
571,3.1,1278,10.6,1000,213,866,107.46938775510205,1621,1014,23.8,30.5,0.8897,2004,4,3,13,1,0,0,0,0,0,1,0
572,3.1,1257,10.8,1006,213,915,107.83673469387755,1573,870,24.8,27.0,0.8325,2004,4,3,14,1,0,0,0,0,0,1,0
573,3.1,1331,11.9,1046,214,882,108.20408163265306,1635,905,25.0,27.5,0.8575,2004,4,3,15,1,0,0,0,0,0,1,0
574,3.1,1361,13.5,1102,214,834,108.57142857142857,1704,991,25.8,26.5,0.8675,2004,4,3,16,1,0,0,0,0,0,1,0
575,3.1,1398,15.2,1156,215,812,108.93877551020408,1722,1076,25.1,27.1,0.8496,2004,4,3,17,1,0,0,0,0,0,1,0
576,3.1,1483,17.1,1213,215,764,109.3061224489796,1798,1249,23.7,28.6,0.8273,2004,4,3,18,1,0,0,0,0,0,1,0
577,3.1,1697,26.7,1471,216,625,109.6734693877551,2153,1548,22.1,36.8,0.9681,2004,4,3,19,1,0,0,0,0,0,1,0
578,3.1,1459,14.2,1124,216,736,110.04081632653062,1823,1300,19.9,47.5,1.0912,2004,4,3,20,1,0,0,0,0,0,1,0
579,3.1,1268,8.5,918,217,873,110.40816326530613,1602,1029,18.7,50.4,1.0772,2004,4,3,21,1,0,0,0,0,0,1,0
580,3.1,1469,14.3,1128,217,762,110.77551020408163,1870,1207,18.1,51.3,1.0587,2004,4,3,22,1,0,0,0,0,0,1,0
581,3.1,1316,9.3,952,218,847,111.14285714285714,1644,1047,17.5,53.8,1.0648,2004,4,3,23,1,0,0,0,0,0,1,0
582,3.1,1224,7.8,892,218,884,111.51020408163265,1580,923,16.7,56.5,1.0634,2004,4,4,0,1,0,0,0,0,0,0,1
583,3.1,1215,6.7,843,219,929,111.87755102040816,1551,862,15.9,59.2,1.0635,2004,4,4,1,1,0,0,0,0,0,0,1
584,3.1,1115,5.4,782,219,980,112.24489795918367,1500,752,15.2,62.4,1.0726,2004,4,4,2,1,0,0,0,0,0,0,1
585,3.1,1124,5.6,793,220,965,112.61224489795919,1521,791,14.7,65.0,1.0766,2004,4,4,3,1,0,0,0,0,0,0,1
586,3.1,1028,3.5,682,220,1090,112.9795918367347,1448,697,14.3,65.3,1.0594,2004,4,4,4,1,0,0,0,0,0,0,1
587,3.1,1010,3.0,650,221,1171,113.34693877551021,1434,664,13.7,66.5,1.0393,2004,4,4,5,1,0,0,0,0,0,0,1
588,3.1,1074,4.4,731,221,1020,113.71428571428571,1488,891,12.9,69.1,1.0264,2004,4,4,6,1,0,0,0,0,0,0,1
589,3.1,1034,3.5,684,222,1110,114.08163265306122,1423,813,13.7,64.8,1.0135,2004,4,4,7,1,0,0,0,0,0,0,1
590,3.1,1130,4.2,720,222,1063,114.44897959183673,1461,828,15.3,59.0,1.0181,2004,4,4,8,1,0,0,0,0,0,0,1
591,3.1,1275,8.0,900,223,868,114.81632653061224,1634,1057,18.1,49.8,1.0272,2004,4,4,9,1,0,0,0,0,0,0,1
592,3.1,1324,9.0,939,223,846,115.18367346938776,1658,1011,21.5,40.7,1.0301,2004,4,4,10,1,0,0,0,0,0,0,1
593,3.1,1268,8.1,902,224,906,115.55102040816327,1589,932,23.3,37.1,1.0457,2004,4,4,11,1,0,0,0,0,0,0,1
594,3.1,1272,8.6,924,224,895,115.91836734693878,1603,881,25.1,33.8,1.0594,2004,4,4,12,1,0,0,0,0,0,0,1
595,3.1,1160,7.1,860,225,969,116.28571428571429,1531,646,25.6,32.1,1.0393,2004,4,4,13,1,0,0,0,0,0,0,1
596,3.1,1136,5.6,792,225,1057,116.65306122448979,1476,536,25.8,31.1,1.0143,2004,4,4,14,1,0,0,0,0,0,0,1
597,3.1,1296,10.0,977,226,863,117.0204081632653,1642,746,26.1,30.8,1.0253,2004,4,4,15,1,0,0,0,0,0,0,1
598,3.1,1345,10.5,996,226,841,117.38775510204081,1678,833,24.4,36.0,1.085,2004,4,4,16,1,0,0,0,0,0,0,1
599,3.1,1296,10.1,983,227,845,117.75510204081633,1626,802,23.0,36.2,1.0053,2004,4,4,17,1,0,0,0,0,0,0,1
600,3.1,1258,10.0,977,227,838,118.12244897959184,1636,838,22.1,39.3,1.0336,2004,4,4,18,1,0,0,0,0,0,0,1
601,3.1,1420,13.0,1085,228,755,118.48979591836735,1756,1051,19.8,44.6,1.0208,2004,4,4,19,1,0,0,0,0,0,0,1
602,3.1,1366,10.5,997,228,830,118.85714285714286,1673,1041,18.5,48.9,1.0323,2004,4,4,20,1,0,0,0,0,0,0,1
603,3.1,1113,5.2,772,229,989,119.22448979591837,1493,646,16.6,56.1,1.0481,2004,4,4,21,1,0,0,0,0,0,0,1
604,3.1,1196,6.9,853,229,909,119.59183673469389,1556,769,15.8,58.8,1.0464,2004,4,4,22,1,0,0,0,0,0,0,1
605,3.1,1188,6.4,829,230,930,119.95918367346938,1540,785,15.3,60.8,1.0501,2004,4,4,23,1,0,0,0,0,0,0,1
606,3.1,1102,4.7,750,230,1007,120.3265306122449,1470,613,14.7,64.4,1.0717,2004,4,5,0,0,1,0,0,0,0,0,0
607,3.1,969,2.4,611,231,1239,120.6938775510204,1330,430,14.8,63.3,1.0584,2004,4,5,1,0,1,0,0,0,0,0,0
608,3.1,983,2.2,600,231,1233,121.06122448979592,1375,485,15.0,61.5,1.0418,2004,4,5,2,0,1,0,0,0,0,0,0
611,3.1,1024,3.1,658,233,1175,122.16326530612245,1417,682,13.5,63.9,0.9809,2004,4,5,5,0,1,0,0,0,0,0,0
612,3.1,1126,6.2,822,233,945,122.53061224489795,1541,927,12.9,65.3,0.9688,2004,4,5,6,0,1,0,0,0,0,0,0
613,3.1,1415,13.2,1089,234,767,122.89795918367346,1795,1192,13.4,62.5,0.9582,2004,4,5,7,0,1,0,0,0,0,0,0
614,3.1,1631,25.8,1449,234,570,123.26530612244898,2299,1615,14.5,58.8,0.963,2004,4,5,8,0,1,0,0,0,0,0,0
615,3.1,1499,18.2,1247,235,647,123.63265306122449,1972,1505,15.3,56.7,0.9773,2004,4,5,9,0,1,0,0,0,0,0,0
616,3.1,1461,14.3,1127,236,703,124.0,1836,1451,15.6,57.4,1.0075,2004,4,5,10,0,1,0,0,0,0,0,0
617,3.0,1430,13.7,1107,228,713,121.0,1853,1409,16.6,55.2,1.0382,2004,4,5,11,0,1,0,0,0,0,0,0
618,3.2,1498,15.7,1171,206,684,114.0,1942,1434,17.0,54.3,1.0434,2004,4,5,12,0,1,0,0,0,0,0,0
619,3.1,1454,15.4,1162,188,682,114.0,1915,1457,18.0,51.5,1.0552,2004,4,5,13,0,1,0,0,0,0,0,0
620,2.5,1402,12.6,1069,158,733,106.0,1793,1325,19.5,47.5,1.0653,2004,4,5,14,0,1,0,0,0,0,0,0
621,2.1,1327,9.8,971,124,803,89.0,1705,1120,21.6,41.7,1.0606,2004,4,5,15,0,1,0,0,0,0,0,0
622,2.0,1273,9.6,963,98,832,82.0,1662,931,22.2,38.3,1.0106,2004,4,5,16,0,1,0,0,0,0,0,0
623,3.2,1457,16.3,1190,160,678,111.0,1877,1212,20.3,42.8,1.0053,2004,4,5,17,0,1,0,0,0,0,0,0
624,4.1,1543,19.8,1290,194,631,132.0,2011,1353,19.7,45.4,1.0312,2004,4,5,18,0,1,0,0,0,0,0,0
625,3.9,1499,18.0,1239,174,651,121.0,1957,1359,18.8,47.5,1.0199,2004,4,5,19,0,1,0,0,0,0,0,0
626,3.1,1378,13.6,1102,157,742,116.0,1796,1273,17.9,49.4,1.0064,2004,4,5,20,0,1,0,0,0,0,0,0
627,2.0,1243,8.7,928,109,852,100.0,1622,1079,17.5,50.9,1.009,2004,4,5,21,0,1,0,0,0,0,0,0
628,1.7,1196,7.7,885,85,884,89.0,1589,973,17.4,51.8,1.023,2004,4,5,22,0,1,0,0,0,0,0,0
629,1.6,1137,7.3,869,90,890,92.0,1554,951,17.0,53.9,1.0363,2004,4,5,23,0,1,0,0,0,0,0,0
630,1.0,1015,4.1,718,61,1065,71.0,1428,714,16.6,55.4,1.0408,2004,4,6,0,0,0,1,0,0,0,0,0
631,0.8,978,2.7,635,36,1188,51.0,1382,579,15.9,57.0,1.0224,2004,4,6,1,0,0,1,0,0,0,0,0
632,0.5,933,1.5,547,25,1357,39.0,1336,542,15.0,59.2,1.0059,2004,4,6,2,0,0,1,0,0,0,0,0
633,0.5,927,1.9,579,24,1267,37.0,1370,562,14.5,61.4,1.0041,2004,4,6,3,0,0,1,0,0,0,0,0
634,0.5,908,1.8,569,24,1303,35.0,1360,526,14.1,61.6,0.9883,2004,4,6,4,0,0,1,0,0,0,0,0
635,0.8,980,3.4,677,73,1141,64.0,1435,659,14.6,58.8,0.9711,2004,4,6,5,0,0,1,0,0,0,0,0
636,1.7,1236,8.5,920,164,880,94.0,1641,1012,14.4,58.9,0.9594,2004,4,6,6,0,0,1,0,0,0,0,0
637,4.5,1664,24.1,1407,329,594,134.0,2198,1564,15.3,55.2,0.9538,2004,4,6,7,0,0,1,0,0,0,0,0
639,4.4,1524,22.0,1350,256,588,125.0,2096,1604,18.4,46.3,0.9734,2004,4,6,9,0,0,1,0,0,0,0,0
640,2.9,1329,14.1,1119,182,707,107.0,1823,1288,19.6,41.8,0.9407,2004,4,6,10,0,0,1,0,0,0,0,0
641,1.6,1167,7.6,884,105,881,78.0,1580,931,20.2,40.1,0.937,2004,4,6,11,0,0,1,0,0,0,0,0
642,2.6,1369,14.5,1132,136,715,91.0,1818,1162,20.9,36.6,0.8939,2004,4,6,12,0,0,1,0,0,0,0,0
643,2.9,1284,13.6,1103,167,755,116.0,1704,1064,20.4,34.7,0.8229,2004,4,6,13,0,0,1,0,0,0,0,0
644,2.5,1221,11.5,1032,166,811,131.0,1630,913,19.3,35.4,0.7813,2004,4,6,14,0,0,1,0,0,0,0,0
645,1.9,1096,9.2,947,115,872,113.0,1519,684,18.6,36.9,0.7829,2004,4,6,15,0,0,1,0,0,0,0,0
646,1.9,1143,10.3,988,109,849,98.0,1590,710,18.8,36.8,0.7883,2004,4,6,16,0,0,1,0,0,0,0,0
647,2.7,1251,14.0,1116,143,760,116.0,1716,923,17.5,40.6,0.8068,2004,4,6,17,0,0,1,0,0,0,0,0
648,3.0,1268,15.0,1148,159,728,120.0,1776,1006,16.8,44.3,0.8428,2004,4,6,18,0,0,1,0,0,0,0,0
649,3.3,1314,15.1,1150,181,726,126.0,1784,1083,16.3,47.7,0.8746,2004,4,6,19,0,0,1,0,0,0,0,0
650,3.2,1315,14.8,1142,178,724,126.0,1807,1161,15.6,50.7,0.8947,2004,4,6,20,0,0,1,0,0,0,0,0
651,1.8,1095,8.5,918,91,896,90.0,1527,800,15.7,49.4,0.8768,2004,4,6,21,0,0,1,0,0,0,0,0
652,1.3,1027,5.9,808,76,996,81.0,1458,647,15.8,48.6,0.8653,2004,4,6,22,0,0,1,0,0,0,0,0
653,1.1,1012,4.8,752,66,1053,74.0,1393,649,15.7,47.0,0.8325,2004,4,6,23,0,0,1,0,0,0,0,0
654,0.9,948,4.0,710,56,1127,67.0,1352,575,15.7,45.9,0.8121,2004,4,7,0,0,0,0,1,0,0,0,0
655,0.7,889,2.3,603,35,1308,46.0,1271,455,15.6,44.9,0.792,2004,4,7,1,0,0,0,1,0,0,0,0
660,0.8,1000,3.6,688,55,1257,61.0,1398,426,14.2,58.6,0.9443,2004,4,7,6,0,0,0,1,0,0,0,0
661,2.8,1307,12.9,1082,152,777,111.0,1769,830,14.3,58.2,0.9431,2004,4,7,7,0,0,0,1,0,0,0,0
662,3.1,1286,15.7,1171,153,716,102.0,1821,1006,15.0,52.0,0.8817,2004,4,7,8,0,0,0,1,0,0,0,0
663,2.3,1150,8.6,925,152,865,116.0,1576,820,13.6,61.4,0.9519,2004,4,7,9,0,0,0,1,0,0,0,0
664,1.6,1087,7.4,876,112,911,96.0,1554,737,16.1,53.1,0.9675,2004,4,7,10,0,0,0,1,0,0,0,0
665,1.5,1016,6.6,839,119,991,97.0,1448,790,16.6,44.3,0.8294,2004,4,7,11,0,0,0,1,0,0,0,0
666,1.6,1029,7.8,892,122,937,110.0,1474,760,17.4,40.3,0.7922,2004,4,7,12,0,0,0,1,0,0,0,0
667,1.8,1109,9.1,943,115,883,103.0,1604,767,18.1,42.2,0.8679,2004,4,7,13,0,0,0,1,0,0,0,0
668,1.4,997,6.1,817,84,1030,79.0,1426,626,14.4,51.8,0.8433,2004,4,7,14,0,0,0,1,0,0,0,0
669,1.9,1177,7.5,880,146,927,104.0,1552,776,10.9,76.4,0.9953,2004,4,7,15,0,0,0,1,0,0,0,0
670,1.2,1045,5.9,808,65,1038,69.0,1421,589,16.4,47.7,0.8819,2004,4,7,16,0,0,0,1,0,0,0,0
671,2.3,1171,12.7,1073,120,847,96.0,1623,872,18.0,37.1,0.7598,2004,4,7,17,0,0,0,1,0,0,0,0
672,3.3,1221,13.5,1101,185,799,121.0,1700,996,14.7,48.7,0.8089,2004,4,7,18,0,0,0,1,0,0,0,0
673,3.1,1262,14.5,1133,157,774,129.0,1748,1033,11.3,71.3,0.9514,2004,4,7,19,0,0,0,1,0,0,0,0
674,3.3,1207,11.0,1013,174,876,116.0,1632,982,10.0,74.0,0.9087,2004,4,7,20,0,0,0,1,0,0,0,0
675,1.2,956,3.2,666,62,1235,71.0,1282,518,9.8,71.8,0.8702,2004,4,7,21,0,0,0,1,0,0,0,0
676,1.3,1020,4.3,727,81,1153,85.0,1391,631,9.3,75.2,0.8796,2004,4,7,22,0,0,0,1,0,0,0,0
677,1.9,1107,7.1,861,118,957,101.0,1510,879,9.6,76.0,0.9088,2004,4,7,23,0,0,0,1,0,0,0,0
678,1.4,1020,4.8,752,95,1074,97.0,1398,839,9.3,75.0,0.8799,2004,4,8,0,0,0,0,0,1,0,0,0
679,1.5,1051,5.7,798,84,1016,89.0,1455,876,9.0,76.7,0.8825,2004,4,8,1,0,0,0,0,1,0,0,0
680,1.1,965,4.1,716,56,1087,72.0,1383,827,8.2,79.6,0.8672,2004,4,8,2,0,0,0,0,1,0,0,0
681,0.8,890,3.3,672,49,1183,64.5,1338,781,7.6,80.6,0.8437,2004,4,8,3,0,0,0,0,1,0,0,0
682,0.8,823,1.8,568,43,1366,57.0,1263,699,8.3,75.6,0.8302,2004,4,8,4,0,0,0,0,1,0,0,0
683,0.8,869,2.8,642,69,1291,62.0,1288,723,8.1,72.1,0.7798,2004,4,8,5,0,0,0,0,1,0,0,0
684,1.1,939,4.8,754,74,1169,64.0,1384,797,8.1,70.4,0.7609,2004,4,8,6,0,0,0,0,1,0,0,0
685,2.6,1274,13.8,1109,161,820,80.0,1723,1138,8.1,70.5,0.7627,2004,4,8,7,0,0,0,0,1,0,0,0
686,5.1,1512,27.1,1482,308,596,118.0,2189,1605,9.9,64.3,0.7859,2004,4,8,8,0,0,0,0,1,0,0,0
687,4.2,1435,19.1,1271,300,676,130.0,1885,1569,13.0,54.2,0.809,2004,4,8,9,0,0,0,0,1,0,0,0
688,2.6,1207,11.7,1041,189,813,113.0,1620,1319,16.5,42.6,0.7912,2004,4,8,10,0,0,0,0,1,0,0,0
689,2.4,1223,12.7,1075,164,818,112.0,1678,1198,19.3,34.2,0.7566,2004,4,8,11,0,0,0,0,1,0,0,0
690,2.1,1121,11.3,1026,122,865,96.0,1541,958,21.5,27.4,0.6941,2004,4,8,12,0,0,0,0,1,0,0,0
691,2.6,1176,14.2,1123,166,816,125.0,1609,1068,20.4,26.7,0.6323,2004,4,8,13,0,0,0,0,1,0,0,0
692,2.8,1144,13.9,1114,181,845,128.0,1551,1010,20.6,22.6,0.5432,2004,4,8,14,0,0,0,0,1,0,0,0
693,2.5,1136,13.2,1089,127,856,101.0,1552,928,20.6,24.8,0.5931,2004,4,8,15,0,0,0,0,1,0,0,0
694,1.9,1085,10.7,1004,106,888,95.0,1454,816,21.0,25.4,0.6264,2004,4,8,16,0,0,0,0,1,0,0,0
695,3.6,1297,19.7,1287,192,723,138.0,1798,1216,21.5,24.5,0.6203,2004,4,8,17,0,0,0,0,1,0,0,0
696,4.6,1408,24.0,1404,241,646,154.0,1972,1463,19.3,28.6,0.6357,2004,4,8,18,0,0,0,0,1,0,0,0
698,4.3,1319,15.8,1172,232,746,136.0,1699,1425,15.8,39.8,0.7096,2004,4,8,20,0,0,0,0,1,0,0,0
699,1.6,1045,7.0,857,92,968,93.0,1410,922,15.3,41.5,0.7194,2004,4,8,21,0,0,0,0,1,0,0,0
700,1.4,1058,6.3,824,95,993,99.0,1411,971,14.1,46.0,0.7363,2004,4,8,22,0,0,0,0,1,0,0,0
701,2.0,1062,6.3839999999999995,827,129,987,106.0,1416,978,14.016,46.876,0.7449399999999999,2004,4,8,23,0,0,0,0,1,0,0,0
702,2.4,1067,6.468,831,154,982,109.0,1422,985,13.932,47.752,0.7535799999999999,2004,4,9,0,0,0,0,0,0,1,0,0
703,1.8,1072,6.552,835,118,977,97.0,1428,992,13.847999999999999,48.628,0.76222,2004,4,9,1,0,0,0,0,0,1,0,0
704,1.0,1076,6.636,838,69,972,83.0,1434,999,13.764,49.504,0.77086,2004,4,9,2,0,0,0,0,0,1,0,0
705,1.0,1081,6.72,842,83,967,81.0,1440,1007,13.68,50.38,0.7795,2004,4,9,3,0,0,0,0,0,1,0,0
706,1.0,1086,6.804,846,97,962,79.0,1446,1014,13.596,51.256,0.78814,2004,4,9,4,0,0,0,0,0,1,0,0
707,0.9,1091,6.888,850,145,957,84.0,1452,1021,13.512,52.132000000000005,0.7967799999999999,2004,4,9,5,0,0,0,0,0,1,0,0
708,1.5,1095,6.9719999999999995,853,169,952,86.0,1458,1028,13.427999999999999,53.008,0.80542,2004,4,9,6,0,0,0,0,0,1,0,0
709,2.6,1100,7.056,857,250,947,111.0,1464,1035,13.344,53.884,0.81406,2004,4,9,7,0,0,0,0,0,1,0,0
710,2.9,1105,7.14,861,215,942,117.0,1470,1043,13.26,54.760000000000005,0.8227,2004,4,9,8,0,0,0,0,0,1,0,0
711,2.7,1109,7.224,864,237,937,122.0,1476,1050,13.176,55.636,0.83134,2004,4,9,9,0,0,0,0,0,1,0,0
712,2.4,1114,7.308,868,190,932,119.0,1482,1057,13.091999999999999,56.512,0.83998,2004,4,9,10,0,0,0,0,0,1,0,0
713,2.6,1119,7.392,872,219,926,121.0,1488,1064,13.008,57.388000000000005,0.84862,2004,4,9,11,0,0,0,0,0,1,0,0
714,4.1,1124,7.476,876,294,921,127.0,1494,1071,12.924,58.264,0.85726,2004,4,9,12,0,0,0,0,0,1,0,0
715,4.3,1128,7.5600000000000005,879,253,916,135.0,1500,1079,12.84,59.14,0.8659,2004,4,9,13,0,0,0,0,0,1,0,0
716,2.2,1133,7.644,883,176,911,119.0,1506,1086,12.756,60.016000000000005,0.87454,2004,4,9,14,0,0,0,0,0,1,0,0
717,3.4,1138,7.728,887,243,906,137.0,1512,1093,12.672,60.892,0.8831800000000001,2004,4,9,15,0,0,0,0,0,1,0,0
718,3.6,1142,7.812,890,214,901,139.0,1518,1100,12.588,61.768,0.8918200000000001,2004,4,9,16,0,0,0,0,0,1,0,0
719,2.5,1147,7.896,894,141,896,117.0,1524,1107,12.504,62.644000000000005,0.90046,2004,4,9,17,0,0,0,0,0,1,0,0
720,2.8,1152,7.98,898,166,891,127.0,1530,1115,12.42,63.52,0.9091,2004,4,9,18,0,0,0,0,0,1,0,0
721,3.4,1157,8.064,902,197,886,137.0,1536,1122,12.336,64.396,0.91774,2004,4,9,19,0,0,0,0,0,1,0,0
722,3.0,1161,8.148,905,191,881,127.0,1542,1129,12.251999999999999,65.272,0.92638,2004,4,9,20,0,0,0,0,0,1,0,0
723,2.1,1166,8.232,909,159,876,107.0,1548,1136,12.168,66.14800000000001,0.9350200000000001,2004,4,9,21,0,0,0,0,0,1,0,0
724,2.4,1171,8.316,913,175,871,102.0,1554,1143,12.084,67.024,0.94366,2004,4,9,22,0,0,0,0,0,1,0,0
725,2.3,1176,8.4,917,157,866,95.0,1560,1151,12.0,67.9,0.9523,2004,4,9,23,0,0,0,0,0,1,0,0
726,1.3,1047,5.4,783,83,1014,79.0,1449,975,12.0,66.9,0.9336,2004,4,10,0,1,0,0,0,0,0,1,0
727,1.7,1116,6.9,854,118,929,78.0,1533,1034,11.5,70.1,0.9503,2004,4,10,1,1,0,0,0,0,0,1,0
728,1.7,1074,6.4,832,101,951,75.0,1507,980,11.4,69.8,0.939,2004,4,10,2,1,0,0,0,0,0,1,0
729,1.0,922,3.6,687,73,1142,63.5,1390,825,11.1,69.3,0.9128,2004,4,10,3,1,0,0,0,0,0,1,0
730,0.8,898,3.3,669,46,1163,52.0,1386,807,10.8,70.3,0.9092,2004,4,10,4,1,0,0,0,0,0,1,0
731,1.0,970,4.0,708,81,1121,55.0,1435,842,10.2,73.4,0.9129,2004,4,10,5,1,0,0,0,0,0,1,0
732,1.4,1073,6.0,812,112,988,65.0,1500,950,10.8,70.5,0.9142,2004,4,10,6,1,0,0,0,0,0,1,0
733,1.7,1081,8.2,906,150,895,72.0,1591,1024,11.0,71.0,0.9279,2004,4,10,7,1,0,0,0,0,0,1,0
734,2.0,1159,9.9,976,138,837,76.0,1663,1098,12.4,64.0,0.9206,2004,4,10,8,1,0,0,0,0,0,1,0
735,2.0,1112,8.8,931,124,869,84.0,1588,1011,15.0,53.1,0.8993,2004,4,10,9,1,0,0,0,0,0,1,0
736,1.9,1112,8.4,917,124,897,90.0,1542,931,16.6,44.4,0.8313,2004,4,10,10,1,0,0,0,0,0,1,0
737,2.1,1063,7.5,877,115,971,89.0,1481,811,18.0,38.4,0.7862,2004,4,10,11,1,0,0,0,0,0,1,0
738,1.8,1032,7.8,892,101,973,87.0,1457,756,20.6,30.0,0.7213,2004,4,10,12,1,0,0,0,0,0,1,0
739,1.5,936,6.4,829,90,1054,88.0,1336,607,19.9,26.7,0.6137,2004,4,10,13,1,0,0,0,0,0,1,0
740,1.3,883,5.1,766,90,1152,81.0,1238,498,19.8,23.1,0.5283,2004,4,10,14,1,0,0,0,0,0,1,0
741,1.4,942,6.9,852,89,1055,89.0,1318,540,21.4,22.7,0.5722,2004,4,10,15,1,0,0,0,0,0,1,0
742,1.5,943,6.8,850,92,1084,91.0,1296,544,22.1,21.3,0.5605,2004,4,10,16,1,0,0,0,0,0,1,0
743,1.7,1007,7.4,875,103,1027,104.0,1357,620,21.1,24.5,0.604,2004,4,10,17,1,0,0,0,0,0,1,0
744,2.0,1037,8.7,927,122,949,111.0,1426,740,18.3,31.6,0.6562,2004,4,10,18,1,0,0,0,0,0,1,0
745,2.5,1127,11.2,1022,159,871,129.0,1534,921,16.1,35.0,0.6372,2004,4,10,19,1,0,0,0,0,0,1,0
746,2.4,1123,10.5,996,172,861,133.0,1551,1033,14.8,41.5,0.6929,2004,4,10,20,1,0,0,0,0,0,1,0
747,2.0,1110,8.2,909,125,916,115.0,1487,984,13.2,50.3,0.7577,2004,4,10,21,1,0,0,0,0,0,1,0
748,2.9,1247,11.6,1037,187,812,125.0,1618,1193,12.3,55.5,0.7916,2004,4,10,22,1,0,0,0,0,0,1,0
749,2.5,1220,9.7,967,174,844,117.0,1545,1219,11.8,56.6,0.7833,2004,4,10,23,1,0,0,0,0,0,1,0
750,1.4,1028,5.1,770,75,1047,84.0,1326,913,11.2,56.2,0.7469,2004,4,11,0,1,0,0,0,0,0,0,1
751,1.2,978,4.0,711,48,1144,63.0,1304,750,11.0,56.6,0.7418,2004,4,11,1,1,0,0,0,0,0,0,1
752,1.0,949,3.7,694,61,1160,68.0,1310,772,9.3,64.3,0.7531,2004,4,11,2,1,0,0,0,0,0,0,1
753,1.0,910,4.0,709,49,1162,60.0,1329,712,8.8,66.0,0.7501,2004,4,11,3,1,0,0,0,0,0,0,1
754,0.85,863,3.0,651,38,1224,52.0,1286,712,7.8,70.4,0.7463,2004,4,11,4,1,0,0,0,0,0,0,1
755,0.7,836,2.9,643,38,1244,49.0,1306,727,7.7,70.7,0.7463,2004,4,11,5,1,0,0,0,0,0,0,1
756,0.8,856,2.9,644,41,1259,49.0,1301,746,7.4,71.0,0.7346,2004,4,11,6,1,0,0,0,0,0,0,1
757,0.9,888,3.0,651,51,1240,52.0,1298,733,8.2,66.6,0.7283,2004,4,11,7,1,0,0,0,0,0,0,1
758,1.1,912,3.7,694,61,1196,58.0,1343,727,8.7,64.3,0.7267,2004,4,11,8,1,0,0,0,0,0,0,1
759,1.0,938,3.9,706,47,1177,51.0,1320,642,13.0,47.9,0.7116,2004,4,11,9,1,0,0,0,0,0,0,1
760,1.6,1053,6.2,823,87,1040,77.0,1386,810,17.4,35.4,0.699,2004,4,11,10,1,0,0,0,0,0,0,1
761,1.8,1087,7.3,870,107,1014,90.0,1412,851,20.2,29.2,0.683,2004,4,11,11,1,0,0,0,0,0,0,1
762,2.6,1153,9.2,945,161,969,118.0,1425,911,22.7,22.9,0.6224,2004,4,11,12,1,0,0,0,0,0,0,1
763,1.1,894,4.0,710,61,1209,70.0,1200,611,22.3,22.4,0.5955,2004,4,11,13,1,0,0,0,0,0,0,1
765,0.9,854,3.1,658,42,1409,46.0,1108,369,22.0,19.0,0.4969,2004,4,11,15,1,0,0,0,0,0,0,1
766,1.0,892,3.2,665,55,1348,58.0,1150,394,21.0,23.6,0.5788,2004,4,11,16,1,0,0,0,0,0,0,1
767,1.2,935,3.3,672,65,1299,61.0,1183,415,19.6,27.4,0.6162,2004,4,11,17,1,0,0,0,0,0,0,1
768,1.4,989,4.0,709,75,1225,80.0,1233,469,17.9,30.8,0.6258,2004,4,11,18,1,0,0,0,0,0,0,1
769,2.0,1063,5.7,797,93,1079,93.0,1285,607,16.4,35.3,0.6532,2004,4,11,19,1,0,0,0,0,0,0,1
770,1.1,922,3.4,674,63,1220,78.0,1205,498,15.6,37.5,0.6575,2004,4,11,20,1,0,0,0,0,0,0,1
771,1.1,925,3.5,680,60,1223,76.0,1217,481,15.5,36.7,0.6438,2004,4,11,21,1,0,0,0,0,0,0,1
772,1.1,924,2.9,648,63,1272,74.0,1186,465,14.5,39.0,0.6428,2004,4,11,22,1,0,0,0,0,0,0,1
773,1.1,914,3.1,661,66,1256,81.0,1187,478,14.2,38.2,0.6163,2004,4,11,23,1,0,0,0,0,0,0,1
783,0.8,975,2.2,598,63,1268,73.0,1293,536,13.4,56.0,0.8576,2004,4,12,9,0,1,0,0,0,0,0,0
784,1.0,1040,2.9,646,71,1210,78.0,1325,555,13.0,59.6,0.886,2004,4,12,10,0,1,0,0,0,0,0,0
785,1.3,1115,3.9,707,104,1105,93.0,1384,677,12.7,62.7,0.9173,2004,4,12,11,0,1,0,0,0,0,0,0
786,1.1,1004,2.8,641,85,1201,71.0,1305,557,12.1,60.5,0.8505,2004,4,12,12,0,1,0,0,0,0,0,0
787,0.6,895,1.4,536,53,1415,56.0,1229,421,11.2,64.4,0.8537,2004,4,12,13,0,1,0,0,0,0,0,0
788,0.7,917,1.7,563,58,1415,60.0,1257,423,10.7,67.6,0.8703,2004,4,12,14,0,1,0,0,0,0,0,0
789,1.2,1025,3.6,689,89,1189,77.0,1325,519,11.4,61.2,0.8236,2004,4,12,15,0,1,0,0,0,0,0,0
790,1.4,1035,3.1,660,96,1222,82.0,1301,533,9.9,70.5,0.8581,2004,4,12,16,0,1,0,0,0,0,0,0
791,1.2,1025,3.5,682,88,1197,77.0,1313,537,10.3,65.2,0.8151,2004,4,12,17,0,1,0,0,0,0,0,0
792,1.3,1040,3.9,705,100,1149,91.0,1324,612,11.0,58.9,0.7714,2004,4,12,18,0,1,0,0,0,0,0,0
793,1.8,1070,5.2,776,127,1065,93.0,1369,697,10.6,59.5,0.7595,2004,4,12,19,0,1,0,0,0,0,0,0
794,1.2,964,3.7,692,88,1176,82.0,1292,573,10.6,57.7,0.7362,2004,4,12,20,0,1,0,0,0,0,0,0
795,0.8,904,2.7,635,66,1269,74.0,1233,489,10.6,56.1,0.7149,2004,4,12,21,0,1,0,0,0,0,0,0
796,0.8,913,2.6,626,61,1271,68.0,1234,474,10.3,58.0,0.7239,2004,4,12,22,0,1,0,0,0,0,0,0
797,0.8,914,2.4,610,54,1322,65.0,1230,455,10.4,58.4,0.7352,2004,4,12,23,0,1,0,0,0,0,0,0
798,0.7,893,2.0,587,46,1368,58.0,1219,433,10.7,58.2,0.7459,2004,4,13,0,0,0,1,0,0,0,0,0
803,0.7,956,3.1,656,76,1251,68.0,1356,525,10.1,68.4,0.8443,2004,4,13,5,0,0,1,0,0,0,0,0
804,1.6,1124,6.9,853,149,960,99.0,1531,873,10.0,68.7,0.8456,2004,4,13,6,0,0,1,0,0,0,0,0
805,3.9,1496,19.1,1272,328,667,130.0,2011,1399,11.0,64.2,0.8398,2004,4,13,7,0,0,1,0,0,0,0,0
806,4.5,1452,22.1,1354,282,620,128.0,2057,1501,12.0,58.1,0.8138,2004,4,13,8,0,0,1,0,0,0,0,0
807,2.7,1172,11.8,1042,206,797,120.0,1641,1186,12.8,52.0,0.7643,2004,4,13,9,0,0,1,0,0,0,0,0
808,1.6,1020,7.3,871,133,956,93.0,1426,911,12.6,50.8,0.7387,2004,4,13,10,0,0,1,0,0,0,0,0
809,1.6,1044,8.0,900,137,934,96.0,1471,919,13.8,47.4,0.7435,2004,4,13,11,0,0,1,0,0,0,0,0
810,1.6,1020,7.2,866,116,972,84.0,1429,791,15.1,42.7,0.7294,2004,4,13,12,0,0,1,0,0,0,0,0
811,1.5,1009,7.7,885,112,994,87.0,1439,751,16.3,38.1,0.7006,2004,4,13,13,0,0,1,0,0,0,0,0
812,1.8,1073,9.7,966,128,935,87.0,1537,805,16.6,36.7,0.6867,2004,4,13,14,0,0,1,0,0,0,0,0
813,2.1,1098,9.8,971,145,877,103.0,1527,966,15.8,40.5,0.7241,2004,4,13,15,0,0,1,0,0,0,0,0
814,1.7,1061,7.7,887,110,920,88.0,1462,869,16.3,41.8,0.7712,2004,4,13,16,0,0,1,0,0,0,0,0
815,3.0,1289,15.3,1158,184,755,118.0,1791,1196,16.1,42.8,0.7783,2004,4,13,17,0,0,1,0,0,0,0,0
816,4.6,1442,21.5,1337,243,630,134.0,2004,1523,15.3,46.8,0.8074,2004,4,13,18,0,0,1,0,0,0,0,0
817,5.0,1479,21.7,1343,259,631,144.0,1995,1579,14.7,47.0,0.7815,2004,4,13,19,0,0,1,0,0,0,0,0
818,3.5,1266,14.6,1138,205,726,129.0,1747,1370,14.1,49.6,0.7931,2004,4,13,20,0,0,1,0,0,0,0,0
819,2.1,1149,9.3,952,144,845,108.0,1577,1204,13.5,54.1,0.8351,2004,4,13,21,0,0,1,0,0,0,0,0
820,2.1,1168,9.4,954,152,843,104.0,1586,1201,12.3,59.2,0.8461,2004,4,13,22,0,0,1,0,0,0,0,0
821,1.5,1079,6.8,847,108,925,90.0,1463,1122,11.6,62.2,0.851,2004,4,13,23,0,0,1,0,0,0,0,0
822,1.1,1047,4.9,760,64,1032,74.0,1379,1003,11.5,61.4,0.8303,2004,4,14,0,0,0,0,1,0,0,0,0
823,0.9,936,3.9,705,73,1086,73.0,1364,918,10.9,64.6,0.8395,2004,4,14,1,0,0,0,1,0,0,0,0
824,0.7,900,2.7,635,47,1207,60.0,1307,836,11.1,63.2,0.8331,2004,4,14,2,0,0,0,1,0,0,0,0
825,0.4,839,1.9,576,46,1325,58.5,1285,759,10.7,64.4,0.8284,2004,4,14,3,0,0,0,1,0,0,0,0
826,0.65,840,1.7,563,45,1349,57.0,1275,755,10.7,63.8,0.8174,2004,4,14,4,0,0,0,1,0,0,0,0
827,0.9,905,3.3,670,79,1191,62.0,1346,820,10.2,65.8,0.8196,2004,4,14,5,0,0,0,1,0,0,0,0
828,1.6,1079,7.4,875,113,947,71.0,1535,998,10.3,65.6,0.8225,2004,4,14,6,0,0,0,1,0,0,0,0
829,3.9,1417,18.2,1246,263,669,94.0,1921,1403,10.8,64.0,0.8307,2004,4,14,7,0,0,0,1,0,0,0,0
830,5.0,1529,27.7,1497,275,569,99.0,2278,1641,13.3,55.6,0.8453,2004,4,14,8,0,0,0,1,0,0,0,0
831,4.3,1397,18.3,1248,263,659,119.0,1906,1534,15.8,46.8,0.8328,2004,4,14,9,0,0,0,1,0,0,0,0
832,2.7,1214,12.3,1061,183,780,103.0,1662,1257,19.5,34.4,0.7738,2004,4,14,10,0,0,0,1,0,0,0,0
833,2.1,1109,8.9,935,147,882,95.0,1518,1026,21.1,30.2,0.745,2004,4,14,11,0,0,0,1,0,0,0,0
834,2.1,1122,10.4,993,132,859,95.0,1571,993,18.4,34.2,0.7185,2004,4,14,12,0,0,0,1,0,0,0,0
835,2.185714285714286,1094,9.7,966,140,877,95.9047619047619,1519,919,21.0,30.6,0.7538,2004,4,14,13,0,0,0,1,0,0,0,0
836,2.2714285714285714,1164,12.8,1076,148,788,96.80952380952381,1653,1032,21.4,28.7,0.7231,2004,4,14,14,0,0,0,1,0,0,0,0
837,2.357142857142857,1188,12.9,1082,157,790,97.71428571428571,1653,1077,21.3,27.3,0.6856,2004,4,14,15,0,0,0,1,0,0,0,0
838,2.442857142857143,1098,8.9,934,165,895,98.61904761904762,1497,883,20.4,30.4,0.7193,2004,4,14,16,0,0,0,1,0,0,0,0
839,2.5285714285714285,1180,11.0,1014,174,826,99.52380952380952,1595,1036,18.7,34.8,0.7436,2004,4,14,17,0,0,0,1,0,0,0,0
840,2.6142857142857143,1195,12.6,1072,182,799,100.42857142857143,1609,1144,18.6,34.7,0.7369,2004,4,14,18,0,0,0,1,0,0,0,0
841,2.7,1234,13.3,1095,191,789,101.33333333333333,1638,1212,17.9,35.8,0.7276,2004,4,14,19,0,0,0,1,0,0,0,0
842,2.7857142857142856,1425,18.1,1242,199,675,102.23809523809524,1858,1486,16.5,42.1,0.7856,2004,4,14,20,0,0,0,1,0,0,0,0
843,2.8714285714285714,1320,13.0,1085,207,730,103.14285714285714,1689,1440,14.8,49.7,0.8321,2004,4,14,21,0,0,0,1,0,0,0,0
844,2.9571428571428573,1158,7.8,892,216,870,104.04761904761905,1494,1242,13.4,54.3,0.8291,2004,4,14,22,0,0,0,1,0,0,0,0
845,3.0428571428571427,1060,5.8,805,224,964,104.95238095238095,1418,1089,13.4,54.2,0.8319,2004,4,14,23,0,0,0,1,0,0,0,0
846,3.1285714285714286,1036,4.7,746,233,1034,105.85714285714286,1364,993,12.3,57.6,0.8223,2004,4,15,0,0,0,0,0,1,0,0,0
847,3.2142857142857144,943,3.1,660,241,1163,106.76190476190476,1297,862,11.6,58.8,0.7996,2004,4,15,1,0,0,0,0,1,0,0,0
848,3.3,899,2.1,591,250,1243,107.66666666666667,1259,815,10.7,62.3,0.7988,2004,4,15,2,0,0,0,0,1,0,0,0
849,3.3857142857142857,889,1.7,559,258,1331,108.57142857142857,1241,714,10.2,63.2,0.7865,2004,4,15,3,0,0,0,0,1,0,0,0
850,3.4714285714285715,847,1.3,527,266,1416,109.47619047619048,1216,682,10.5,61.3,0.7761,2004,4,15,4,0,0,0,0,1,0,0,0
851,3.557142857142857,918,2.6,625,275,1255,110.38095238095238,1298,744,9.3,65.8,0.7722,2004,4,15,5,0,0,0,0,1,0,0,0
852,3.642857142857143,1105,7.9,897,283,906,111.28571428571428,1510,1050,9.1,67.4,0.7814,2004,4,15,6,0,0,0,0,1,0,0,0
853,3.7285714285714286,1491,21.4,1335,292,625,112.19047619047619,2001,1522,10.2,62.9,0.7831,2004,4,15,7,0,0,0,0,1,0,0,0
854,3.814285714285714,1508,22.1,1355,300,609,113.0952380952381,2034,1623,11.6,58.7,0.7999,2004,4,15,8,0,0,0,0,1,0,0,0
855,3.9,1489,19.1,1270,309,633,114.0,1889,1638,13.5,53.4,0.8196,2004,4,15,9,0,0,0,0,1,0,0,0
856,3.8,1451,17.3,1219,327,661,127.0,1804,1633,15.0,49.3,0.8364,2004,4,15,10,0,0,0,0,1,0,0,0
857,3.8,1454,17.5,1225,299,661,135.0,1809,1654,17.1,42.1,0.812,2004,4,15,11,0,0,0,0,1,0,0,0
858,3.9,1392,17.0,1210,257,689,135.0,1792,1559,18.4,36.9,0.7758,2004,4,15,12,0,0,0,0,1,0,0,0
859,3.5,1351,17.0,1210,195,709,120.0,1783,1374,19.3,35.4,0.7824,2004,4,15,13,0,0,0,0,1,0,0,0
860,4.0,1418,19.5,1282,231,681,129.0,1890,1418,19.2,35.7,0.7826,2004,4,15,14,0,0,0,0,1,0,0,0
861,3.0,1303,14.8,1143,170,748,114.0,1734,1228,21.5,30.4,0.7677,2004,4,15,15,0,0,0,0,1,0,0,0
862,3.1,1292,14.0,1116,192,746,129.0,1676,1293,19.6,34.6,0.7807,2004,4,15,16,0,0,0,0,1,0,0,0
863,5.2,1560,24.4,1413,251,594,149.0,2046,1642,19.6,35.5,0.8017,2004,4,15,17,0,0,0,0,1,0,0,0
867,4.6,1607,19.8,1290,264,587,134.0,1960,1758,16.2,53.2,0.9723,2004,4,15,21,0,0,0,0,1,0,0,0
868,2.5,1277,9.3,952,144,802,111.0,1607,1284,14.9,59.1,0.9928,2004,4,15,22,0,0,0,0,1,0,0,0
869,2.2,1207,7.3,868,119,877,106.0,1532,1075,13.9,64.0,1.013,2004,4,15,23,0,0,0,0,1,0,0,0
870,2.0,1209,7.1,863,120,882,108.0,1547,1084,13.7,66.8,1.041,2004,4,16,0,0,0,0,0,0,1,0,0
871,1.9,1189,6.7,844,96,887,93.0,1566,1049,13.4,69.6,1.0688,2004,4,16,1,0,0,0,0,0,1,0,0
872,1.6,1132,6.0,810,77,899,83.0,1532,1021,12.8,71.9,1.0632,2004,4,16,2,0,0,0,0,0,1,0,0
873,1.0,974,2.7,635,70,1159,76.0,1387,778,12.9,68.5,1.0155,2004,4,16,3,0,0,0,0,0,1,0,0
874,1.0,1033,3.6,686,63,1030,69.0,1420,948,11.9,74.8,1.038,2004,4,16,4,0,0,0,0,0,1,0,0
875,1.2,1075,5.4,782,97,941,77.0,1505,988,11.6,76.4,1.0415,2004,4,16,5,0,0,0,0,0,1,0,0
876,2.0,1242,10.0,978,180,778,87.0,1686,1184,11.7,75.3,1.0325,2004,4,16,6,0,0,0,0,0,1,0,0
877,4.5,1657,23.2,1384,352,579,109.0,2176,1600,12.8,71.0,1.0428,2004,4,16,7,0,0,0,0,0,1,0,0
878,4.1,1406,18.7,1258,279,636,116.0,1890,1495,13.8,61.1,0.9595,2004,4,16,8,0,0,0,0,0,1,0,0
879,2.6,1150,9.9,973,186,827,105.0,1590,1188,15.3,51.4,0.8886,2004,4,16,9,0,0,0,0,0,1,0,0
880,2.3,1184,10.2,983,169,823,106.0,1604,1166,16.6,48.7,0.9146,2004,4,16,10,0,0,0,0,0,1,0,0
881,2.6,1223,11.0,1014,172,781,108.0,1666,1219,17.6,46.7,0.9324,2004,4,16,11,0,0,0,0,0,1,0,0
882,2.4,1196,10.5,997,127,802,100.0,1644,1128,19.2,42.7,0.9425,2004,4,16,12,0,0,0,0,0,1,0,0
883,4.3,1559,18.9,1267,230,653,149.0,2047,1373,15.7,62.5,1.1092,2004,4,16,13,0,0,0,0,0,1,0,0
884,4.6,1544,18.9,1266,280,613,148.0,2066,1415,14.5,75.7,1.2425,2004,4,16,14,0,0,0,0,0,1,0,0
885,4.0,1485,17.5,1223,242,650,126.0,1980,1302,14.4,77.4,1.2654,2004,4,16,15,0,0,0,0,0,1,0,0
886,4.7,1498,17.7,1230,250,649,140.0,1963,1308,14.6,74.9,1.2391,2004,4,16,16,0,0,0,0,0,1,0,0
888,5.2,1529,20.4,1309,270,627,141.0,2083,1385,14.0,76.3,1.2166,2004,4,16,18,0,0,0,0,0,1,0,0
891,3.4,1304,12.5,1067,224,737,117.0,1811,1167,13.5,79.4,1.2224,2004,4,16,21,0,0,0,0,0,1,0,0
892,2.7,1235,9.6,963,166,803,103.0,1680,1095,13.1,80.1,1.2016,2004,4,16,22,0,0,0,0,0,1,0,0
893,3.1,1281,10.0,977,171,794,99.0,1695,1105,12.8,81.0,1.1915,2004,4,16,23,0,0,0,0,0,1,0,0
894,2.6,1167,8.1,904,169,846,100.0,1627,1051,12.7,80.6,1.1819,2004,4,17,0,1,0,0,0,0,0,1,0
895,2.2,1134,7.1,863,120,869,88.0,1599,1009,12.5,81.8,1.1838,2004,4,17,1,1,0,0,0,0,0,1,0
896,1.9,1100,6.4,829,103,887,83.0,1565,972,12.7,81.2,1.1849,2004,4,17,2,1,0,0,0,0,0,1,0
897,1.891156462585034,1057,5.1,768,102,958,82.83673469387755,1527,884,12.4,82.4,1.1848,2004,4,17,3,1,0,0,0,0,0,1,0
898,1.8823129251700679,902,3.0,652,102,1158,82.6734693877551,1437,661,12.6,79.9,1.1619,2004,4,17,4,1,0,0,0,0,0,1,0
899,1.8734693877551019,982,4.2,724,102,1055,82.51020408163265,1508,774,12.8,80.0,1.1761,2004,4,17,5,1,0,0,0,0,0,1,0
900,1.864625850340136,997,5.1,769,101,1002,82.34693877551021,1524,868,12.6,79.9,1.1596,2004,4,17,6,1,0,0,0,0,0,1,0
901,1.85578231292517,1141,8.1,902,101,905,82.18367346938776,1672,965,12.5,79.6,1.1538,2004,4,17,7,1,0,0,0,0,0,1,0
902,1.846938775510204,1163,8.8,930,101,849,82.0204081632653,1691,985,12.8,80.8,1.1863,2004,4,17,8,1,0,0,0,0,0,1,0
903,1.838095238095238,1107,7.2,864,100,911,81.85714285714286,1604,963,13.5,78.1,1.1997,2004,4,17,9,1,0,0,0,0,0,1,0
904,1.829251700680272,1228,9.2,949,100,838,81.6938775510204,1706,1069,14.6,74.9,1.2348,2004,4,17,10,1,0,0,0,0,0,1,0
905,1.820408163265306,1033,6.0,810,100,969,81.53061224489795,1526,864,16.8,61.0,1.1599,2004,4,17,11,1,0,0,0,0,0,1,0
906,1.8115646258503402,984,5.0,763,100,1054,81.36734693877551,1472,641,18.8,50.1,1.0769,2004,4,17,12,1,0,0,0,0,0,1,0
907,1.8027210884353742,1066,7.5,879,99,939,81.20408163265306,1536,740,19.3,47.1,1.0445,2004,4,17,13,1,0,0,0,0,0,1,0
908,1.7938775510204081,926,3.9,707,99,1130,81.04081632653062,1429,532,19.3,46.6,1.0298,2004,4,17,14,1,0,0,0,0,0,1,0
909,1.7850340136054421,979,5.0,764,99,1054,80.87755102040816,1462,572,19.7,44.4,1.0081,2004,4,17,15,1,0,0,0,0,0,1,0
910,1.776190476190476,993,5.4,783,98,1033,80.71428571428571,1482,630,19.3,45.7,1.0161,2004,4,17,16,1,0,0,0,0,0,1,0
911,1.76734693877551,970,5.0,763,98,1043,80.55102040816327,1462,608,17.9,49.9,1.0135,2004,4,17,17,1,0,0,0,0,0,1,0
912,1.758503401360544,997,5.5,788,98,1014,80.38775510204081,1482,644,16.9,53.2,1.0179,2004,4,17,18,1,0,0,0,0,0,1,0
913,1.749659863945578,1097,7.8,892,97,909,80.22448979591837,1594,833,16.1,56.0,1.0151,2004,4,17,19,1,0,0,0,0,0,1,0
914,1.7408163265306122,1105,8.2,908,97,900,80.06122448979592,1566,923,16.5,52.8,0.986,2004,4,17,20,1,0,0,0,0,0,1,0
915,1.7319727891156462,993,5.3,777,97,1022,79.89795918367346,1482,790,16.9,51.1,0.9743,2004,4,17,21,1,0,0,0,0,0,1,0
916,1.7231292517006802,1136,7.9,896,97,919,79.73469387755102,1623,961,17.0,50.8,0.9751,2004,4,17,22,1,0,0,0,0,0,1,0
917,1.7142857142857142,1297,10.7,1003,96,798,79.57142857142857,1700,1177,16.9,54.8,1.0455,2004,4,17,23,1,0,0,0,0,0,1,0
918,1.7054421768707482,1110,6.9,855,96,897,79.40816326530613,1568,943,16.3,57.2,1.0492,2004,4,18,0,1,0,0,0,0,0,0,1
919,1.6965986394557822,1027,6.3,827,96,942,79.24489795918367,1529,742,16.0,56.2,1.0164,2004,4,18,1,1,0,0,0,0,0,0,1
920,1.6877551020408164,1024,5.6,795,95,982,79.08163265306122,1501,705,15.6,60.2,1.0617,2004,4,18,2,1,0,0,0,0,0,0,1
921,1.6789115646258503,992,5.4,783,95,988,78.91836734693878,1527,663,14.6,68.2,1.1282,2004,4,18,3,1,0,0,0,0,0,0,1
922,1.6700680272108843,929,3.2,664,95,1144,78.75510204081633,1449,536,14.3,69.6,1.1257,2004,4,18,4,1,0,0,0,0,0,0,1
923,1.6612244897959183,892,1.9,579,94,1309,78.59183673469389,1396,441,13.8,71.9,1.1312,2004,4,18,5,1,0,0,0,0,0,0,1
924,1.6523809523809523,895,2.3,609,94,1268,78.42857142857143,1410,477,13.8,72.7,1.1402,2004,4,18,6,1,0,0,0,0,0,0,1
925,1.6435374149659863,915,2.4,612,94,1266,78.26530612244898,1411,506,14.2,72.3,1.1632,2004,4,18,7,1,0,0,0,0,0,0,1
926,1.6346938775510202,947,2.9,649,94,1154,78.10204081632654,1459,608,14.5,72.9,1.195,2004,4,18,8,1,0,0,0,0,0,0,1
927,1.6258503401360542,1032,4.2,721,93,1052,77.93877551020408,1546,663,14.2,75.6,1.2201,2004,4,18,9,1,0,0,0,0,0,0,1
928,1.6170068027210884,1219,6.8,849,93,901,77.77551020408163,1664,912,14.5,77.2,1.2695,2004,4,18,10,1,0,0,0,0,0,0,1
929,1.6081632653061224,1217,7.3,869,93,873,77.61224489795919,1660,963,14.9,74.5,1.253,2004,4,18,11,1,0,0,0,0,0,0,1
930,1.5993197278911564,1097,5.3,779,92,980,77.44897959183673,1565,803,15.5,67.4,1.178,2004,4,18,12,1,0,0,0,0,0,0,1
931,1.5904761904761904,938,3.4,674,92,1136,77.28571428571429,1433,564,16.7,56.0,1.0544,2004,4,18,13,1,0,0,0,0,0,0,1
932,1.5816326530612244,944,3.4,677,92,1140,77.12244897959184,1436,501,17.1,55.5,1.0724,2004,4,18,14,1,0,0,0,0,0,0,1
933,1.5727891156462586,1139,6.8,847,91,929,76.95918367346938,1604,701,16.2,62.4,1.1423,2004,4,18,15,1,0,0,0,0,0,0,1
934,1.5639455782312925,1163,7.0,859,91,921,76.79591836734694,1603,783,17.4,58.9,1.1567,2004,4,18,16,1,0,0,0,0,0,0,1
935,1.5551020408163265,1157,7.7,885,91,916,76.63265306122449,1590,784,17.5,54.6,1.08,2004,4,18,17,1,0,0,0,0,0,0,1
936,1.5462585034013605,1154,8.5,919,91,876,76.46938775510205,1623,861,17.5,54.2,1.0722,2004,4,18,18,1,0,0,0,0,0,0,1
937,1.5374149659863945,1342,13.5,1102,90,744,76.3061224489796,1824,1156,17.0,55.1,1.0621,2004,4,18,19,1,0,0,0,0,0,0,1
938,1.5285714285714285,1178,9.2,949,90,847,76.14285714285714,1653,1047,16.4,57.8,1.0669,2004,4,18,20,1,0,0,0,0,0,0,1
939,1.5197278911564625,1152,8.7,926,90,854,75.9795918367347,1669,1034,15.8,60.4,1.0744,2004,4,18,21,1,0,0,0,0,0,0,1
940,1.5108843537414964,1078,6.6,841,89,920,75.81632653061224,1595,962,15.5,63.3,1.1071,2004,4,18,22,1,0,0,0,0,0,0,1
941,1.5020408163265306,1167,9.1,945,89,826,75.65306122448979,1702,1100,15.0,65.2,1.1045,2004,4,18,23,1,0,0,0,0,0,0,1
942,1.4931972789115646,1111,7.8,890,89,871,75.48979591836735,1658,1047,14.5,67.3,1.1054,2004,4,19,0,0,1,0,0,0,0,0,0
943,1.4843537414965986,988,4.2,722,88,1029,75.3265306122449,1500,874,14.1,70.1,1.1224,2004,4,19,1,0,1,0,0,0,0,0,0
944,1.4755102040816326,917,3.4,677,88,1103,75.16326530612245,1494,747,13.8,73.3,1.1518,2004,4,19,2,0,1,0,0,0,0,0,0
945,1.4666666666666666,850,1.7,562,88,1275,75.0,1407,589,13.1,78.3,1.1716,2004,4,19,3,0,1,0,0,0,0,0,0
946,1.4578231292517008,885,2.1,589,88,1238,74.83673469387755,1443,635,13.0,78.2,1.1664,2004,4,19,4,0,1,0,0,0,0,0,0
947,1.4489795918367347,888,2.2,597,87,1242,74.6734693877551,1428,671,14.3,70.1,1.1328,2004,4,19,5,0,1,0,0,0,0,0,0
948,1.4401360544217687,1101,6.9,852,87,913,74.51020408163265,1655,992,14.0,70.9,1.1306,2004,4,19,6,0,1,0,0,0,0,0,0
949,1.4312925170068027,1399,16.5,1195,87,680,74.34693877551021,1976,1308,15.4,64.2,1.1123,2004,4,19,7,0,1,0,0,0,0,0,0
950,1.4224489795918367,1325,18.7,1260,86,652,74.18367346938776,1969,1303,16.5,57.9,1.0826,2004,4,19,8,0,1,0,0,0,0,0,0
951,1.4136054421768707,1058,8.5,921,86,876,74.0204081632653,1594,893,18.8,48.0,1.0323,2004,4,19,9,0,1,0,0,0,0,0,0
952,1.4047619047619047,990,6.8,846,86,947,73.85714285714286,1503,715,19.5,43.3,0.9706,2004,4,19,10,0,1,0,0,0,0,0,0
953,1.3959183673469386,1018,7.5,879,85,950,73.6938775510204,1574,685,18.5,45.5,0.9606,2004,4,19,11,0,1,0,0,0,0,0,0
954,1.3870748299319726,1105,10.9,1010,85,811,73.53061224489795,1709,947,18.0,46.7,0.9569,2004,4,19,12,0,1,0,0,0,0,0,0
955,1.3782312925170068,1194,13.4,1097,85,743,73.36734693877551,1847,1049,16.5,58.2,1.0813,2004,4,19,13,0,1,0,0,0,0,0,0
956,1.3693877551020408,1088,7.9,893,85,892,73.20408163265306,1565,741,12.1,75.6,1.0662,2004,4,19,14,0,1,0,0,0,0,0,0
957,1.3605442176870748,1084,8.8,933,84,872,73.04081632653062,1602,801,11.1,75.6,0.9974,2004,4,19,15,0,1,0,0,0,0,0,0
958,1.3517006802721088,1207,11.5,1032,84,797,72.87755102040816,1701,969,10.5,79.0,1.0016,2004,4,19,16,0,1,0,0,0,0,0,0
959,1.342857142857143,1186,11.8,1042,84,808,72.71428571428572,1684,1038,10.0,80.5,0.9853,2004,4,19,17,0,1,0,0,0,0,0,0
960,1.334013605442177,1053,8.3,911,83,916,72.55102040816327,1528,889,11.3,70.5,0.9389,2004,4,19,18,0,1,0,0,0,0,0,0
961,1.325170068027211,1032,7.9,895,83,921,72.38775510204081,1508,879,10.7,71.5,0.9197,2004,4,19,19,0,1,0,0,0,0,0,0
962,1.316326530612245,989,6.7,846,83,960,72.22448979591837,1476,846,9.9,74.0,0.9009,2004,4,19,20,0,1,0,0,0,0,0,0
963,1.307482993197279,930,4.6,745,82,1085,72.06122448979592,1391,712,10.8,68.2,0.8806,2004,4,19,21,0,1,0,0,0,0,0,0
964,1.2986394557823129,951,5.0,766,82,1056,71.89795918367346,1431,747,10.2,74.0,0.9176,2004,4,19,22,0,1,0,0,0,0,0,0
965,1.2897959183673469,985,5.3,780,82,1017,71.73469387755102,1444,791,10.1,77.5,0.9579,2004,4,19,23,0,1,0,0,0,0,0,0
966,1.2809523809523808,937,3.9,703,82,1136,71.57142857142857,1377,637,9.9,77.7,0.9497,2004,4,20,0,0,0,1,0,0,0,0,0
967,1.2721088435374148,887,2.9,648,81,1222,71.40816326530613,1357,553,9.5,80.2,0.9533,2004,4,20,1,0,0,1,0,0,0,0,0
968,1.2632653061224488,806,1.5,544,81,1429,71.24489795918367,1290,449,9.5,79.7,0.9489,2004,4,20,2,0,0,1,0,0,0,0,0
971,1.236734693877551,878,2.9,644,80,1260,70.75510204081633,1410,685,10.0,79.6,0.98,2004,4,20,5,0,0,1,0,0,0,0,0
972,1.2278911564625852,1070,7.6,883,80,942,70.59183673469389,1625,925,10.3,79.4,0.9927,2004,4,20,6,0,0,1,0,0,0,0,0
973,1.2190476190476192,1430,20.7,1316,79,638,70.42857142857143,2069,1382,11.0,77.4,1.0135,2004,4,20,7,0,0,1,0,0,0,0,0
975,1.2013605442176871,1365,20.1,1299,79,637,70.10204081632654,1999,1514,14.5,60.4,0.9936,2004,4,20,9,0,0,1,0,0,0,0,0
976,1.192517006802721,1348,17.1,1214,79,678,69.93877551020408,1874,1509,16.0,56.3,1.0185,2004,4,20,10,0,0,1,0,0,0,0,0
977,1.183673469387755,1311,19.4,1279,78,648,69.77551020408163,1991,1520,18.1,51.1,1.0551,2004,4,20,11,0,0,1,0,0,0,0,0
978,1.174829931972789,1302,18.7,1260,78,658,69.61224489795919,1970,1471,23.0,37.5,1.0389,2004,4,20,12,0,0,1,0,0,0,0,0
979,1.165986394557823,1250,15.8,1173,78,720,69.44897959183673,1870,1282,21.8,39.6,1.0209,2004,4,20,13,0,0,1,0,0,0,0,0
980,1.157142857142857,1083,10.3,988,77,859,69.28571428571429,1643,1004,21.9,37.2,0.9683,2004,4,20,14,0,0,1,0,0,0,0,0
981,1.148299319727891,1005,7.9,894,77,956,69.12244897959184,1530,714,23.8,31.4,0.9132,2004,4,20,15,0,0,1,0,0,0,0,0
982,1.1394557823129252,1129,13.7,1107,77,844,68.95918367346938,1742,940,25.9,26.9,0.8845,2004,4,20,16,0,0,1,0,0,0,0,0
983,1.1306122448979592,1327,19.7,1289,76,712,68.79591836734694,1938,1272,25.8,29.9,0.9808,2004,4,20,17,0,0,1,0,0,0,0,0
984,1.1217687074829932,1428,25.3,1437,76,599,68.63265306122449,2156,1526,22.6,39.5,1.0679,2004,4,20,18,0,0,1,0,0,0,0,0
985,1.1129251700680272,1426,23.9,1400,76,612,68.46938775510205,2102,1488,19.9,45.0,1.0364,2004,4,20,19,0,0,1,0,0,0,0,0
986,1.1040816326530614,1310,20.6,1313,76,663,68.3061224489796,1958,1475,17.9,47.4,0.9657,2004,4,20,20,0,0,1,0,0,0,0,0
987,1.0952380952380953,1114,12.3,1059,75,792,68.14285714285714,1704,1182,16.8,50.4,0.9545,2004,4,20,21,0,0,1,0,0,0,0,0
988,1.0863945578231293,991,7.7,889,75,932,67.9795918367347,1550,933,16.0,52.0,0.9375,2004,4,20,22,0,0,1,0,0,0,0,0
989,1.0775510204081633,1089,9.0,940,75,866,67.81632653061224,1589,1001,14.2,59.1,0.952,2004,4,20,23,0,0,1,0,0,0,0,0
990,1.0687074829931973,911,4.5,740,74,1071,67.65306122448979,1412,756,14.2,56.7,0.9111,2004,4,21,0,0,0,0,1,0,0,0,0
991,1.0598639455782313,1005,5.8,802,74,976,67.48979591836735,1474,952,12.2,67.7,0.9625,2004,4,21,1,0,0,0,1,0,0,0,0
992,1.0510204081632653,863,3.2,664,74,1172,67.3265306122449,1381,808,13.2,61.7,0.9328,2004,4,21,2,0,0,0,1,0,0,0,0
993,1.0421768707482992,857,3.0,653,73,1197,67.16326530612245,1375,779,10.9,71.0,0.9249,2004,4,21,3,0,0,0,1,0,0,0,0
994,1.0333333333333332,804,2.0,585,73,1301,67.0,1319,717,11.3,67.6,0.9038,2004,4,21,4,0,0,0,1,0,0,0,0
995,1.0244897959183672,871,3.7,694,73,1160,66.83673469387756,1421,779,10.1,71.8,0.888,2004,4,21,5,0,0,0,1,0,0,0,0
996,1.0156462585034014,1035,8.7,929,73,887,66.6734693877551,1599,1009,10.2,70.9,0.8841,2004,4,21,6,0,0,0,1,0,0,0,0
997,1.0068027210884354,1513,27.0,1480,72,572,66.51020408163265,2249,1595,11.8,66.0,0.9085,2004,4,21,7,0,0,0,1,0,0,0,0
999,0.9891156462585035,1396,20.0,1296,72,619,66.18367346938776,1991,1628,17.0,50.2,0.9646,2004,4,21,9,0,0,0,1,0,0,0,0
1000,0.9802721088435374,1333,17.1,1212,71,668,66.0204081632653,1854,1573,22.3,36.9,0.9838,2004,4,21,10,0,0,0,1,0,0,0,0
1001,0.9714285714285714,1161,11.0,1016,71,849,65.85714285714286,1642,1187,24.4,30.9,0.934,2004,4,21,11,0,0,0,1,0,0,0,0
1002,0.9625850340136054,1081,10.6,1000,71,900,65.6938775510204,1561,900,25.9,26.7,0.8771,2004,4,21,12,0,0,0,1,0,0,0,0
1003,0.9537414965986395,1075,10.5,998,70,914,65.53061224489795,1574,800,25.8,26.1,0.854,2004,4,21,13,0,0,0,1,0,0,0,0
1004,0.9448979591836735,1055,9.6,964,70,953,65.36734693877551,1513,770,26.3,24.8,0.8393,2004,4,21,14,0,0,0,1,0,0,0,0
1005,0.9360544217687075,1053,9.3,953,70,988,65.20408163265306,1483,758,27.0,22.2,0.7805,2004,4,21,15,0,0,0,1,0,0,0,0
1006,0.9272108843537415,1087,12.7,1075,70,944,65.04081632653062,1558,886,27.3,20.5,0.7308,2004,4,21,16,0,0,0,1,0,0,0,0
1007,0.9183673469387755,1304,19.8,1291,69,765,64.87755102040816,1838,1219,25.8,24.1,0.7912,2004,4,21,17,0,0,0,1,0,0,0,0
1010,0.8918367346938776,1443,26.0,1455,68,635,64.38775510204081,2073,1600,21.4,36.0,0.9059,2004,4,21,20,0,0,0,1,0,0,0,0
1011,0.8829931972789116,1209,16.4,1193,68,753,64.22448979591837,1737,1310,19.8,39.5,0.9016,2004,4,21,21,0,0,0,1,0,0,0,0
1012,0.8741496598639455,1105,10.6,1000,68,847,64.06122448979592,1573,1208,19.2,42.1,0.9273,2004,4,21,22,0,0,0,1,0,0,0,0
1013,0.8653061224489795,1020,7.1,863,67,933,63.89795918367347,1492,1074,18.8,45.8,0.9855,2004,4,21,23,0,0,0,1,0,0,0,0
1014,0.8564625850340137,991,6.4,828,67,973,63.734693877551024,1469,993,17.1,50.8,0.9828,2004,4,22,0,0,0,0,0,1,0,0,0
1015,0.8476190476190477,937,4.6,741,67,1058,63.57142857142857,1420,923,16.2,53.4,0.9775,2004,4,22,1,0,0,0,0,1,0,0,0
1016,0.8387755102040817,882,3.0,654,67,1141,63.40816326530613,1377,819,16.0,53.5,0.9691,2004,4,22,2,0,0,0,0,1,0,0,0
1017,0.8299319727891157,843,2.2,597,66,1242,63.244897959183675,1341,727,14.3,59.2,0.9601,2004,4,22,3,0,0,0,0,1,0,0,0
1018,0.8210884353741497,819,1.7,565,66,1295,63.08163265306123,1316,694,13.3,62.6,0.9498,2004,4,22,4,0,0,0,0,1,0,0,0
1019,0.8122448979591836,834,2.2,596,66,1276,62.91836734693878,1335,727,13.4,59.5,0.9097,2004,4,22,5,0,0,0,0,1,0,0,0
1020,0.8034013605442176,977,5.7,800,65,990,62.755102040816325,1474,926,12.2,64.1,0.9062,2004,4,22,6,0,0,0,0,1,0,0,0
1021,0.7945578231292518,1234,13.8,1109,65,767,62.59183673469388,1729,1194,13.9,57.2,0.9029,2004,4,22,7,0,0,0,0,1,0,0,0
1022,0.7857142857142858,1403,21.6,1340,65,623,62.42857142857143,2003,1502,15.2,53.2,0.9107,2004,4,22,8,0,0,0,0,1,0,0,0
1023,0.7768707482993198,1538,26.1,1458,64,593,62.265306122448976,2186,1743,19.2,41.6,0.9154,2004,4,22,9,0,0,0,0,1,0,0,0
1024,0.7680272108843538,1343,20.1,1299,64,694,62.102040816326536,1945,1542,23.7,30.6,0.8854,2004,4,22,10,0,0,0,0,1,0,0,0
1025,0.7591836734693878,1243,15.4,1162,64,766,61.93877551020408,1731,1354,26.1,26.8,0.8921,2004,4,22,11,0,0,0,0,1,0,0,0
1026,0.7503401360544217,1201,13.6,1102,64,814,61.775510204081634,1682,1175,28.1,24.4,0.9138,2004,4,22,12,0,0,0,0,1,0,0,0
1027,0.7414965986394557,1121,11.1,1020,63,893,61.61224489795919,1585,916,28.3,23.9,0.906,2004,4,22,13,0,0,0,0,1,0,0,0
1028,0.7326530612244899,1087,12.2,1055,63,908,61.44897959183673,1562,818,28.0,21.0,0.7814,2004,4,22,14,0,0,0,0,1,0,0,0
1029,0.7238095238095239,1165,17.5,1225,63,824,61.28571428571429,1676,1028,30.8,16.4,0.7167,2004,4,22,15,0,0,0,0,1,0,0,0
1030,0.7149659863945579,1224,19.1,1270,62,806,61.12244897959184,1739,1113,31.3,16.2,0.7262,2004,4,22,16,0,0,0,0,1,0,0,0
1031,0.7061224489795919,1431,27.1,1482,62,679,60.95918367346939,2025,1431,29.4,20.5,0.8262,2004,4,22,17,0,0,0,0,1,0,0,0
1032,0.6972789115646258,1433,28.3,1510,62,661,60.79591836734694,2038,1503,25.8,24.3,0.794,2004,4,22,18,0,0,0,0,1,0,0,0
1034,0.6795918367346938,1387,22.4,1361,61,701,60.46938775510205,1932,1505,22.0,34.8,0.908,2004,4,22,20,0,0,0,0,1,0,0,0
1035,0.670748299319728,1158,13.5,1100,61,835,60.30612244897959,1659,1211,20.2,37.4,0.8748,2004,4,22,21,0,0,0,0,1,0,0,0
1036,0.661904761904762,1009,8.2,907,61,982,60.142857142857146,1466,872,19.3,38.8,0.8559,2004,4,22,22,0,0,0,0,1,0,0,0
1037,0.653061224489796,1026,7.8,890,60,976,59.9795918367347,1467,855,17.9,43.7,0.8856,2004,4,22,23,0,0,0,0,1,0,0,0
1038,0.64421768707483,1119,10.0,979,60,873,59.816326530612244,1593,1170,17.2,47.9,0.9334,2004,4,23,0,0,0,0,0,0,1,0,0
1039,0.6353741496598639,1000,6.6,839,60,958,59.6530612244898,1467,1024,16.3,49.7,0.916,2004,4,23,1,0,0,0,0,0,1,0,0
1040,0.6265306122448979,866,3.4,675,59,1155,59.48979591836735,1337,841,16.7,46.5,0.8755,2004,4,23,2,0,0,0,0,0,1,0,0
1041,0.6176870748299321,848,2.8,642,59,1202,59.326530612244895,1325,760,14.6,53.0,0.8775,2004,4,23,3,0,0,0,0,0,1,0,0
1042,0.6088435374149661,844,2.3,608,59,1213,59.163265306122454,1314,803,14.1,53.9,0.8633,2004,4,23,4,0,0,0,0,0,1,0,0
1043,0.6,852,2.9,646,59,1186,59.0,1321,793,14.2,52.2,0.8413,2004,4,23,5,0,0,0,0,0,1,0,0
1044,0.8,923,4.9,757,72,1041,67.0,1418,906,14.3,55.4,0.9003,2004,4,23,6,0,0,0,0,0,1,0,0
1045,4.0,1490,22.6,1368,244,627,95.0,2119,1541,14.0,58.0,0.9202,2004,4,23,7,0,0,0,0,0,1,0,0
1047,5.0,1553,22.1,1354,358,621,142.0,2030,1895,19.1,42.1,0.9233,2004,4,23,9,0,0,0,0,0,1,0,0
1048,3.2,1423,18.3,1247,245,706,142.0,1887,1684,23.7,31.0,0.8968,2004,4,23,10,0,0,0,0,0,1,0,0
1049,3.8,1458,22.0,1350,240,677,169.0,1947,1731,26.9,25.7,0.8942,2004,4,23,11,0,0,0,0,0,1,0,0
1050,3.3,1349,20.1,1299,179,728,142.0,1838,1402,29.7,20.6,0.8478,2004,4,23,12,0,0,0,0,0,1,0,0
1051,3.0,1326,18.9,1265,160,757,136.0,1835,1246,29.2,21.5,0.8573,2004,4,23,13,0,0,0,0,0,1,0,0
1052,3.2,1356,20.6,1312,174,729,147.0,1865,1342,29.6,20.1,0.8181,2004,4,23,14,0,0,0,0,0,1,0,0
1053,4.4,1460,25.3,1438,260,680,196.0,1953,1489,30.0,19.4,0.81,2004,4,23,15,0,0,0,0,0,1,0,0
1054,4.6,1497,25.8,1449,281,679,186.0,1985,1532,29.5,20.1,0.8136,2004,4,23,16,0,0,0,0,0,1,0,0
1056,4.8,1557,27.1,1483,250,615,164.0,2087,1757,24.9,30.8,0.954,2004,4,23,18,0,0,0,0,0,1,0,0
1058,4.6,1482,20.8,1319,230,660,146.0,1975,1703,21.5,40.8,1.0333,2004,4,23,20,0,0,0,0,0,1,0,0
1059,1.8,1211,10.9,1010,98,816,98.0,1619,1246,20.5,41.5,0.9864,2004,4,23,21,0,0,0,0,0,1,0,0
1060,2.2,1294,13.0,1083,121,770,108.0,1687,1321,19.2,44.9,0.9875,2004,4,23,22,0,0,0,0,0,1,0,0
1061,2.0,1300,11.8,1043,110,777,107.0,1659,1375,18.8,47.7,1.0221,2004,4,23,23,0,0,0,0,0,1,0,0
1062,2.8,1402,13.4,1098,161,736,113.0,1729,1456,18.2,49.7,1.0284,2004,4,24,0,1,0,0,0,0,0,1,0
1063,2.6,1349,13.4,1097,148,707,100.0,1763,1442,16.1,57.4,1.0451,2004,4,24,1,1,0,0,0,0,0,1,0
1064,1.8,1161,9.0,938,109,827,87.0,1597,1243,16.3,55.3,1.0178,2004,4,24,2,1,0,0,0,0,0,1,0
1065,1.1,1022,5.8,802,77,916,73.5,1481,1078,15.7,53.6,0.9483,2004,4,24,3,1,0,0,0,0,0,1,0
1066,0.9,948,3.8,700,45,1045,60.0,1430,939,16.9,49.8,0.9514,2004,4,24,4,1,0,0,0,0,0,1,0
1067,0.7,933,3.7,697,71,1045,65.0,1403,937,14.8,57.7,0.9644,2004,4,24,5,1,0,0,0,0,0,1,0
1068,0.9,1021,5.7,800,75,931,64.0,1483,1019,14.0,59.7,0.9499,2004,4,24,6,1,0,0,0,0,0,1,0
1069,1.5,1134,10.0,979,106,794,73.0,1639,1140,14.6,56.8,0.9385,2004,4,24,7,1,0,0,0,0,0,1,0
1070,2.5,1311,15.0,1147,166,681,86.0,1838,1351,16.7,51.9,0.9788,2004,4,24,8,1,0,0,0,0,0,1,0
1071,3.0,1409,15.6,1169,188,685,105.0,1874,1459,20.0,45.0,1.039,2004,4,24,9,1,0,0,0,0,0,1,0
1072,2.6,1301,12.3,1059,161,787,107.0,1727,1297,23.9,33.7,0.9837,2004,4,24,10,1,0,0,0,0,0,1,0
1073,2.6,1354,14.4,1130,139,765,114.0,1808,1291,26.8,29.5,1.0209,2004,4,24,11,1,0,0,0,0,0,1,0
1074,2.6,1391,14.6,1136,134,738,105.0,1840,1296,27.2,32.4,1.1493,2004,4,24,12,1,0,0,0,0,0,1,0
1075,1.9,1200,8.7,929,84,879,74.0,1623,972,26.9,32.1,1.1217,2004,4,24,13,1,0,0,0,0,0,1,0
1076,2.0,1338,11.0,1016,98,798,95.0,1766,1194,24.3,41.8,1.2561,2004,4,24,14,1,0,0,0,0,0,1,0
1077,1.7,1223,9.0,938,91,884,89.0,1610,880,25.6,36.0,1.1629,2004,4,24,15,1,0,0,0,0,0,1,0
1078,1.9,1278,10.7,1003,99,845,95.0,1691,909,27.0,31.8,1.1176,2004,4,24,16,1,0,0,0,0,0,1,0
1079,1.8,1257,9.9,973,90,860,93.0,1634,839,27.5,31.6,1.1417,2004,4,24,17,1,0,0,0,0,0,1,0
1080,2.8,1497,15.7,1171,147,725,123.0,1899,1248,24.9,38.1,1.1838,2004,4,24,18,1,0,0,0,0,0,1,0
1081,3.5,1567,19.4,1280,177,661,134.0,1970,1476,23.4,39.7,1.1276,2004,4,24,19,1,0,0,0,0,0,1,0
1082,3.4,1503,16.8,1203,162,651,126.0,1863,1502,21.2,50.8,1.2631,2004,4,24,20,1,0,0,0,0,0,1,0
1083,2.0,1169,6.8,850,88,906,79.0,1584,873,15.6,73.5,1.2953,2004,4,24,21,1,0,0,0,0,0,1,0
1084,1.1,1007,3.0,650,53,1157,54.0,1404,528,12.9,79.7,1.1774,2004,4,24,22,1,0,0,0,0,0,1,0
1085,1.3,1004,3.2,667,68,1157,69.0,1365,492,11.5,76.9,1.0436,2004,4,24,23,1,0,0,0,0,0,1,0
1086,1.2,967,3.1,661,61,1181,67.0,1321,463,12.2,66.8,0.9455,2004,4,25,0,1,0,0,0,0,0,0,1
1087,1.3,984,3.9,707,71,1131,73.0,1359,494,12.4,64.1,0.9209,2004,4,25,1,1,0,0,0,0,0,0,1
1088,1.0,931,3.6,689,63,1161,73.0,1317,503,12.7,58.7,0.8605,2004,4,25,2,1,0,0,0,0,0,0,1
1089,1.3,966,4.5,737,43,1083,53.0,1363,581,12.6,58.6,0.8529,2004,4,25,3,1,0,0,0,0,0,0,1
1095,0.8,875,2.3,603,48,1370,48.0,1206,385,15.1,43.9,0.7487,2004,4,25,9,1,0,0,0,0,0,0,1
1096,1.0,882,2.5,621,61,1346,56.0,1216,403,16.6,38.6,0.7236,2004,4,25,10,1,0,0,0,0,0,0,1
1097,0.9,862,2.7,635,58,1320,58.0,1193,393,17.2,35.0,0.6789,2004,4,25,11,1,0,0,0,0,0,0,1
1098,1.0,863,2.7,636,57,1290,52.0,1185,388,17.4,33.9,0.6683,2004,4,25,12,1,0,0,0,0,0,0,1
1099,0.8,830,2.2,596,54,1389,52.0,1145,371,17.9,30.7,0.6234,2004,4,25,13,1,0,0,0,0,0,0,1
1101,0.9,873,3.4,675,57,1343,59.0,1181,396,19.4,25.7,0.5738,2004,4,25,15,1,0,0,0,0,0,0,1
1102,1.3,931,4.5,739,83,1274,74.0,1219,474,20.2,24.1,0.563,2004,4,25,16,1,0,0,0,0,0,0,1
1103,1.4,918,4.7,748,81,1228,76.0,1219,505,19.6,24.9,0.5625,2004,4,25,17,1,0,0,0,0,0,0,1
1104,1.5,1001,6.0,811,98,1122,83.0,1344,625,18.5,27.8,0.5843,2004,4,25,18,1,0,0,0,0,0,0,1
1105,2.7,1169,11.7,1039,124,883,100.0,1550,941,17.8,30.3,0.6129,2004,4,25,19,1,0,0,0,0,0,0,1
1106,2.5,1085,8.2,907,133,976,101.0,1419,893,16.6,34.0,0.6353,2004,4,25,20,1,0,0,0,0,0,0,1
1107,1.4,940,5.1,769,100,1103,90.0,1310,731,15.5,37.0,0.6447,2004,4,25,21,1,0,0,0,0,0,0,1
1108,2.8,1126,13.0,1083,116,875,93.0,1654,955,14.8,39.5,0.6595,2004,4,25,22,1,0,0,0,0,0,0,1
1109,2.1,978,7.0,858,102,1013,79.0,1379,761,14.5,42.0,0.6896,2004,4,25,23,1,0,0,0,0,0,0,1
1110,1.1,893,3.9,703,55,1192,57.0,1283,515,14.1,44.9,0.7206,2004,4,26,0,0,1,0,0,0,0,0,0
1111,0.7,838,2.2,601,33,1361,43.0,1220,434,14.2,45.5,0.7333,2004,4,26,1,0,1,0,0,0,0,0,0
1116,0.8,898,3.4,676,70,1271,72.0,1307,517,14.0,43.8,0.6959,2004,4,26,6,0,1,0,0,0,0,0,0
1117,1.9,1053,7.5,880,116,982,91.0,1464,786,14.4,43.6,0.7113,2004,4,26,7,0,1,0,0,0,0,0,0
1118,2.1,1033,8.9,934,134,917,89.0,1490,844,15.0,41.7,0.7093,2004,4,26,8,0,1,0,0,0,0,0,0
1119,1.4,941,5.3,780,113,1080,84.0,1343,720,16.3,38.4,0.7052,2004,4,26,9,0,1,0,0,0,0,0,0
1120,1.4,941,5.4,782,110,1102,83.0,1328,668,18.3,32.3,0.676,2004,4,26,10,0,1,0,0,0,0,0,0
1121,1.3,917,5.2,772,98,1098,78.0,1311,605,18.8,31.7,0.6821,2004,4,26,11,0,1,0,0,0,0,0,0
1122,1.5,977,6.6,837,96,1038,80.0,1413,646,19.6,30.9,0.6968,2004,4,26,12,0,1,0,0,0,0,0,0
1123,1.6,994,6.9,851,95,1018,75.0,1436,640,20.2,30.7,0.7176,2004,4,26,13,0,1,0,0,0,0,0,0
1124,1.3,942,5.4,785,86,1065,77.0,1365,571,19.7,32.5,0.7396,2004,4,26,14,0,1,0,0,0,0,0,0
1125,1.4,981,6.0,810,86,1060,77.0,1395,605,20.7,31.6,0.7602,2004,4,26,15,0,1,0,0,0,0,0,0
1126,1.5,984,6.4,832,91,1034,81.0,1410,636,20.0,32.7,0.7545,2004,4,26,16,0,1,0,0,0,0,0,0
1127,2.2,1116,10.7,1003,119,864,101.0,1625,886,18.6,35.4,0.7535,2004,4,26,17,0,1,0,0,0,0,0,0
1128,3.2,1181,13.9,1114,147,787,119.0,1685,1032,18.3,35.9,0.7501,2004,4,26,18,0,1,0,0,0,0,0,0
1129,3.0,1163,12.5,1068,135,811,111.0,1616,977,17.8,37.5,0.7568,2004,4,26,19,0,1,0,0,0,0,0,0
1130,2.6,1081,9.3,950,124,907,109.0,1496,924,17.3,38.8,0.7584,2004,4,26,20,0,1,0,0,0,0,0,0
1131,1.6,1017,6.7,842,89,1000,101.0,1441,846,17.3,38.8,0.7596,2004,4,26,21,0,1,0,0,0,0,0,0
1132,1.5,966,5.3,778,79,1057,89.0,1359,755,16.4,40.8,0.7542,2004,4,26,22,0,1,0,0,0,0,0,0
1133,1.2,924,4.0,709,63,1158,75.0,1318,610,16.0,41.4,0.7487,2004,4,26,23,0,1,0,0,0,0,0,0
1134,0.8,861,2.2,601,39,1351,51.0,1225,439,15.4,43.0,0.7482,2004,4,27,0,0,0,1,0,0,0,0,0
1135,0.7,826,1.7,560,25,1424,39.0,1197,402,15.7,42.5,0.7539,2004,4,27,1,0,0,1,0,0,0,0,0
1136,0.5,846,1.6,557,19,1385,32.0,1212,406,15.6,43.4,0.7651,2004,4,27,2,0,0,1,0,0,0,0,0
1137,0.5,842,1.5,545,26,1423,40.5,1224,424,15.2,45.8,0.7864,2004,4,27,3,0,0,1,0,0,0,0,0
1138,0.6,909,2.5,617,34,1236,49.0,1302,558,14.7,49.9,0.828,2004,4,27,4,0,0,1,0,0,0,0,0
1139,0.7,930,3.3,670,58,1143,68.0,1339,746,15.5,47.3,0.8282,2004,4,27,5,0,0,1,0,0,0,0,0
1140,1.4,1120,8.9,935,112,843,76.0,1593,1126,14.4,53.1,0.8677,2004,4,27,6,0,0,1,0,0,0,0,0
1141,4.1,1518,23.4,1389,314,589,122.0,2101,1703,15.9,48.5,0.8704,2004,4,27,7,0,0,1,0,0,0,0,0
1142,4.6,1461,23.8,1398,240,630,129.0,2050,1628,18.1,40.3,0.8294,2004,4,27,8,0,0,1,0,0,0,0,0
1143,1.9,1075,7.9,896,128,938,94.0,1487,936,19.6,35.9,0.81,2004,4,27,9,0,0,1,0,0,0,0,0
1144,1.9,1061,8.2,908,141,968,99.0,1455,890,22.8,29.1,0.796,2004,4,27,10,0,0,1,0,0,0,0,0
1145,1.7,1066,8.8,931,118,979,81.0,1474,757,24.8,25.3,0.7793,2004,4,27,11,0,0,1,0,0,0,0,0
1146,2.4,1179,14.6,1137,132,829,87.0,1651,949,27.2,22.0,0.7785,2004,4,27,12,0,0,1,0,0,0,0,0
1147,3.0,1251,18.0,1238,150,773,107.0,1779,1109,28.2,20.4,0.7677,2004,4,27,13,0,0,1,0,0,0,0,0
1148,2.0,1120,12.0,1048,121,898,95.0,1560,870,25.4,24.2,0.7733,2004,4,27,14,0,0,1,0,0,0,0,0
1149,2.7,1187,14.8,1142,149,840,110.0,1651,1011,25.7,23.8,0.7737,2004,4,27,15,0,0,1,0,0,0,0,0
1150,2.2,1145,12.5,1066,120,903,99.0,1592,885,27.2,22.1,0.7811,2004,4,27,16,0,0,1,0,0,0,0,0
1151,2.9,1215,15.5,1164,155,817,113.0,1689,1015,27.0,22.3,0.786,2004,4,27,17,0,0,1,0,0,0,0,0
1152,3.4,1317,17.7,1231,172,766,127.0,1798,1155,24.5,27.8,0.8433,2004,4,27,18,0,0,1,0,0,0,0,0
1153,3.9,1388,21.6,1341,177,702,131.0,1955,1315,23.7,30.2,0.8718,2004,4,27,19,0,0,1,0,0,0,0,0
1154,3.6,1295,18.9,1266,181,716,137.0,1849,1359,21.5,34.5,0.8746,2004,4,27,20,0,0,1,0,0,0,0,0
1155,2.5,1153,12.5,1066,135,811,122.0,1651,1194,19.9,37.8,0.8675,2004,4,27,21,0,0,1,0,0,0,0,0
1156,1.8,1078,8.8,932,99,905,100.0,1511,951,18.9,40.6,0.8771,2004,4,27,22,0,0,1,0,0,0,0,0
1157,2.0,1133,10.9,1012,111,806,108.0,1608,1054,17.9,43.5,0.884,2004,4,27,23,0,0,1,0,0,0,0,0
1158,1.3,1055,8.0,899,72,880,83.0,1504,980,17.4,46.3,0.9112,2004,4,28,0,0,0,0,1,0,0,0,0
1159,1.0,953,4.4,735,54,999,74.0,1396,898,18.1,44.7,0.9186,2004,4,28,1,0,0,0,1,0,0,0,0
1160,0.6,892,2.8,639,41,1139,64.0,1359,803,16.5,50.1,0.9331,2004,4,28,2,0,0,0,1,0,0,0,0
1161,0.6,895,2.7,632,32,1167,52.0,1347,684,14.2,56.9,0.9141,2004,4,28,3,0,0,0,1,0,0,0,0
1162,0.55,859,2.2,602,24,1209,40.0,1321,644,14.7,56.2,0.9341,2004,4,28,4,0,0,0,1,0,0,0,0
1163,0.5,856,2.5,619,29,1191,39.0,1345,677,16.3,52.8,0.9722,2004,4,28,5,0,0,0,1,0,0,0,0
1164,1.1,1030,7.5,880,76,892,69.0,1539,996,13.9,60.7,0.9597,2004,4,28,6,0,0,0,1,0,0,0,0
1166,4.2,1486,22.0,1351,274,571,100.0,2112,1692,16.1,54.8,0.996,2004,4,28,8,0,0,0,1,0,0,0,0
1167,4.6,1592,24.7,1423,322,577,146.0,2155,2108,19.3,46.4,1.0248,2004,4,28,9,0,0,0,1,0,0,0,0
1168,3.4,1469,18.4,1252,255,692,155.0,1903,1807,24.2,33.8,1.0097,2004,4,28,10,0,0,0,1,0,0,0,0
1169,2.8,1364,16.8,1205,196,723,139.0,1850,1566,26.7,28.7,0.9895,2004,4,28,11,0,0,0,1,0,0,0,0
1170,2.5,1285,14.2,1123,136,755,121.0,1741,1293,27.4,28.2,1.0098,2004,4,28,12,0,0,0,1,0,0,0,0
1171,2.4,1311,15.7,1170,119,748,108.0,1787,1219,28.1,26.9,1.0094,2004,4,28,13,0,0,0,1,0,0,0,0
1172,3.2,1416,21.9,1348,169,684,126.0,1969,1330,27.7,26.5,0.9693,2004,4,28,14,0,0,0,1,0,0,0,0
1173,3.5,1387,20.8,1318,197,701,145.0,1890,1299,28.4,23.4,0.8935,2004,4,28,15,0,0,0,1,0,0,0,0
1174,2.9,1329,16.2,1185,140,768,121.0,1750,1111,28.4,26.0,0.9922,2004,4,28,16,0,0,0,1,0,0,0,0
1175,3.6,1496,19.8,1292,178,680,145.0,1878,1300,27.3,30.0,1.0752,2004,4,28,17,0,0,0,1,0,0,0,0
1177,5.4,1724,28.3,1510,222,562,155.0,2252,1716,23.1,42.2,1.1746,2004,4,28,19,0,0,0,1,0,0,0,0
1178,5.3,1642,24.9,1426,265,597,162.0,2117,1720,21.8,43.6,1.1226,2004,4,28,20,0,0,0,1,0,0,0,0
1179,2.7,1267,13.1,1088,151,764,129.0,1740,1339,19.8,46.8,1.0702,2004,4,28,21,0,0,0,1,0,0,0,0
1180,1.4,1146,8.6,923,79,845,96.0,1575,1166,19.6,49.8,1.1221,2004,4,28,22,0,0,0,1,0,0,0,0
1181,1.6,1216,9.5,960,87,788,92.0,1662,1256,17.9,56.2,1.142,2004,4,28,23,0,0,0,1,0,0,0,0
1182,1.5,1128,7.8,891,88,838,89.0,1574,1125,17.4,55.6,1.0963,2004,4,29,0,0,0,0,0,1,0,0,0
1183,1.0,1042,5.2,772,51,923,61.0,1495,968,16.8,59.5,1.1269,2004,4,29,1,0,0,0,0,1,0,0,0
1184,0.6,926,2.8,639,34,1115,54.0,1409,814,15.9,60.1,1.0806,2004,4,29,2,0,0,0,0,1,0,0,0
1185,0.4,898,2.3,608,32,1154,49.0,1386,743,15.6,61.2,1.0784,2004,4,29,3,0,0,0,0,1,0,0,0
1186,0.6000000000000001,889,2.5,617,31,1168,44.0,1382,758,14.6,63.4,1.0446,2004,4,29,4,0,0,0,0,1,0,0,0
1187,0.8,959,4.4,734,76,1038,57.0,1470,861,13.3,67.0,1.0203,2004,4,29,5,0,0,0,0,1,0,0,0
1188,1.5,1097,9.4,956,139,827,68.0,1620,1047,12.9,66.5,0.9846,2004,4,29,6,0,0,0,0,1,0,0,0
1191,3.5,1408,18.0,1241,250,648,135.0,1886,1711,18.6,47.8,1.0143,2004,4,29,9,0,0,0,0,1,0,0,0
1192,2.1,1156,10.9,1009,145,875,118.0,1583,1204,23.8,30.2,0.8771,2004,4,29,10,0,0,0,0,1,0,0,0
1193,1.5,1042,9.0,941,110,971,91.0,1491,871,25.4,25.0,0.7966,2004,4,29,11,0,0,0,0,1,0,0,0
1194,2.0,1167,14.4,1128,104,829,89.0,1716,1040,25.6,25.5,0.8234,2004,4,29,12,0,0,0,0,1,0,0,0
1195,3.8,1398,22.3,1360,205,656,129.0,2037,1439,24.9,29.9,0.9325,2004,4,29,13,0,0,0,0,1,0,0,0
1196,3.4,1458,20.9,1321,201,654,122.0,2023,1516,22.4,37.9,1.016,2004,4,29,14,0,0,0,0,1,0,0,0
1197,4.4,1554,23.1,1379,266,614,138.0,2151,1693,21.7,44.0,1.1242,2004,4,29,15,0,0,0,0,1,0,0,0
1198,3.9,1495,21.2,1331,246,615,136.0,2069,1635,21.4,44.4,1.1176,2004,4,29,16,0,0,0,0,1,0,0,0
1199,4.9,1560,24.8,1424,247,579,143.0,2176,1688,20.8,45.3,1.1016,2004,4,29,17,0,0,0,0,1,0,0,0
1202,4.3,1524,19.2,1275,245,608,122.0,2046,1740,18.6,57.6,1.2233,2004,4,29,20,0,0,0,0,1,0,0,0
1203,2.9,1398,16.3,1189,180,646,112.0,1931,1577,18.2,58.8,1.2173,2004,4,29,21,0,0,0,0,1,0,0,0
1204,2.7,1342,13.7,1106,156,694,102.0,1856,1443,17.8,61.0,1.2352,2004,4,29,22,0,0,0,0,1,0,0,0
1205,2.8,1433,13.6,1104,172,681,97.0,1876,1411,17.0,70.7,1.3554,2004,4,29,23,0,0,0,0,1,0,0,0
1206,2.3,1297,11.1,1019,137,733,85.0,1823,1217,16.2,76.9,1.4051,2004,4,30,0,0,0,0,0,0,1,0,0
1207,1.7,1179,7.6,884,91,830,76.0,1696,1086,15.7,78.6,1.3943,2004,4,30,1,0,0,0,0,0,1,0,0
1208,1.2,1097,5.9,809,80,897,74.0,1628,1050,15.7,78.4,1.3917,2004,4,30,2,0,0,0,0,0,1,0,0
1209,1.0,1054,5.0,761,63,963,65.0,1598,965,15.7,77.4,1.3683,2004,4,30,3,0,0,0,0,0,1,0,0
1210,0.9,1017,4.0,711,46,1009,56.0,1554,906,15.4,78.5,1.3635,2004,4,30,4,0,0,0,0,0,1,0,0
1211,0.8,1005,4.5,738,68,1005,66.0,1563,917,15.7,74.7,1.3194,2004,4,30,5,0,0,0,0,0,1,0,0
1212,1.7,1206,9.3,949,162,818,90.0,1771,1116,15.9,73.1,1.3136,2004,4,30,6,0,0,0,0,0,1,0,0
1213,3.0,1458,18.3,1249,213,662,111.0,2033,1380,16.6,68.2,1.2737,2004,4,30,7,0,0,0,0,0,1,0,0
1214,3.4,1405,19.9,1295,161,638,103.0,2065,1378,18.7,57.6,1.2323,2004,4,30,8,0,0,0,0,0,1,0,0
1215,3.3,1381,16.6,1199,209,685,117.0,1970,1365,17.6,65.0,1.2945,2004,4,30,9,0,0,0,0,0,1,0,0
1216,2.7,1315,12.6,1072,191,736,116.0,1833,1273,16.3,73.2,1.3458,2004,4,30,10,0,0,0,0,0,1,0,0
1217,2.6,1332,12.9,1082,215,707,109.0,1889,1242,16.0,78.5,1.4209,2004,4,30,11,0,0,0,0,0,1,0,0
1218,3.2,1362,14.9,1145,212,673,116.0,1973,1294,17.3,72.4,1.4125,2004,4,30,12,0,0,0,0,0,1,0,0
1219,3.4,1399,17.4,1222,202,643,115.0,2061,1413,19.4,60.9,1.3545,2004,4,30,13,0,0,0,0,0,1,0,0
1220,2.6,1310,15.4,1160,153,695,94.0,1939,1224,21.4,50.9,1.2823,2004,4,30,14,0,0,0,0,0,1,0,0
1221,3.4,1399,16.7,1201,185,699,121.0,1971,1318,22.7,45.8,1.2465,2004,4,30,15,0,0,0,0,0,1,0,0
1222,4.0,1524,18.0,1239,210,644,114.0,2139,1404,20.9,60.8,1.4852,2004,4,30,16,0,0,0,0,0,1,0,0
1223,4.5,1487,19.2,1274,215,641,110.0,2133,1471,21.0,54.3,1.3353,2004,4,30,17,0,0,0,0,0,1,0,0
1224,4.2,1480,21.0,1324,215,622,122.0,2162,1623,20.8,54.4,1.3194,2004,4,30,18,0,0,0,0,0,1,0,0
1226,4.4,1449,19.5,1282,254,625,133.0,2100,1569,19.1,61.1,1.3345,2004,4,30,20,0,0,0,0,0,1,0,0
1227,3.1,1363,15.1,1152,189,684,110.0,1951,1495,18.2,65.4,1.3529,2004,4,30,21,0,0,0,0,0,1,0,0
1228,3.0,1371,14.6,1136,174,689,102.0,1927,1471,18.1,66.1,1.3579,2004,4,30,22,0,0,0,0,0,1,0,0
1229,3.1,1406,13.7,1107,167,718,108.0,1872,1384,17.7,66.9,1.3422,2004,4,30,23,0,0,0,0,0,1,0,0
1230,3.5,1425,15.2,1155,185,709,110.0,1936,1789,17.8,66.8,1.346,2004,5,1,0,1,0,0,0,0,0,1,0
1231,2.4,1179,9.3,951,129,826,84.0,1724,1323,17.3,68.3,1.3346,2004,5,1,1,1,0,0,0,0,0,1,0
1232,1.6,1047,6.5,833,85,939,71.0,1647,1081,16.5,70.2,1.3099,2004,5,1,2,1,0,0,0,0,0,1,0
1233,1.3,1009,6.3,825,60,950,56.5,1629,938,15.7,73.1,1.2902,2004,5,1,3,1,0,0,0,0,0,1,0
1234,0.95,882,3.5,685,35,1134,42.0,1492,673,16.2,69.9,1.2756,2004,5,1,4,1,0,0,0,0,0,1,0
1235,0.6,858,2.6,624,24,1205,32.0,1434,543,16.7,67.1,1.2619,2004,5,1,5,1,0,0,0,0,0,1,0
1236,0.7,875,3.1,659,30,1180,35.0,1452,561,16.7,66.9,1.2631,2004,5,1,6,1,0,0,0,0,0,1,0
1237,1.2,1012,6.5,833,75,916,67.0,1632,862,16.9,66.5,1.2688,2004,5,1,7,1,0,0,0,0,0,1,0
1238,1.5,1049,6.5,836,79,926,73.0,1615,901,17.7,62.0,1.2458,2004,5,1,8,1,0,0,0,0,0,1,0
1239,1.8,1131,8.8,932,104,854,86.0,1693,1048,19.4,54.6,1.2184,2004,5,1,9,1,0,0,0,0,0,1,0
1240,2.1,1120,8.8,931,118,886,89.0,1652,971,21.6,46.1,1.1725,2004,5,1,10,1,0,0,0,0,0,1,0
1241,1.9,1117,9.2,946,105,909,86.0,1657,915,24.6,36.7,1.1202,2004,5,1,11,1,0,0,0,0,0,1,0
1242,2.0,1110,9.2,948,101,901,86.0,1632,891,26.0,31.9,1.0566,2004,5,1,12,1,0,0,0,0,0,1,0
1243,1.3,962,6.1,816,65,1044,66.0,1489,628,25.6,31.5,1.0184,2004,5,1,13,1,0,0,0,0,0,1,0
1244,1.3,963,6.5,835,59,1029,68.0,1495,556,24.8,34.8,1.0716,2004,5,1,14,1,0,0,0,0,0,1,0
1245,1.8,1050,9.2,948,80,928,82.0,1584,652,26.1,30.3,1.0101,2004,5,1,15,1,0,0,0,0,0,1,0
1246,2.0,1053,8.3,911,98,949,91.0,1603,683,25.5,33.5,1.0767,2004,5,1,16,1,0,0,0,0,0,1,0
1247,1.8,1045,8.3,910,89,948,95.0,1598,624,23.7,37.2,1.0746,2004,5,1,17,1,0,0,0,0,0,1,0
1248,2.4,1124,11.0,1013,114,849,104.0,1676,733,22.3,38.9,1.0324,2004,5,1,18,1,0,0,0,0,0,1,0
1249,4.0,1330,14.7,1140,195,759,131.0,1780,1062,20.7,42.8,1.0298,2004,5,1,19,1,0,0,0,0,0,1,0
1250,2.8,1171,10.8,1006,156,835,112.0,1674,988,19.0,51.7,1.1222,2004,5,1,20,1,0,0,0,0,0,1,0
1251,2.0,1085,9.4,954,109,866,100.0,1656,871,17.8,55.5,1.1174,2004,5,1,21,1,0,0,0,0,0,1,0
1252,3.6,1358,14.8,1144,184,727,115.0,1851,1243,17.4,57.6,1.1342,2004,5,1,22,1,0,0,0,0,0,1,0
1253,3.7,1385,13.3,1094,190,765,129.0,1769,1175,17.6,58.5,1.1645,2004,5,1,23,1,0,0,0,0,0,1,0
1254,2.3,1167,8.4,914,105,876,99.0,1599,1126,17.2,59.3,1.1551,2004,5,2,0,1,0,0,0,0,0,0,1
1255,1.8,1072,7.9,894,76,893,74.0,1646,1118,17.1,60.4,1.1633,2004,5,2,1,1,0,0,0,0,0,0,1
1256,0.9,938,5.5,789,38,989,55.0,1536,864,16.4,62.2,1.1507,2004,5,2,2,1,0,0,0,0,0,0,1
1257,1.6,1000,6.6,838,32,910,45.0,1580,942,14.8,67.6,1.1352,2004,5,2,3,1,0,0,0,0,0,0,1
1258,1.1,854,3.3,670,26,1141,35.0,1460,684,14.8,65.8,1.1028,2004,5,2,4,1,0,0,0,0,0,0,1
1259,0.6,815,2.6,628,33,1212,37.0,1426,689,14.7,65.2,1.0811,2004,5,2,5,1,0,0,0,0,0,0,1
1260,0.7,866,3.6,689,57,1138,45.0,1456,767,13.1,70.2,1.0554,2004,5,2,6,1,0,0,0,0,0,0,1
1261,0.8,911,4.8,751,48,1036,46.0,1518,817,14.3,66.2,1.0728,2004,5,2,7,1,0,0,0,0,0,0,1
1262,1.2,988,5.9,806,87,951,68.0,1568,940,16.0,61.6,1.1083,2004,5,2,8,1,0,0,0,0,0,0,1
1263,1.4,1046,6.9,851,94,920,77.0,1595,908,17.7,56.4,1.1342,2004,5,2,9,1,0,0,0,0,0,0,1
1264,1.6,1085,8.5,918,89,890,79.0,1639,871,21.3,44.7,1.1157,2004,5,2,10,1,0,0,0,0,0,0,1
1265,1.3,1008,6.1,816,78,1015,72.0,1531,689,23.6,36.4,1.0431,2004,5,2,11,1,0,0,0,0,0,0,1
1266,1.3,1004,6.2,821,72,1031,68.0,1510,629,24.3,34.0,1.0149,2004,5,2,12,1,0,0,0,0,0,0,1
1267,1.1,948,4.8,754,64,1086,64.0,1436,602,24.4,32.7,0.9863,2004,5,2,13,1,0,0,0,0,0,0,1
1268,1.2,1026,6.8,847,70,1010,73.0,1519,617,24.6,31.7,0.9647,2004,5,2,14,1,0,0,0,0,0,0,1
1269,1.5,1047,7.0,859,92,948,84.0,1538,677,23.9,34.3,1.002,2004,5,2,15,1,0,0,0,0,0,0,1
1270,1.1,1018,5.5,790,69,1047,67.0,1443,580,25.9,28.1,0.9258,2004,5,2,16,1,0,0,0,0,0,0,1
1271,1.9,1160,9.5,957,131,884,106.0,1637,861,24.5,32.3,0.9815,2004,5,2,17,1,0,0,0,0,0,0,1
1272,2.3,1269,11.9,1047,144,809,114.0,1721,1080,22.6,39.3,1.06,2004,5,2,18,1,0,0,0,0,0,0,1
1273,3.3,1394,13.8,1111,209,736,123.0,1853,1288,21.2,47.5,1.1828,2004,5,2,19,1,0,0,0,0,0,0,1
1274,2.6,1292,10.7,1003,170,789,108.0,1753,1163,19.9,54.9,1.2632,2004,5,2,20,1,0,0,0,0,0,0,1
1275,2.2,1212,9.7,966,152,840,100.0,1691,1043,19.4,52.1,1.1642,2004,5,2,21,1,0,0,0,0,0,0,1
1276,2.3,1137,10.2,985,171,858,118.0,1607,1045,19.4,42.6,0.9485,2004,5,2,22,1,0,0,0,0,0,0,1
1277,2.0,1080,8.3,910,153,923,121.0,1548,929,19.1,44.1,0.966,2004,5,2,23,1,0,0,0,0,0,0,1
1278,1.6,1031,7.1,861,97,903,94.0,1534,825,18.0,49.3,1.0086,2004,5,3,0,0,1,0,0,0,0,0,0
1279,0.8,917,3.0,654,37,1169,52.0,1414,545,17.6,54.6,1.0918,2004,5,3,1,0,1,0,0,0,0,0,0
1280,0.6,888,2.2,598,26,1228,39.0,1397,500,16.4,62.1,1.1493,2004,5,3,2,0,1,0,0,0,0,0,0
1281,0.4,872,1.7,564,25,1284,36.0,1385,494,15.6,65.3,1.1484,2004,5,3,3,0,1,0,0,0,0,0,0
1282,0.55,876,1.5,547,25,1256,33.0,1351,505,16.0,61.4,1.1043,2004,5,3,4,0,1,0,0,0,0,0,0
1283,0.7,964,3.7,697,61,1067,57.0,1516,717,15.8,64.3,1.1416,2004,5,3,5,0,1,0,0,0,0,0,0
1284,1.3,1147,8.2,906,152,815,80.0,1687,1126,16.0,65.8,1.1844,2004,5,3,6,0,1,0,0,0,0,0,0
1285,3.4,1493,21.1,1328,283,577,101.0,2193,1597,16.8,62.5,1.1869,2004,5,3,7,0,1,0,0,0,0,0,0
1286,4.7,1597,26.5,1466,320,518,109.0,2400,1687,16.9,66.1,1.2613,2004,5,3,8,0,1,0,0,0,0,0,0
1287,3.4,1483,17.4,1222,318,597,109.0,2054,1529,17.4,68.9,1.3557,2004,5,3,9,0,1,0,0,0,0,0,0
1288,2.5,1222,12.9,1080,201,742,111.0,1755,1366,21.4,45.0,1.1291,2004,5,3,10,0,1,0,0,0,0,0,0
1289,2.0,1060,10.9,1010,135,858,102.0,1623,1074,23.9,30.7,0.9002,2004,5,3,11,0,1,0,0,0,0,0,0
1290,1.9,1048,11.0,1013,127,886,96.0,1584,940,26.8,25.2,0.8721,2004,5,3,12,0,1,0,0,0,0,0,0
1291,1.7,1051,10.8,1008,102,911,90.0,1561,921,28.4,23.6,0.8983,2004,5,3,13,0,1,0,0,0,0,0,0
1292,1.4,998,10.0,977,74,947,69.0,1496,695,30.3,20.1,0.8539,2004,5,3,14,0,1,0,0,0,0,0,0
1293,1.5,1058,11.2,1023,81,896,74.0,1580,795,30.9,19.7,0.8649,2004,5,3,15,0,1,0,0,0,0,0,0
1294,2.4,1203,16.8,1204,129,790,102.0,1744,1079,30.2,20.5,0.8672,2004,5,3,16,0,1,0,0,0,0,0,0
1295,3.9,1491,23.6,1392,190,630,128.0,2149,1473,26.4,34.6,1.1724,2004,5,3,17,0,1,0,0,0,0,0,0
1296,4.2,1467,23.3,1385,192,623,130.0,2084,1493,24.9,39.4,1.2268,2004,5,3,18,0,1,0,0,0,0,0,0
1297,3.7,1407,19.4,1279,163,660,120.0,2009,1308,23.5,43.7,1.2484,2004,5,3,19,0,1,0,0,0,0,0,0
1298,3.2,1324,13.1,1086,149,692,113.0,1903,1189,19.3,63.1,1.4028,2004,5,3,20,0,1,0,0,0,0,0,0
1299,2.0,1214,9.8,970,119,777,100.0,1771,1076,18.7,64.6,1.3836,2004,5,3,21,0,1,0,0,0,0,0,0
1300,1.1,1016,5.3,780,61,967,70.0,1566,806,19.5,57.1,1.2806,2004,5,3,22,0,1,0,0,0,0,0,0
1301,1.5,1135,6.7,842,84,872,83.0,1653,973,18.9,62.5,1.3521,2004,5,3,23,0,1,0,0,0,0,0,0
1302,1.3,1065,5.5,789,79,936,81.0,1620,929,18.4,65.8,1.3802,2004,5,4,0,0,0,1,0,0,0,0,0
1303,1.0,999,3.7,692,58,1038,69.0,1588,778,16.4,79.2,1.4681,2004,5,4,1,0,0,1,0,0,0,0,0
1304,0.6,911,2.2,599,32,1189,48.0,1517,633,16.1,80.0,1.4562,2004,5,4,2,0,0,1,0,0,0,0,0
1305,0.4,873,1.5,545,26,1308,38.0,1471,497,15.6,81.0,1.4302,2004,5,4,3,0,0,1,0,0,0,0,0
1306,0.5,881,1.5,546,21,1335,28.0,1465,458,15.6,81.0,1.4216,2004,5,4,4,0,0,1,0,0,0,0,0
1307,0.6,967,2.9,646,49,1117,47.0,1552,579,15.7,80.5,1.4236,2004,5,4,5,0,0,1,0,0,0,0,0
1308,1.9,1280,9.9,976,180,780,88.0,1912,1003,16.0,80.8,1.4602,2004,5,4,6,0,0,1,0,0,0,0,0
1309,4.5,1564,23.0,1379,302,552,109.0,2306,1393,16.6,78.0,1.4572,2004,5,4,7,0,0,1,0,0,0,0,0
1310,4.3,1505,22.3,1358,258,556,113.0,2248,1406,16.1,79.2,1.4398,2004,5,4,8,0,0,1,0,0,0,0,0
1311,3.2,1309,16.2,1186,192,649,104.0,1973,1308,17.7,70.8,1.4171,2004,5,4,9,0,0,1,0,0,0,0,0
1312,1.3,1035,7.9,895,84,898,65.0,1657,863,20.3,54.8,1.2867,2004,5,4,10,0,0,1,0,0,0,0,0
1313,2.2,1148,12.4,1062,128,753,87.0,1825,1004,21.2,49.3,1.2271,2004,5,4,11,0,0,1,0,0,0,0,0
1314,2.6,1152,13.6,1104,145,725,99.0,1860,1023,21.5,47.9,1.2178,2004,5,4,12,0,0,1,0,0,0,0,0
1315,2.3,1131,12.3,1059,132,772,100.0,1784,978,21.4,47.7,1.2047,2004,5,4,13,0,0,1,0,0,0,0,0
1316,2.4,1142,12.1,1053,136,753,105.0,1814,979,20.4,54.0,1.2757,2004,5,4,14,0,0,1,0,0,0,0,0
1317,2.6,1197,12.9,1082,140,753,97.0,1851,971,19.9,57.1,1.3158,2004,5,4,15,0,0,1,0,0,0,0,0
1318,1.2,960,6.3,828,55,971,54.0,1565,617,19.9,55.2,1.2701,2004,5,4,16,0,0,1,0,0,0,0,0
1319,1.6,1077,10.6,1001,67,836,59.0,1764,717,19.5,55.7,1.2512,2004,5,4,17,0,0,1,0,0,0,0,0
1320,3.9,1377,20.6,1313,191,612,109.0,2120,1220,18.3,62.8,1.3127,2004,5,4,18,0,0,1,0,0,0,0,0
1321,4.7,1405,22.1,1353,227,602,125.0,2185,1296,17.2,68.3,1.3289,2004,5,4,19,0,0,1,0,0,0,0,0
1322,5.4,1484,20.8,1319,264,591,132.0,2166,1413,16.1,75.2,1.3654,2004,5,4,20,0,0,1,0,0,0,0,0
1323,3.0,1187,11.8,1042,196,766,110.0,1840,1093,16.6,70.8,1.3253,2004,5,4,21,0,0,1,0,0,0,0,0
1324,0.9,870,4.3,729,43,1096,53.0,1475,586,18.5,56.0,1.181,2004,5,4,22,0,0,1,0,0,0,0,0
1325,1.1,932,5.0,765,58,1054,61.0,1543,575,17.3,59.5,1.1667,2004,5,4,23,0,0,1,0,0,0,0,0
1326,0.7,830,2.3,608,33,1282,41.0,1370,441,18.6,52.3,1.1121,2004,5,5,0,0,0,0,1,0,0,0,0
1329,0.5,842,1.8,565,23,1327,34.5,1399,437,15.5,66.9,1.1691,2004,5,5,3,0,0,0,1,0,0,0,0
1330,0.65,867,2.1,589,28,1267,41.0,1439,468,14.7,74.1,1.2302,2004,5,5,4,0,0,0,1,0,0,0,0
1331,0.8,927,3.5,682,56,1109,54.0,1526,580,14.6,77.1,1.2727,2004,5,5,5,0,0,0,1,0,0,0,0
1332,1.3,1060,6.9,851,108,912,81.0,1673,805,14.5,78.3,1.2851,2004,5,5,6,0,0,0,1,0,0,0,0
1333,3.5,1440,19.1,1271,251,630,107.0,2163,1273,15.1,76.8,1.3061,2004,5,5,7,0,0,0,1,0,0,0,0
1334,3.7,1449,22.0,1350,253,571,115.5,2264,1452,16.4,70.8,1.3088,2004,5,5,8,0,0,0,1,0,0,0,0
1335,3.9,1384,18.9,1265,255,620,124.0,2143,1307,16.4,72.4,1.3379,2004,5,5,9,0,0,0,1,0,0,0,0
1336,2.9,1172,13.0,1085,214,737,123.0,1876,1102,16.3,68.6,1.2657,2004,5,5,10,0,0,0,1,0,0,0,0
1337,2.6,1143,13.0,1083,190,735,120.0,1887,1083,17.2,62.9,1.2228,2004,5,5,11,0,0,0,1,0,0,0,0
1338,3.0,1167,14.5,1134,182,709,113.0,1920,1083,17.4,61.1,1.206,2004,5,5,12,0,0,0,1,0,0,0,0
1339,3.7,1303,19.7,1288,202,618,114.0,2116,1236,16.8,66.8,1.2691,2004,5,5,13,0,0,0,1,0,0,0,0
1340,3.9,1264,19.4,1279,224,631,120.0,2049,1223,17.3,62.6,1.226,2004,5,5,14,0,0,0,1,0,0,0,0
1341,3.5,1242,16.4,1193,221,684,125.0,1945,1175,17.5,60.8,1.2029,2004,5,5,15,0,0,0,1,0,0,0,0
1342,2.4,1070,11.2,1022,126,824,88.0,1740,933,17.5,59.2,1.1725,2004,5,5,16,0,0,0,1,0,0,0,0
1343,1.6,981,10.0,978,79,857,72.0,1682,835,17.7,56.9,1.1392,2004,5,5,17,0,0,0,1,0,0,0,0
1344,3.0,1198,14.6,1136,137,717,103.0,1870,1291,17.1,61.5,1.1873,2004,5,5,18,0,0,0,1,0,0,0,0
1345,1.6,1000,8.5,918,68,881,67.0,1661,802,17.5,63.9,1.2667,2004,5,5,19,0,0,0,1,0,0,0,0
1346,2.1,1110,9.2,949,96,850,79.0,1733,842,15.9,70.7,1.2672,2004,5,5,20,0,0,0,1,0,0,0,0
1347,1.8,1023,6.9,854,111,918,89.0,1637,744,15.1,75.1,1.2799,2004,5,5,21,0,0,0,1,0,0,0,0
1348,1.1,861,3.7,695,56,1130,67.0,1438,500,13.9,72.5,1.1502,2004,5,5,22,0,0,0,1,0,0,0,0
1349,1.5,969,4.9,760,81,1059,83.0,1518,560,12.0,79.8,1.1175,2004,5,5,23,0,0,0,1,0,0,0,0
1350,1.4,898,4.6,741,79,1085,76.0,1468,589,12.5,75.8,1.0938,2004,5,6,0,0,0,0,0,1,0,0,0
1351,0.9,835,3.4,674,46,1201,58.0,1416,488,12.0,75.0,1.0499,2004,5,6,1,0,0,0,0,1,0,0,0
1355,0.6,804,2.3,604,48,1366,50.0,1357,420,13.2,64.6,0.9774,2004,5,6,5,0,0,0,0,1,0,0,0
1356,1.3,948,6.1,817,128,1048,92.0,1546,695,13.1,65.6,0.9815,2004,5,6,6,0,0,0,0,1,0,0,0
1357,2.9,1204,16.8,1205,193,729,101.0,1984,1139,14.7,58.5,0.9688,2004,5,6,7,0,0,0,0,1,0,0,0
1358,3.6,1231,20.3,1304,203,652,121.0,2029,1315,15.9,53.1,0.9529,2004,5,6,8,0,0,0,0,1,0,0,0
1359,3.4,1176,16.4,1191,220,705,130.0,1836,1217,17.9,46.1,0.9388,2004,5,6,9,0,0,0,0,1,0,0,0
1360,2.5,1043,12.5,1066,161,789,114.0,1692,1014,20.2,37.7,0.8833,2004,5,6,10,0,0,0,0,1,0,0,0
1361,2.1,992,9.8,970,135,869,100.0,1624,884,18.5,42.8,0.9026,2004,5,6,11,0,0,0,0,1,0,0,0
1362,1.1,885,5.2,772,57,1035,56.0,1450,524,13.0,64.3,0.9586,2004,5,6,12,0,0,0,0,1,0,0,0
1363,1.8,991,8.9,937,91,874,75.0,1581,644,15.1,54.5,0.9309,2004,5,6,13,0,0,0,0,1,0,0,0
1364,3.0,1182,14.1,1119,219,733,121.0,1831,1032,13.6,65.5,1.0184,2004,5,6,14,0,0,0,0,1,0,0,0
1365,3.1,1191,12.7,1074,239,741,128.0,1816,1038,12.3,78.3,1.1154,2004,5,6,15,0,0,0,0,1,0,0,0
1366,3.6,1272,14.6,1136,209,730,139.0,1869,1077,12.7,74.2,1.0863,2004,5,6,16,0,0,0,0,1,0,0,0
1367,3.3,1138,12.4,1063,169,804,122.0,1728,983,14.4,64.2,1.049,2004,5,6,17,0,0,0,0,1,0,0,0
1368,1.8,1008,9.4,954,92,892,92.0,1626,834,15.6,58.3,1.0266,2004,5,6,18,0,0,0,0,1,0,0,0
1369,2.1,1075,11.0,1015,107,824,97.0,1722,949,15.0,61.4,1.0385,2004,5,6,19,0,0,0,0,1,0,0,0
1370,2.2,1034,8.9,935,122,870,98.0,1605,941,13.7,65.8,1.0254,2004,5,6,20,0,0,0,0,1,0,0,0
1371,1.6,934,6.6,841,100,973,93.0,1497,756,12.3,66.4,0.944,2004,5,6,21,0,0,0,0,1,0,0,0
1372,0.9,883,3.9,705,51,1133,65.0,1422,655,15.4,58.8,1.0215,2004,5,6,22,0,0,0,0,1,0,0,0
1373,1.8,1021,7.3,871,93,938,81.0,1586,805,14.1,64.9,1.0405,2004,5,6,23,0,0,0,0,1,0,0,0
1374,2.3,1059,8.2,907,145,879,102.0,1579,970,13.8,64.7,1.0168,2004,5,7,0,0,0,0,0,0,1,0,0
1375,2.0,1023,7.5,878,106,896,91.0,1568,969,13.5,67.8,1.042,2004,5,7,1,0,0,0,0,0,1,0,0
1376,0.9,855,3.3,669,46,1160,56.0,1427,671,13.7,69.4,1.0794,2004,5,7,2,0,0,0,0,0,1,0,0
1377,0.6,826,2.4,616,39,1227,48.5,1384,575,13.9,67.7,1.0712,2004,5,7,3,0,0,0,0,0,1,0,0
1378,0.6499999999999999,831,2.2,602,32,1269,41.0,1386,535,14.0,67.8,1.0787,2004,5,7,4,0,0,0,0,0,1,0,0
1379,0.7,817,2.8,639,51,1260,48.0,1364,489,14.6,61.1,1.0075,2004,5,7,5,0,0,0,0,0,1,0,0
1380,1.5,972,7.5,880,89,964,72.0,1590,689,14.3,60.5,0.9847,2004,5,7,6,0,0,0,0,0,1,0,0
1381,3.7,1200,19.8,1290,214,657,106.0,2014,1196,14.9,56.9,0.9582,2004,5,7,7,0,0,0,0,0,1,0,0
1382,4.2,1234,22.1,1355,196,621,107.0,2095,1266,16.4,50.2,0.9286,2004,5,7,8,0,0,0,0,0,1,0,0
1383,3.4,1164,15.0,1148,224,741,127.0,1824,1130,16.0,50.9,0.9211,2004,5,7,9,0,0,0,0,0,1,0,0
1384,2.4,976,9.3,952,174,878,114.0,1582,834,18.6,42.8,0.9091,2004,5,7,10,0,0,0,0,0,1,0,0
1385,1.3,844,6.3,825,90,1027,101.0,1405,536,19.7,33.7,0.7646,2004,5,7,11,0,0,0,0,0,1,0,0
1386,1.5,851,8.2,906,89,989,95.0,1418,545,21.2,27.7,0.6864,2004,5,7,12,0,0,0,0,0,1,0,0
1387,2.2,926,10.9,1010,132,904,110.0,1526,720,19.7,28.5,0.6445,2004,5,7,13,0,0,0,0,0,1,0,0
1388,1.8,890,9.3,950,114,940,101.0,1460,655,19.8,29.7,0.678,2004,5,7,14,0,0,0,0,0,1,0,0
1389,1.9,921,8.4,914,107,937,106.0,1481,614,19.2,35.6,0.7856,2004,5,7,15,0,0,0,0,0,1,0,0
1390,2.3,1052,9.4,956,140,869,116.0,1600,725,14.2,60.5,0.9765,2004,5,7,16,0,0,0,0,0,1,0,0
1391,3.6,1247,17.9,1238,187,691,124.0,1948,1036,12.9,69.1,1.0249,2004,5,7,17,0,0,0,0,0,1,0,0
1392,4.3,1205,17.4,1222,222,684,133.0,1911,1127,12.7,70.4,1.0294,2004,5,7,18,0,0,0,0,0,1,0,0
1393,2.2,1016,10.5,995,117,857,96.0,1642,854,13.9,62.7,0.9905,2004,5,7,19,0,0,0,0,0,1,0,0
1394,1.5,984,7.5,879,89,940,85.0,1527,792,13.9,62.9,0.9948,2004,5,7,20,0,0,0,0,0,1,0,0
1395,2.0,1041,8.0,898,130,922,97.0,1595,891,13.4,65.2,0.9996,2004,5,7,21,0,0,0,0,0,1,0,0
1396,2.0,1027,7.7,887,133,927,97.0,1568,876,13.4,64.6,0.9864,2004,5,7,22,0,0,0,0,0,1,0,0
1397,2.1,1025,7.3,869,144,954,101.0,1531,851,13.3,63.6,0.9677,2004,5,7,23,0,0,0,0,0,1,0,0
1398,1.5,984,6.4,829,99,1003,85.0,1516,787,13.3,61.8,0.9433,2004,5,8,0,1,0,0,0,0,0,1,0
1399,2.2,969,5.6,791,102,1084,80.0,1446,711,13.6,59.7,0.9271,2004,5,8,1,1,0,0,0,0,0,1,0
1404,0.7836363636363637,871,2.6,628,43,1243,39.10909090909091,1329,518,8.7,81.5,0.919,2004,5,8,6,1,0,0,0,0,0,1,0
1405,0.8545454545454546,995,5.9,808,47,1028,40.63636363636364,1479,685,10.3,75.6,0.9458,2004,5,8,7,1,0,0,0,0,0,1,0
1406,0.9254545454545455,1093,8.5,918,52,857,42.163636363636364,1589,939,11.0,75.0,0.9821,2004,5,8,8,1,0,0,0,0,0,1,0
1407,0.9963636363636365,1079,7.7,885,56,884,43.69090909090909,1588,974,13.6,66.1,1.0236,2004,5,8,9,1,0,0,0,0,0,1,0
1408,1.0672727272727274,1084,6.9,852,60,910,45.21818181818182,1575,959,14.7,63.1,1.0488,2004,5,8,10,1,0,0,0,0,0,1,0
1409,1.1381818181818182,1204,10.1,982,64,791,46.74545454545455,1739,1067,13.8,72.3,1.1361,2004,5,8,11,1,0,0,0,0,0,1,0
1410,1.2090909090909092,1213,11.1,1018,68,760,48.27272727272727,1778,1061,13.3,76.8,1.1703,2004,5,8,12,1,0,0,0,0,0,1,0
1411,1.2800000000000002,1124,9.2,949,73,827,49.8,1671,1008,16.2,60.0,1.0937,2004,5,8,13,1,0,0,0,0,0,1,0
1412,1.350909090909091,945,4.3,726,77,1053,51.32727272727273,1432,637,16.3,55.3,1.0146,2004,5,8,14,1,0,0,0,0,0,1,0
1413,1.4218181818181819,964,6.5,833,81,1003,52.85454545454546,1489,647,20.0,40.4,0.9354,2004,5,8,15,1,0,0,0,0,0,1,0
1414,1.492727272727273,903,5.4,786,85,1073,54.38181818181818,1375,523,19.8,35.4,0.8099,2004,5,8,16,1,0,0,0,0,0,1,0
1415,1.563636363636364,918,7.1,863,89,992,55.90909090909091,1408,539,19.8,33.6,0.767,2004,5,8,17,1,0,0,0,0,0,1,0
1416,1.6345454545454547,1028,9.5,961,93,913,57.43636363636364,1502,649,17.8,38.5,0.7763,2004,5,8,18,1,0,0,0,0,0,1,0
1417,1.7054545454545456,1175,17.0,1209,98,720,58.96363636363637,1829,1071,16.7,44.6,0.8393,2004,5,8,19,1,0,0,0,0,0,1,0
1418,1.7763636363636366,1215,15.4,1161,102,714,60.49090909090909,1802,1237,15.1,51.8,0.8816,2004,5,8,20,1,0,0,0,0,0,1,0
1419,1.8472727272727276,1072,9.9,976,106,835,62.018181818181816,1603,1018,14.1,56.2,0.9028,2004,5,8,21,1,0,0,0,0,0,1,0
1420,1.9181818181818184,1070,9.3,952,110,858,63.54545454545455,1573,966,13.8,58.3,0.9147,2004,5,8,22,1,0,0,0,0,0,1,0
1421,1.9890909090909092,1021,6.9,853,114,979,65.07272727272728,1457,901,13.7,59.7,0.9285,2004,5,8,23,1,0,0,0,0,0,1,0
1422,2.0600000000000005,1063,7.1,859,119,952,66.6,1519,949,13.7,60.3,0.9405,2004,5,9,0,1,0,0,0,0,0,0,1
1423,2.1309090909090913,1068,9.0,938,123,862,68.12727272727273,1575,1057,12.7,64.9,0.9506,2004,5,9,1,1,0,0,0,0,0,0,1
1424,2.201818181818182,993,8.3,913,127,879,69.65454545454546,1601,989,12.6,65.4,0.9529,2004,5,9,2,1,0,0,0,0,0,0,1
1425,2.272727272727273,1034,8.7,928,131,848,71.18181818181819,1619,1005,12.1,68.6,0.964,2004,5,9,3,1,0,0,0,0,0,0,1
1426,2.3436363636363637,1025,8.4,914,135,856,72.70909090909092,1605,1003,12.3,68.0,0.9722,2004,5,9,4,1,0,0,0,0,0,0,1
1427,2.414545454545455,1036,8.1,902,139,825,74.23636363636363,1558,1087,11.9,71.1,0.9899,2004,5,9,5,1,0,0,0,0,0,0,1
1428,2.485454545454546,924,5.2,774,144,987,75.76363636363637,1460,909,11.3,73.8,0.9848,2004,5,9,6,1,0,0,0,0,0,0,1
1429,2.5563636363636366,922,4.5,737,148,1050,77.2909090909091,1414,882,13.1,62.6,0.9419,2004,5,9,7,1,0,0,0,0,0,0,1
1430,2.627272727272728,830,2.6,625,152,1266,78.81818181818181,1303,568,16.8,46.8,0.8881,2004,5,9,8,1,0,0,0,0,0,0,1
1431,2.6981818181818187,947,4.8,752,156,1068,80.34545454545454,1434,620,17.9,44.8,0.9104,2004,5,9,9,1,0,0,0,0,0,0,1
1432,2.7690909090909095,977,4.5,737,160,1025,81.87272727272727,1450,686,17.8,49.5,0.9986,2004,5,9,10,1,0,0,0,0,0,0,1
1433,2.8400000000000003,1025,4.9,761,165,1008,83.4,1476,700,18.8,46.4,0.9968,2004,5,9,11,1,0,0,0,0,0,0,1
1434,2.910909090909091,1040,5.8,804,169,940,84.92727272727274,1502,780,19.3,44.0,0.9783,2004,5,9,12,1,0,0,0,0,0,0,1
1435,2.9818181818181824,1013,4.1,718,173,1041,86.45454545454545,1492,558,14.7,68.4,1.1405,2004,5,9,13,1,0,0,0,0,0,0,1
1436,3.052727272727273,1035,4.8,755,177,997,87.98181818181818,1521,608,15.6,65.8,1.1577,2004,5,9,14,1,0,0,0,0,0,0,1
1437,3.123636363636364,1086,7.0,859,181,892,89.50909090909092,1595,754,17.7,54.0,1.0826,2004,5,9,15,1,0,0,0,0,0,0,1
1438,3.1945454545454552,967,4.8,753,185,1048,91.03636363636363,1420,544,17.8,46.7,0.9466,2004,5,9,16,1,0,0,0,0,0,0,1
1439,3.265454545454546,968,5.4,785,190,1011,92.56363636363636,1446,550,17.8,44.4,0.8967,2004,5,9,17,1,0,0,0,0,0,0,1
1440,3.336363636363637,1004,6.3,827,194,972,94.0909090909091,1465,627,17.8,44.3,0.8929,2004,5,9,18,1,0,0,0,0,0,0,1
1441,3.4072727272727277,1132,10.1,981,198,850,95.61818181818182,1614,877,16.4,47.8,0.8851,2004,5,9,19,1,0,0,0,0,0,0,1
1442,3.4781818181818185,1121,10.2,985,202,833,97.14545454545456,1625,981,15.6,51.6,0.9063,2004,5,9,20,1,0,0,0,0,0,0,1
1443,3.5490909090909097,1068,8.4,917,206,889,98.67272727272727,1570,832,14.9,55.0,0.9228,2004,5,9,21,1,0,0,0,0,0,0,1
1444,3.6200000000000006,1123,8.9,937,211,866,100.2,1606,941,13.8,59.8,0.9398,2004,5,9,22,1,0,0,0,0,0,0,1
1445,3.6909090909090914,1101,8.8,933,215,845,101.72727272727273,1600,1022,13.8,62.1,0.9721,2004,5,9,23,1,0,0,0,0,0,0,1
1446,3.7618181818181826,997,6.5,835,219,951,103.25454545454545,1501,888,13.9,61.1,0.9656,2004,5,10,0,0,1,0,0,0,0,0,0
1447,3.8327272727272734,875,3.0,654,223,1172,104.78181818181818,1375,683,14.9,57.6,0.9684,2004,5,10,1,0,1,0,0,0,0,0,0
1448,3.9036363636363642,815,1.8,569,227,1361,106.30909090909091,1344,534,14.4,60.1,0.9797,2004,5,10,2,0,1,0,0,0,0,0,0
1450,4.045454545454546,829,1.8,570,236,1304,109.36363636363637,1357,562,14.2,62.9,1.0136,2004,5,10,4,0,1,0,0,0,0,0,0
1451,4.116363636363637,867,2.6,625,240,1213,110.89090909090909,1385,652,14.0,63.8,1.0167,2004,5,10,5,0,1,0,0,0,0,0,0
1452,4.1872727272727275,1118,9.8,970,244,837,112.41818181818182,1705,1019,13.4,67.4,1.0292,2004,5,10,6,0,1,0,0,0,0,0,0
1455,4.4,1378,20.2,1303,257,633,117.0,2051,1494,17.8,51.1,1.0362,2004,5,10,9,0,1,0,0,0,0,0,0
1456,2.5,1132,13.4,1096,178,731,107.0,1808,1186,20.0,45.0,1.0379,2004,5,10,10,0,1,0,0,0,0,0,0
1457,2.1,1108,11.7,1040,145,767,95.0,1748,1051,20.3,44.1,1.0392,2004,5,10,11,0,1,0,0,0,0,0,0
1458,2.4,1131,13.4,1097,137,735,93.0,1797,1027,20.7,42.4,1.0248,2004,5,10,12,0,1,0,0,0,0,0,0
1459,2.2,1105,12.9,1080,139,751,104.0,1758,981,20.8,40.6,0.9888,2004,5,10,13,0,1,0,0,0,0,0,0
1460,2.2,1120,13.4,1096,130,753,102.0,1767,976,21.5,39.7,1.0042,2004,5,10,14,0,1,0,0,0,0,0,0
1461,2.3,1100,13.7,1108,148,800,109.0,1731,932,25.0,30.1,0.9394,2004,5,10,15,0,1,0,0,0,0,0,0
1462,2.1,1098,14.2,1124,120,810,97.0,1716,871,25.2,29.7,0.9371,2004,5,10,16,0,1,0,0,0,0,0,0
1463,2.5,1137,17.8,1234,132,749,104.0,1824,990,23.4,32.0,0.91,2004,5,10,17,0,1,0,0,0,0,0,0
1464,3.6,1267,22.0,1352,188,651,124.0,1961,1196,21.0,37.8,0.9298,2004,5,10,18,0,1,0,0,0,0,0,0
1465,4.0,1319,24.4,1413,204,597,135.0,2050,1329,19.2,45.7,1.0084,2004,5,10,19,0,1,0,0,0,0,0,0
1466,3.0,1160,16.3,1189,167,698,122.0,1824,1151,17.7,50.9,1.0232,2004,5,10,20,0,1,0,0,0,0,0,0
1467,2.1,1084,12.4,1063,128,775,109.0,1703,1031,16.8,53.6,1.0167,2004,5,10,21,0,1,0,0,0,0,0,0
1468,1.7,1025,9.6,963,106,842,95.0,1621,917,15.8,56.2,1.0033,2004,5,10,22,0,1,0,0,0,0,0,0
1469,1.1,953,6.4,830,88,986,86.0,1521,860,16.0,56.5,1.0166,2004,5,10,23,0,1,0,0,0,0,0,0
1470,0.9,959,6.0,812,77,961,78.0,1518,910,14.2,64.1,1.0346,2004,5,11,0,0,0,1,0,0,0,0,0
1471,0.4,834,2.8,637,36,1187,53.0,1362,699,15.0,59.8,1.0142,2004,5,11,1,0,0,1,0,0,0,0,0
1472,0.2,787,1.6,549,28,1366,43.0,1317,596,14.3,61.9,1.0031,2004,5,11,2,0,0,1,0,0,0,0,0
1473,0.2,799,1.6,555,37,1327,48.0,1320,643,12.8,66.0,0.969,2004,5,11,3,0,0,1,0,0,0,0,0
1474,0.4,807,1.8,571,46,1305,53.0,1335,704,11.4,70.5,0.9484,2004,5,11,4,0,0,1,0,0,0,0,0
1475,0.6,866,3.6,686,55,1135,48.0,1405,741,12.0,68.0,0.9547,2004,5,11,5,0,0,1,0,0,0,0,0
1476,1.4,1035,8.4,917,135,882,64.0,1606,968,11.3,70.4,0.9443,2004,5,11,6,0,0,1,0,0,0,0,0
1477,4.6,1469,27.5,1491,327,555,95.0,2301,1561,12.7,65.6,0.962,2004,5,11,7,0,0,1,0,0,0,0,0
1479,4.8,1513,26.0,1455,366,554,153.0,2182,1822,17.5,49.8,0.9877,2004,5,11,9,0,0,1,0,0,0,0,0
1480,4.5,1395,22.6,1368,322,605,163.0,2032,1675,21.9,35.2,0.9128,2004,5,11,10,0,0,1,0,0,0,0,0
1481,3.0,1209,18.3,1248,188,712,119.0,1891,1295,23.5,29.5,0.8435,2004,5,11,11,0,0,1,0,0,0,0,0
1482,2.5,1142,13.9,1115,144,776,96.0,1735,1091,24.3,29.8,0.8926,2004,5,11,12,0,0,1,0,0,0,0,0
1483,2.3,1140,14.4,1129,132,765,94.0,1728,1023,23.8,31.7,0.9212,2004,5,11,13,0,0,1,0,0,0,0,0
1484,2.0,1105,11.6,1035,117,826,86.0,1643,877,24.2,31.2,0.9257,2004,5,11,14,0,0,1,0,0,0,0,0
1485,1.9,1131,12.2,1058,121,824,91.0,1664,931,26.5,27.2,0.9282,2004,5,11,15,0,0,1,0,0,0,0,0
1486,1.9,1162,12.4,1064,124,832,97.0,1675,913,25.7,28.4,0.9248,2004,5,11,16,0,0,1,0,0,0,0,0
1487,3.5,1336,21.1,1326,188,674,125.0,1923,1255,26.3,27.5,0.9306,2004,5,11,17,0,0,1,0,0,0,0,0
1490,5.0,1535,26.1,1458,269,568,159.0,2120,1735,21.1,40.2,0.997,2004,5,11,20,0,0,1,0,0,0,0,0
1491,3.3,1382,18.1,1243,183,632,128.0,1941,1511,19.2,52.3,1.1516,2004,5,11,21,0,0,1,0,0,0,0,0
1492,2.7,1335,14.2,1122,167,673,114.0,1840,1424,18.1,58.7,1.2072,2004,5,11,22,0,0,1,0,0,0,0,0
1493,2.2,1267,12.4,1064,138,706,100.0,1766,1348,17.3,58.8,1.1494,2004,5,11,23,0,0,1,0,0,0,0,0
1494,1.7,1122,8.7,926,105,805,88.0,1619,1174,16.9,58.8,1.125,2004,5,12,0,0,0,0,1,0,0,0,0
1495,0.8,986,5.2,771,54,964,67.0,1518,947,17.6,57.6,1.1484,2004,5,12,1,0,0,0,1,0,0,0,0
1496,0.8,966,4.6,744,58,967,65.0,1511,935,15.6,63.9,1.1287,2004,5,12,2,0,0,0,1,0,0,0,0
1497,0.6,919,3.1,661,47,1089,56.0,1468,838,14.9,65.7,1.1073,2004,5,12,3,0,0,0,1,0,0,0,0
1498,0.7,872,2.7,632,37,1132,47.0,1403,768,15.6,62.2,1.0961,2004,5,12,4,0,0,0,1,0,0,0,0
1499,0.8,967,4.7,749,84,996,57.0,1517,881,14.0,68.3,1.0884,2004,5,12,5,0,0,0,1,0,0,0,0
1500,1.5,1152,9.6,964,134,800,73.0,1705,1096,14.5,65.7,1.0804,2004,5,12,6,0,0,0,1,0,0,0,0
1501,4.1,1500,23.6,1393,279,560,95.0,2163,1495,15.5,62.2,1.0875,2004,5,12,7,0,0,0,1,0,0,0,0
1503,5.1,1558,26.6,1469,336,525,121.0,2281,1758,18.8,52.4,1.1285,2004,5,12,9,0,0,0,1,0,0,0,0
1504,3.9,1446,22.0,1350,280,568,108.0,2140,1630,19.7,51.9,1.1796,2004,5,12,10,0,0,0,1,0,0,0,0
1505,3.4,1349,17.9,1236,275,627,125.0,1964,1530,20.9,44.6,1.0872,2004,5,12,11,0,0,0,1,0,0,0,0
1506,3.3,1452,22.7,1371,207,576,117.0,2138,1622,21.9,43.3,1.1265,2004,5,12,12,0,0,0,1,0,0,0,0
1508,3.1,1327,14.7,1139,236,658,126.0,1894,1323,17.4,67.0,1.325,2004,5,12,14,0,0,0,1,0,0,0,0
1509,2.5,1248,12.6,1072,183,713,114.0,1797,1188,17.1,64.0,1.2413,2004,5,12,15,0,0,0,1,0,0,0,0
1510,2.4,1250,12.7,1074,162,724,123.0,1806,1166,17.3,61.1,1.1957,2004,5,12,16,0,0,0,1,0,0,0,0
1511,2.8,1222,13.0,1084,157,727,116.0,1797,1108,17.7,56.3,1.13,2004,5,12,17,0,0,0,1,0,0,0,0
1512,2.9,1159,13.4,1097,136,748,107.0,1709,995,17.4,48.6,0.9559,2004,5,12,18,0,0,0,1,0,0,0,0
1513,3.4,1192,14.8,1143,166,740,123.0,1767,1108,17.6,43.7,0.8698,2004,5,12,19,0,0,0,1,0,0,0,0
1514,2.2,1074,9.4,954,136,846,112.0,1570,956,16.7,47.2,0.892,2004,5,12,20,0,0,0,1,0,0,0,0
1515,1.6,984,6.9,851,112,959,101.0,1452,817,16.8,45.6,0.8636,2004,5,12,21,0,0,0,1,0,0,0,0
1516,1.3,970,5.2,773,87,1026,91.0,1425,658,16.1,52.0,0.946,2004,5,12,22,0,0,0,1,0,0,0,0
1517,1.3,987,5.7,800,86,989,88.0,1462,658,15.5,57.1,0.996,2004,5,12,23,0,0,0,1,0,0,0,0
1518,1.6,1003,6.5,836,98,949,96.0,1455,748,16.2,50.2,0.9156,2004,5,13,0,0,0,0,0,1,0,0,0
1519,1.2,933,4.7,747,62,1045,75.0,1405,569,16.4,50.5,0.938,2004,5,13,1,0,0,0,0,1,0,0,0
1520,0.6,859,2.5,620,32,1201,47.0,1316,445,16.2,52.8,0.9626,2004,5,13,2,0,0,0,0,1,0,0,0
1521,0.4,815,1.4,538,26,1412,36.0,1272,379,16.0,53.7,0.9723,2004,5,13,3,0,0,0,0,1,0,0,0
1523,0.4,835,1.7,560,41,1409,49.0,1317,407,16.2,53.7,0.9799,2004,5,13,5,0,0,0,0,1,0,0,0
1524,1.0,975,4.5,736,86,1069,85.0,1459,611,15.9,55.3,0.991,2004,5,13,6,0,0,0,0,1,0,0,0
1525,2.0,1133,9.4,957,174,815,106.0,1652,944,16.2,55.6,1.0151,2004,5,13,7,0,0,0,0,1,0,0,0
1526,3.6,1347,17.9,1237,264,645,136.0,1984,1328,16.0,59.3,1.0711,2004,5,13,8,0,0,0,0,1,0,0,0
1527,2.4,1122,10.6,1000,211,783,119.0,1663,1085,16.6,55.6,1.042,2004,5,13,9,0,0,0,0,1,0,0,0
1528,2.4,1152,11.0,1014,208,774,122.0,1714,1139,17.4,51.8,1.022,2004,5,13,10,0,0,0,0,1,0,0,0
1529,1.6,1020,7.2,866,139,907,90.0,1554,799,17.6,49.7,0.9944,2004,5,13,11,0,0,0,0,1,0,0,0
1530,1.9,1066,8.7,927,138,846,97.0,1608,804,17.2,52.8,1.0236,2004,5,13,12,0,0,0,0,1,0,0,0
1531,2.4,1105,11.1,1016,142,789,98.0,1736,930,18.2,49.6,1.0268,2004,5,13,13,0,0,0,0,1,0,0,0
1532,1.7,1056,7.9,894,131,891,93.0,1576,771,19.5,45.0,1.0114,2004,5,13,14,0,0,0,0,1,0,0,0
1533,2.1,1084,9.8,970,132,818,98.0,1626,845,19.5,45.5,1.0189,2004,5,13,15,0,0,0,0,1,0,0,0
1534,3.1,1288,16.4,1191,178,691,123.0,1910,1192,19.8,44.3,1.0104,2004,5,13,16,0,0,0,0,1,0,0,0
1535,4.6,1390,22.6,1368,228,605,148.0,2092,1494,20.3,43.1,1.0114,2004,5,13,17,0,0,0,0,1,0,0,0
1536,4.5,1374,20.2,1303,232,636,148.0,2036,1457,20.3,44.4,1.0457,2004,5,13,18,0,0,0,0,1,0,0,0
1537,3.9,1378,21.7,1342,204,612,133.0,2076,1489,19.8,47.9,1.092,2004,5,13,19,0,0,0,0,1,0,0,0
1538,4.6,1428,21.2,1329,250,594,141.0,2102,1602,19.1,52.3,1.1486,2004,5,13,20,0,0,0,0,1,0,0,0
1539,3.3,1336,15.9,1176,208,656,131.0,1891,1468,18.2,54.7,1.1336,2004,5,13,21,0,0,0,0,1,0,0,0
1540,2.7,1234,12.0,1049,158,746,121.0,1733,1274,17.8,55.0,1.1097,2004,5,13,22,0,0,0,0,1,0,0,0
1541,3.3,1300,17.4,1221,197,648,123.0,1946,1401,17.5,56.4,1.1175,2004,5,13,23,0,0,0,0,1,0,0,0
1542,2.5,1246,15.0,1150,152,654,107.0,1873,1354,17.3,57.8,1.1298,2004,5,14,0,0,0,0,0,0,1,0,0
1543,2.1,1141,11.1,1017,112,740,104.0,1690,1188,16.8,57.5,1.0912,2004,5,14,1,0,0,0,0,0,1,0,0
1544,1.3,1014,6.9,853,75,883,91.0,1538,975,16.3,57.0,1.0484,2004,5,14,2,0,0,0,0,0,1,0,0
1545,1.0,938,5.1,769,74,978,89.0,1463,816,16.2,56.3,1.0262,2004,5,14,3,0,0,0,0,0,1,0,0
1546,1.1,988,6.1,814,74,908,87.0,1512,921,15.5,59.9,1.0498,2004,5,14,4,0,0,0,0,0,1,0,0
1547,1.2,983,6.5,833,116,894,102.0,1524,1012,16.0,58.3,1.0481,2004,5,14,5,0,0,0,0,0,1,0,0
1548,1.5,1033,8.4,917,118,882,95.0,1617,905,17.2,52.3,1.0169,2004,5,14,6,0,0,0,0,0,1,0,0
1549,3.7,1388,22.8,1372,272,601,140.0,2105,1449,18.5,49.4,1.0397,2004,5,14,7,0,0,0,0,0,1,0,0
1551,3.3,1148,13.6,1104,258,723,138.0,1713,1301,21.0,37.9,0.9313,2004,5,14,9,0,0,0,0,0,1,0,0
1552,2.5,1095,11.1,1019,186,815,113.0,1618,1181,22.8,32.4,0.887,2004,5,14,10,0,0,0,0,0,1,0,0
1553,1.9,987,10.0,979,130,923,101.0,1515,962,25.5,25.6,0.8218,2004,5,14,11,0,0,0,0,0,1,0,0
1554,2.0,984,10.5,998,134,905,97.0,1523,862,25.9,23.6,0.7771,2004,5,14,12,0,0,0,0,0,1,0,0
1555,2.5,1072,13.0,1084,148,843,114.0,1622,1017,27.7,20.8,0.7599,2004,5,14,13,0,0,0,0,0,1,0,0
1556,2.1,1048,12.5,1068,147,869,110.0,1573,993,27.1,21.6,0.7618,2004,5,14,14,0,0,0,0,0,1,0,0
1557,2.1,1042,11.4,1029,123,907,103.0,1540,879,28.4,20.2,0.7697,2004,5,14,15,0,0,0,0,0,1,0,0
1558,2.3,1113,13.1,1086,138,882,119.0,1584,926,28.1,21.9,0.8184,2004,5,14,16,0,0,0,0,0,1,0,0
1559,3.0,1146,14.9,1145,162,836,126.0,1647,1011,27.6,22.3,0.8116,2004,5,14,17,0,0,0,0,0,1,0,0
1560,4.1,1239,19.1,1272,214,748,144.0,1790,1380,25.2,24.3,0.7671,2004,5,14,18,0,0,0,0,0,1,0,0
1561,4.5,1302,21.8,1346,230,706,164.0,1880,1698,24.6,25.1,0.7636,2004,5,14,19,0,0,0,0,0,1,0,0
1562,3.5,1181,16.1,1183,191,792,148.0,1711,1432,23.1,27.2,0.7575,2004,5,14,20,0,0,0,0,0,1,0,0
1563,2.1,1068,11.6,1037,128,869,119.0,1567,1217,22.0,28.6,0.7483,2004,5,14,21,0,0,0,0,0,1,0,0
1564,2.3,1135,12.4,1065,138,803,111.0,1630,1317,20.8,34.5,0.8365,2004,5,14,22,0,0,0,0,0,1,0,0
1565,1.9,1121,10.4,992,126,844,115.0,1505,1255,20.4,35.3,0.8352,2004,5,14,23,0,0,0,0,0,1,0,0
1566,1.9,1131,9.7,965,107,843,103.0,1520,1223,19.1,38.3,0.8381,2004,5,15,0,1,0,0,0,0,0,1,0
1567,1.2,947,5.7,798,67,964,81.0,1395,930,18.0,40.5,0.8271,2004,5,15,1,1,0,0,0,0,0,1,0
1568,1.0,935,5.4,786,55,964,71.0,1389,954,17.4,43.4,0.8553,2004,5,15,2,1,0,0,0,0,0,1,0
1569,1.1,941,5.6,792,51,975,64.5,1397,889,14.8,50.6,0.8489,2004,5,15,3,1,0,0,0,0,0,1,0
1570,0.8,867,4.4,734,48,1043,58.0,1324,808,14.6,51.4,0.8489,2004,5,15,4,1,0,0,0,0,0,1,0
1571,0.5,839,2.8,638,33,1171,44.0,1271,643,15.7,46.9,0.8329,2004,5,15,5,1,0,0,0,0,0,1,0
1572,0.6,873,3.9,704,41,1091,49.0,1322,756,15.3,49.7,0.8552,2004,5,15,6,1,0,0,0,0,0,1,0
1573,1.4,1065,9.1,942,106,890,68.0,1576,1067,16.0,47.4,0.8564,2004,5,15,7,1,0,0,0,0,0,1,0
1574,2.6,1187,13.6,1104,208,727,108.0,1721,1391,17.6,43.3,0.8647,2004,5,15,8,1,0,0,0,0,0,1,0
1575,2.8,1249,15.8,1174,193,712,117.0,1774,1486,20.3,37.4,0.8807,2004,5,15,9,1,0,0,0,0,0,1,0
1576,2.6,1157,12.7,1072,191,802,127.0,1653,1327,23.1,30.3,0.8425,2004,5,15,10,1,0,0,0,0,0,1,0
1577,1.6,988,8.6,924,113,1015,93.0,1463,835,25.0,24.2,0.7568,2004,5,15,11,1,0,0,0,0,0,1,0
1578,1.7,1025,9.4,955,111,997,94.0,1457,834,25.6,23.5,0.7611,2004,5,15,12,1,0,0,0,0,0,1,0
1579,1.7,997,9.2,947,106,998,87.0,1460,815,25.5,22.6,0.7288,2004,5,15,13,1,0,0,0,0,0,1,0
1580,1.3,916,6.4,829,82,1124,75.0,1333,621,26.1,21.1,0.7023,2004,5,15,14,1,0,0,0,0,0,1,0
1581,1.4,965,8.3,910,79,1056,81.0,1389,643,28.2,19.4,0.7303,2004,5,15,15,1,0,0,0,0,0,1,0
1582,1.4,985,8.1,903,90,1059,86.0,1437,712,27.4,20.5,0.7379,2004,5,15,16,1,0,0,0,0,0,1,0
1583,1.7,1026,8.5,920,104,1037,97.0,1455,746,26.0,22.7,0.7532,2004,5,15,17,1,0,0,0,0,0,1,0
1584,2.3,1125,11.0,1016,148,910,117.0,1564,991,23.8,27.1,0.7858,2004,5,15,18,1,0,0,0,0,0,1,0
1585,2.5,1159,12.1,1054,158,878,120.0,1603,1046,23.0,28.7,0.7976,2004,5,15,19,1,0,0,0,0,0,1,0
1586,3.3,1284,15.0,1149,234,780,149.0,1725,1304,21.7,31.8,0.8191,2004,5,15,20,1,0,0,0,0,0,1,0
1587,2.2,1101,10.2,986,163,852,124.0,1574,1100,20.9,33.2,0.8098,2004,5,15,21,1,0,0,0,0,0,1,0
1588,1.6,1101,9.9,972,95,879,97.0,1552,1001,20.2,34.3,0.8017,2004,5,15,22,1,0,0,0,0,0,1,0
1589,2.6,1183,12.0,1049,146,762,112.0,1594,1290,19.6,37.0,0.8325,2004,5,15,23,1,0,0,0,0,0,1,0
1590,2.3,1132,10.5,996,102,822,95.0,1564,1205,18.1,40.9,0.8441,2004,5,16,0,1,0,0,0,0,0,0,1
1591,1.5,998,7.1,859,90,919,88.0,1450,1045,17.0,43.3,0.8341,2004,5,16,1,1,0,0,0,0,0,0,1
1592,0.9,911,4.6,743,41,1052,54.0,1370,739,16.7,43.4,0.8193,2004,5,16,2,1,0,0,0,0,0,0,1
1593,0.8,875,4.2,721,35,1083,48.5,1328,683,15.9,44.7,0.8009,2004,5,16,3,1,0,0,0,0,0,0,1
1594,0.6000000000000001,808,2.6,630,30,1234,43.0,1256,573,15.2,45.5,0.783,2004,5,16,4,1,0,0,0,0,0,0,1
1595,0.4,792,2.2,599,32,1262,45.0,1235,564,13.5,50.1,0.7706,2004,5,16,5,1,0,0,0,0,0,0,1
1596,0.4,822,2.0,581,34,1326,47.0,1256,602,14.2,49.9,0.8025,2004,5,16,6,1,0,0,0,0,0,0,1
1597,0.8,918,4.2,721,57,1069,58.0,1353,785,13.8,51.4,0.8059,2004,5,16,7,1,0,0,0,0,0,0,1
1598,0.9,975,5.2,774,73,1001,69.0,1393,878,16.3,45.1,0.8286,2004,5,16,8,1,0,0,0,0,0,0,1
1599,1.6,1047,8.2,908,119,913,89.0,1458,981,19.2,35.4,0.7812,2004,5,16,9,1,0,0,0,0,0,0,1
1600,2.0,1053,9.8,970,138,930,105.0,1473,991,25.5,21.1,0.677,2004,5,16,10,1,0,0,0,0,0,0,1
1601,1.6,1017,7.9,897,96,1013,92.0,1400,780,28.2,19.0,0.7164,2004,5,16,11,1,0,0,0,0,0,0,1
1602,1.4,1021,7.7,889,80,1022,82.0,1405,684,29.5,19.8,0.8013,2004,5,16,12,1,0,0,0,0,0,0,1
1603,0.9,941,4.8,753,45,1173,56.0,1311,468,30.6,19.4,0.8348,2004,5,16,13,1,0,0,0,0,0,0,1
1604,0.9,991,5.3,776,45,1122,60.0,1375,468,29.9,22.0,0.9181,2004,5,16,14,1,0,0,0,0,0,0,1
1605,1.2,1117,7.1,862,54,995,64.0,1476,530,31.5,21.9,0.997,2004,5,16,15,1,0,0,0,0,0,0,1
1606,1.4,1217,9.2,947,66,887,85.0,1566,648,31.2,24.6,1.0987,2004,5,16,16,1,0,0,0,0,0,0,1
1607,1.9,1248,10.1,982,95,880,107.0,1617,746,30.4,26.5,1.1347,2004,5,16,17,1,0,0,0,0,0,0,1
1608,1.8,1242,9.9,973,99,856,106.0,1632,819,26.8,33.5,1.1602,2004,5,16,18,1,0,0,0,0,0,0,1
1609,2.7,1403,15.1,1151,147,747,125.0,1820,1125,25.5,37.4,1.1995,2004,5,16,19,1,0,0,0,0,0,0,1
1610,2.4,1238,10.6,999,129,833,118.0,1648,1013,23.7,39.4,1.1381,2004,5,16,20,1,0,0,0,0,0,0,1
1611,1.6,1093,7.0,858,96,975,95.0,1495,816,22.9,37.0,1.0197,2004,5,16,21,1,0,0,0,0,0,0,1
1612,1.4,1034,5.9,805,92,1030,97.0,1416,750,20.8,36.3,0.8775,2004,5,16,22,1,0,0,0,0,0,0,1
1613,1.4,934,5.6,795,88,1098,93.0,1328,673,20.3,28.5,0.6686,2004,5,16,23,1,0,0,0,0,0,0,1
1614,1.4,913,5.4,785,89,1110,85.0,1273,692,19.6,26.5,0.5974,2004,5,17,0,0,1,0,0,0,0,0,0
1615,0.9,835,3.7,691,52,1265,67.0,1182,517,19.1,25.9,0.5673,2004,5,17,1,0,1,0,0,0,0,0,0
1619,0.5,930,3.5,684,65,1059,75.0,1220,779,15.8,36.5,0.6535,2004,5,17,5,0,1,0,0,0,0,0,0
1620,1.3,1009,7.0,859,132,944,102.0,1420,1016,16.0,38.1,0.6879,2004,5,17,6,0,1,0,0,0,0,0,0
1621,2.6,1196,14.4,1131,216,775,113.0,1675,1243,17.6,35.0,0.6965,2004,5,17,7,0,1,0,0,0,0,0,0
1622,2.0,1010,8.9,937,180,945,142.0,1444,949,18.5,31.2,0.6611,2004,5,17,8,0,1,0,0,0,0,0,0
1623,1.8,990,8.6,924,140,974,90.0,1404,861,19.8,28.5,0.652,2004,5,17,9,0,1,0,0,0,0,0,0
1624,1.7,988,8.5,918,141,1007,94.0,1393,850,22.3,24.1,0.6394,2004,5,17,10,0,1,0,0,0,0,0,0
1625,1.5,979,8.3,910,123,1028,92.0,1396,788,24.2,21.7,0.6451,2004,5,17,11,0,1,0,0,0,0,0,0
1626,1.9,1029,10.1,983,129,950,97.0,1470,879,25.1,20.8,0.6516,2004,5,17,12,0,1,0,0,0,0,0,0
1627,1.7,984,9.1,945,115,990,88.0,1423,747,25.8,19.5,0.6392,2004,5,17,13,0,1,0,0,0,0,0,0
1628,1.5,985,8.5,919,104,1028,86.0,1387,700,26.3,18.9,0.6344,2004,5,17,14,0,1,0,0,0,0,0,0
1629,1.7,981,7.7,886,129,1054,99.0,1363,695,25.8,18.6,0.608,2004,5,17,15,0,1,0,0,0,0,0,0
1630,1.7,1020,9.0,941,138,1016,95.0,1425,756,25.7,19.4,0.6304,2004,5,17,16,0,1,0,0,0,0,0,0
1631,2.4,1106,13.4,1097,135,902,105.0,1552,941,26.7,17.1,0.5909,2004,5,17,17,0,1,0,0,0,0,0,0
1632,3.1,1153,15.6,1168,163,842,121.0,1644,1021,24.3,19.8,0.5933,2004,5,17,18,0,1,0,0,0,0,0,0
1633,3.4,1215,17.8,1234,180,796,125.0,1735,1167,23.5,20.8,0.5937,2004,5,17,19,0,1,0,0,0,0,0,0
1634,3.0,1094,12.7,1072,170,888,122.0,1545,1105,22.0,24.0,0.6263,2004,5,17,20,0,1,0,0,0,0,0,0
1635,1.2,944,6.4,832,72,1072,81.0,1350,712,21.1,26.2,0.6481,2004,5,17,21,0,1,0,0,0,0,0,0
1636,1.2,964,7.1,861,69,1014,73.0,1398,735,20.9,28.8,0.7014,2004,5,17,22,0,1,0,0,0,0,0,0
1637,1.3,1003,7.4,872,79,988,80.0,1439,851,20.2,31.2,0.7304,2004,5,17,23,0,1,0,0,0,0,0,0
1638,1.0,914,5.2,774,53,1091,65.0,1323,706,20.0,31.5,0.7262,2004,5,18,0,0,0,1,0,0,0,0,0
1639,0.4,839,2.4,609,36,1276,59.0,1286,643,20.8,32.3,0.7813,2004,5,18,1,0,0,1,0,0,0,0,0
1640,0.3,830,2.0,582,30,1310,50.0,1264,608,20.0,34.5,0.7954,2004,5,18,2,0,0,1,0,0,0,0,0
1641,0.2,812,1.2,521,22,1413,36.5,1233,469,21.2,32.9,0.8178,2004,5,18,3,0,0,1,0,0,0,0,0
1642,0.35,832,1.5,547,15,1320,23.0,1254,469,18.3,40.0,0.8345,2004,5,18,4,0,0,1,0,0,0,0,0
1643,0.5,903,3.1,656,38,1155,37.0,1361,618,17.0,44.6,0.8593,2004,5,18,5,0,0,1,0,0,0,0,0
1644,0.9,1022,6.3,825,68,931,54.0,1487,931,17.1,45.3,0.8784,2004,5,18,6,0,0,1,0,0,0,0,0
1645,2.7,1378,19.3,1277,192,628,94.0,1970,1519,17.1,46.5,0.901,2004,5,18,7,0,0,1,0,0,0,0,0
1647,3.2,1326,14.6,1137,225,719,115.0,1760,1550,20.3,38.1,0.8946,2004,5,18,9,0,0,1,0,0,0,0,0
1648,2.4,1215,12.3,1062,199,794,119.0,1650,1381,25.3,27.0,0.8565,2004,5,18,10,0,0,1,0,0,0,0,0
1649,1.9,1138,11.0,1015,140,854,103.0,1604,1115,27.4,22.8,0.8219,2004,5,18,11,0,0,1,0,0,0,0,0
1650,2.7,1244,15.4,1162,162,765,123.0,1735,1189,30.0,20.0,0.8338,2004,5,18,12,0,0,1,0,0,0,0,0
1651,2.9,1261,17.0,1210,173,736,126.0,1769,1200,30.9,19.1,0.8394,2004,5,18,13,0,0,1,0,0,0,0,0
1652,2.0,1182,12.5,1066,121,818,106.0,1663,965,30.6,20.2,0.8719,2004,5,18,14,0,0,1,0,0,0,0,0
1653,2.3,1208,13.8,1111,133,783,127.0,1653,1018,32.2,18.9,0.8964,2004,5,18,15,0,0,1,0,0,0,0,0
1654,1.9,1158,10.1,981,96,862,105.0,1573,775,31.7,19.5,0.8981,2004,5,18,16,0,0,1,0,0,0,0,0
1655,3.0,1346,19.3,1278,141,701,130.0,1873,1193,30.9,20.5,0.8996,2004,5,18,17,0,0,1,0,0,0,0,0
1656,4.4,1443,22.7,1371,221,664,160.0,1988,1425,27.5,24.7,0.8899,2004,5,18,18,0,0,1,0,0,0,0,0
1657,4.7,1440,25.5,1443,232,635,162.0,2068,1594,25.8,27.0,0.8821,2004,5,18,19,0,0,1,0,0,0,0,0
1658,3.4,1232,15.8,1173,174,751,135.0,1750,1284,23.7,30.0,0.8633,2004,5,18,20,0,0,1,0,0,0,0,0
1659,2.4,1159,12.3,1061,138,812,122.0,1648,1174,22.2,33.4,0.8806,2004,5,18,21,0,0,1,0,0,0,0,0
1660,1.2,1081,8.7,929,65,910,75.0,1518,937,21.1,36.5,0.9019,2004,5,18,22,0,0,1,0,0,0,0,0
1661,1.7,1083,8.3,911,107,883,96.0,1507,985,20.2,38.6,0.9016,2004,5,18,23,0,0,1,0,0,0,0,0
1662,1.2,1069,7.7,887,70,859,84.0,1542,1041,19.3,43.0,0.9535,2004,5,19,0,0,0,0,1,0,0,0,0
1663,0.7,940,4.2,724,44,1012,68.0,1407,867,19.2,43.6,0.9591,2004,5,19,1,0,0,0,1,0,0,0,0
1664,0.5,901,3.0,653,41,1094,65.0,1367,822,18.4,45.7,0.9599,2004,5,19,2,0,0,0,1,0,0,0,0
1665,0.3,848,1.8,571,37,1224,58.5,1297,624,18.7,44.3,0.9453,2004,5,19,3,0,0,0,1,0,0,0,0
1666,0.3,846,2.2,598,33,1211,52.0,1332,669,16.3,51.4,0.9468,2004,5,19,4,0,0,0,1,0,0,0,0
1667,0.3,848,2.2,598,32,1219,46.0,1318,628,17.0,49.2,0.9459,2004,5,19,5,0,0,0,1,0,0,0,0
1668,0.7,980,5.7,800,46,983,54.0,1462,810,16.4,52.1,0.9612,2004,5,19,6,0,0,0,1,0,0,0,0
1669,3.1,1408,20.9,1321,173,618,94.0,2044,1495,16.4,53.4,0.9863,2004,5,19,7,0,0,0,1,0,0,0,0
1671,4.6,1475,22.0,1351,294,625,165.0,2006,1696,21.0,41.1,1.0104,2004,5,19,9,0,0,0,1,0,0,0,0
1672,2.6,1262,13.4,1096,182,772,134.0,1711,1340,26.4,28.9,0.9785,2004,5,19,10,0,0,0,1,0,0,0,0
1673,2.1,1156,11.5,1034,154,813,122.0,1640,1123,27.7,26.3,0.9652,2004,5,19,11,0,0,0,1,0,0,0,0
1674,2.0,1192,13.4,1097,118,796,113.0,1688,971,30.1,22.1,0.9281,2004,5,19,12,0,0,0,1,0,0,0,0
1675,2.2,1233,15.2,1154,116,746,115.0,1740,1000,31.0,22.9,1.0144,2004,5,19,13,0,0,0,1,0,0,0,0
1676,2.1,1208,13.0,1083,121,792,118.0,1702,891,31.0,22.6,1.0012,2004,5,19,14,0,0,0,1,0,0,0,0
1677,2.3,1215,14.0,1116,116,784,125.0,1715,852,31.6,21.0,0.959,2004,5,19,15,0,0,0,1,0,0,0,0
1678,2.5,1251,15.5,1165,144,747,135.0,1774,975,30.4,24.7,1.0526,2004,5,19,16,0,0,0,1,0,0,0,0
1679,3.4,1358,19.3,1278,176,689,149.0,1899,1192,28.8,26.3,1.0271,2004,5,19,17,0,0,0,1,0,0,0,0
1680,4.3,1379,21.9,1349,214,645,162.0,1961,1373,26.4,30.1,1.0204,2004,5,19,18,0,0,0,1,0,0,0,0
1681,3.8,1379,21.1,1326,191,659,151.0,1961,1307,24.7,31.5,0.9672,2004,5,19,19,0,0,0,1,0,0,0,0
1682,3.8,1373,18.4,1252,205,670,154.0,1889,1325,22.9,36.5,1.0083,2004,5,19,20,0,0,0,1,0,0,0,0
1683,2.0,1197,9.3,950,110,823,118.0,1592,918,20.8,41.8,1.0155,2004,5,19,21,0,0,0,1,0,0,0,0
1684,1.7,1238,9.0,940,95,815,103.0,1622,877,19.7,47.1,1.0666,2004,5,19,22,0,0,0,1,0,0,0,0
1685,2.0,1255,9.6,963,126,781,122.0,1665,1024,18.9,52.2,1.1313,2004,5,19,23,0,0,0,1,0,0,0,0
1686,1.5,1164,8.2,908,90,821,102.0,1574,1019,18.5,50.1,1.0539,2004,5,20,0,0,0,0,0,1,0,0,0
1687,0.8,1046,5.8,803,48,900,73.0,1490,823,18.0,53.0,1.0832,2004,5,20,1,0,0,0,0,1,0,0,0
1688,0.5,956,3.1,661,38,1043,59.0,1398,701,18.4,51.7,1.0819,2004,5,20,2,0,0,0,0,1,0,0,0
1689,0.3,885,1.7,565,26,1217,42.5,1329,542,19.8,46.2,1.056,2004,5,20,3,0,0,0,0,1,0,0,0
1690,0.3,877,1.6,549,14,1265,26.0,1317,463,19.6,47.7,1.0736,2004,5,20,4,0,0,0,0,1,0,0,0
1691,0.3,925,2.3,609,26,1168,35.0,1363,533,17.3,54.1,1.0582,2004,5,20,5,0,0,0,0,1,0,0,0
1692,0.9,1086,6.6,837,83,885,68.0,1553,906,15.8,59.0,1.0495,2004,5,20,6,0,0,0,0,1,0,0,0
1693,2.8,1490,19.6,1286,188,593,97.0,2053,1447,16.6,55.9,1.0486,2004,5,20,7,0,0,0,0,1,0,0,0
1695,4.0,1462,18.1,1242,149,637,83.0,1961,1552,20.7,46.4,1.1227,2004,5,20,9,0,0,0,0,1,0,0,0
1696,2.2,1232,12.4,1062,155,787,117.0,1707,1092,26.1,30.0,0.9972,2004,5,20,10,0,0,0,0,1,0,0,0
1697,2.2,1239,12.5,1067,146,779,117.0,1702,1071,28.6,25.8,0.9989,2004,5,20,11,0,0,0,0,1,0,0,0
1698,2.0,1218,12.0,1051,121,796,108.0,1689,881,30.3,23.3,0.9869,2004,5,20,12,0,0,0,0,1,0,0,0
1699,2.0,1235,13.3,1094,111,756,107.0,1729,907,31.3,22.3,1.0043,2004,5,20,13,0,0,0,0,1,0,0,0
1700,1.9,1196,12.3,1061,116,791,120.0,1649,899,31.1,22.3,0.9888,2004,5,20,14,0,0,0,0,1,0,0,0
1701,2.7,1288,16.0,1179,167,717,150.0,1799,1074,32.4,20.4,0.9732,2004,5,20,15,0,0,0,0,1,0,0,0
1702,2.2,1248,13.7,1108,145,772,138.0,1701,969,32.6,19.3,0.935,2004,5,20,16,0,0,0,0,1,0,0,0
1703,3.5,1401,21.7,1342,192,663,148.0,1959,1267,31.2,20.3,0.9064,2004,5,20,17,0,0,0,0,1,0,0,0
1704,4.1,1401,23.7,1396,231,645,168.0,2009,1402,27.7,24.8,0.9106,2004,5,20,18,0,0,0,0,1,0,0,0
1705,4.4,1444,22.1,1354,248,655,172.0,1956,1437,25.7,27.9,0.908,2004,5,20,19,0,0,0,0,1,0,0,0
1706,4.5,1379,20.6,1312,267,683,179.0,1870,1382,24.1,29.9,0.8879,2004,5,20,20,0,0,0,0,1,0,0,0
1707,2.9,1251,13.4,1097,181,771,143.0,1680,1280,22.2,34.4,0.9072,2004,5,20,21,0,0,0,0,1,0,0,0
1708,2.6,1269,12.8,1077,163,773,137.0,1706,1250,20.7,38.0,0.9149,2004,5,20,22,0,0,0,0,1,0,0,0
1709,2.1,1242,12.3,1060,141,745,117.0,1693,1359,20.2,42.8,0.9983,2004,5,20,23,0,0,0,0,1,0,0,0
1710,1.2,1045,6.8,850,78,889,93.0,1506,1102,20.5,42.0,1.0004,2004,5,21,0,0,0,0,0,0,1,0,0
1711,0.6,937,3.8,698,42,1039,64.0,1382,768,20.1,42.0,0.9763,2004,5,21,1,0,0,0,0,0,1,0,0
1712,0.3,875,2.5,622,35,1167,58.0,1331,656,20.0,41.5,0.9571,2004,5,21,2,0,0,0,0,0,1,0,0
1713,0.3,889,2.7,633,34,1123,52.5,1344,683,16.3,51.6,0.9461,2004,5,21,3,0,0,0,0,0,1,0,0
1714,0.3,888,2.8,640,33,1089,47.0,1330,670,16.5,50.2,0.932,2004,5,21,4,0,0,0,0,0,1,0,0
1715,0.3,881,2.6,624,38,1135,47.0,1319,656,16.4,50.2,0.931,2004,5,21,5,0,0,0,0,0,1,0,0
1716,0.7,998,7.0,856,65,894,62.0,1488,926,14.9,54.7,0.9203,2004,5,21,6,0,0,0,0,0,1,0,0
1717,4.2,1517,26.2,1460,296,551,113.0,2205,1677,16.4,51.3,0.9474,2004,5,21,7,0,0,0,0,0,1,0,0
1718,4.8,1522,28.2,1509,303,543,126.0,2275,1828,18.2,46.2,0.9575,2004,5,21,8,0,0,0,0,0,1,0,0
1719,3.4,1417,20.2,1303,244,635,139.0,1964,1752,20.7,40.0,0.9639,2004,5,21,9,0,0,0,0,0,1,0,0
1720,2.8,1329,17.1,1214,216,700,148.0,1845,1581,26.5,27.0,0.9217,2004,5,21,10,0,0,0,0,0,1,0,0
1721,1.8,1203,11.2,1023,137,825,117.0,1622,1132,28.5,23.8,0.915,2004,5,21,11,0,0,0,0,0,1,0,0
1722,1.9,1234,11.6,1037,120,788,106.0,1658,1037,29.7,23.7,0.9714,2004,5,21,12,0,0,0,0,0,1,0,0
1723,2.0,1286,13.2,1090,100,750,98.0,1719,1023,31.7,21.7,0.9966,2004,5,21,13,0,0,0,0,0,1,0,0
1724,1.9,1298,12.7,1075,103,749,98.0,1690,1022,31.7,21.5,0.9902,2004,5,21,14,0,0,0,0,0,1,0,0
1725,2.0,1308,13.0,1084,123,757,110.0,1724,989,32.8,19.5,0.9515,2004,5,21,15,0,0,0,0,0,1,0,0
1726,2.3,1276,13.5,1099,136,783,114.0,1680,925,32.5,18.6,0.8948,2004,5,21,16,0,0,0,0,0,1,0,0
1727,2.7,1234,10.2,985,158,815,122.0,1572,795,30.2,22.6,0.9524,2004,5,21,17,0,0,0,0,0,1,0,0
1728,3.6,1419,20.1,1300,216,670,155.0,1923,1263,27.6,25.7,0.9382,2004,5,21,18,0,0,0,0,0,1,0,0
1729,3.8,1325,19.1,1273,211,716,145.0,1815,1184,25.9,24.9,0.8195,2004,5,21,19,0,0,0,0,0,1,0,0
1730,3.5,1346,17.5,1224,202,715,146.0,1794,1272,23.9,29.4,0.8589,2004,5,21,20,0,0,0,0,0,1,0,0
1731,2.5,1241,13.8,1110,147,772,130.0,1698,1177,22.3,32.1,0.8515,2004,5,21,21,0,0,0,0,0,1,0,0
1732,2.5,1274,13.3,1094,160,771,126.0,1682,1231,20.5,35.9,0.8565,2004,5,21,22,0,0,0,0,0,1,0,0
1733,3.0,1321,14.8,1144,162,732,127.0,1745,1243,19.8,37.2,0.8509,2004,5,21,23,0,0,0,0,0,1,0,0
1734,3.7,1424,18.0,1240,194,662,126.0,1841,1427,19.1,41.9,0.9158,2004,5,22,0,1,0,0,0,0,0,1,0
1735,3.3,1357,16.0,1178,167,674,124.0,1782,1454,17.8,46.1,0.9344,2004,5,22,1,1,0,0,0,0,0,1,0
1736,1.5,1123,9.7,966,91,770,93.0,1594,1183,17.6,47.6,0.9465,2004,5,22,2,1,0,0,0,0,0,1,0
1737,0.7,1003,6.2,820,66,902,75.5,1455,908,17.9,46.3,0.9394,2004,5,22,3,1,0,0,0,0,0,1,0
1738,0.6,951,4.0,713,42,994,58.0,1385,821,16.9,49.8,0.9544,2004,5,22,4,1,0,0,0,0,0,1,0
1739,0.5,941,3.6,687,50,1024,59.0,1374,777,15.8,53.8,0.9615,2004,5,22,5,1,0,0,0,0,0,1,0
1740,0.5,986,4.6,745,61,959,66.0,1426,888,16.5,53.5,0.9928,2004,5,22,6,1,0,0,0,0,0,1,0
1741,1.2,1153,9.2,947,107,795,80.0,1643,1076,17.2,52.9,1.0276,2004,5,22,7,1,0,0,0,0,0,1,0
1742,2.2,1323,14.6,1137,139,696,94.0,1846,1285,19.3,48.3,1.0723,2004,5,22,8,1,0,0,0,0,0,1,0
1743,2.2,1315,11.7,1040,165,743,102.0,1740,1315,20.6,47.1,1.1287,2004,5,22,9,1,0,0,0,0,0,1,0
1744,2.1,1303,11.0,1015,139,777,96.0,1731,1250,23.7,40.0,1.153,2004,5,22,10,1,0,0,0,0,0,1,0
1745,1.8,1238,11.6,1037,113,813,91.0,1698,978,25.6,32.5,1.053,2004,5,22,11,1,0,0,0,0,0,1,0
1746,2.2,1259,12.9,1080,138,772,104.0,1736,1072,27.2,28.1,0.9989,2004,5,22,12,1,0,0,0,0,0,1,0
1747,2.0,1246,12.6,1070,104,770,84.0,1747,1064,27.9,28.1,1.0394,2004,5,22,13,1,0,0,0,0,0,1,0
1748,1.4,1154,8.3,912,78,872,76.0,1605,825,28.3,27.8,1.0539,2004,5,22,14,1,0,0,0,0,0,1,0
1749,1.8,1237,10.5,997,97,800,87.0,1688,924,29.2,27.0,1.081,2004,5,22,15,1,0,0,0,0,0,1,0
1750,2.1,1315,11.7,1041,115,773,101.0,1767,966,28.9,29.3,1.1503,2004,5,22,16,1,0,0,0,0,0,1,0
1751,2.8,1466,15.8,1174,152,680,115.0,1965,1302,25.4,39.8,1.2771,2004,5,22,17,1,0,0,0,0,0,1,0
1752,2.8,1409,13.9,1113,157,710,110.0,1850,1256,25.2,40.1,1.2642,2004,5,22,18,1,0,0,0,0,0,1,0
1753,2.7,1366,15.7,1171,132,693,103.0,1933,1068,24.5,39.4,1.1963,2004,5,22,19,1,0,0,0,0,0,1,0
1754,1.8,1241,10.9,1011,98,781,90.0,1748,1070,22.3,45.4,1.2088,2004,5,22,20,1,0,0,0,0,0,1,0
1755,1.2,1123,6.4,832,65,930,68.0,1565,792,21.2,48.3,1.2034,2004,5,22,21,1,0,0,0,0,0,1,0
1756,2.6,1321,12.7,1075,101,757,85.0,1891,1017,20.6,50.5,1.2082,2004,5,22,22,1,0,0,0,0,0,1,0
1757,3.1,1397,15.3,1159,134,681,100.0,1949,1207,20.2,52.9,1.234,2004,5,22,23,1,0,0,0,0,0,1,0
1758,4.1,1507,20.5,1311,177,608,114.0,2107,1499,19.8,54.5,1.2488,2004,5,23,0,1,0,0,0,0,0,0,1
1759,3.6,1405,15.9,1177,179,660,108.0,1931,1474,19.5,56.2,1.2624,2004,5,23,1,1,0,0,0,0,0,0,1
1760,1.9,1192,10.4,994,105,759,78.0,1780,1163,19.0,58.0,1.2581,2004,5,23,2,1,0,0,0,0,0,0,1
1761,1.9,1199,12.6,1070,77,671,66.5,1873,1189,18.1,61.6,1.2679,2004,5,23,3,1,0,0,0,0,0,0,1
1762,1.1,973,4.9,761,49,954,55.0,1501,815,18.0,57.6,1.1788,2004,5,23,4,1,0,0,0,0,0,0,1
1763,0.3,864,2.1,591,27,1247,37.0,1374,507,17.7,56.0,1.1215,2004,5,23,5,1,0,0,0,0,0,0,1
1764,0.4,886,2.2,598,41,1257,53.0,1374,506,17.9,52.4,1.0655,2004,5,23,6,1,0,0,0,0,0,0,1
1765,0.8,988,4.0,713,78,1092,79.0,1455,716,18.9,49.3,1.0668,2004,5,23,7,1,0,0,0,0,0,0,1
1766,0.8,1008,4.3,729,68,1034,65.0,1490,795,20.0,48.6,1.1199,2004,5,23,8,1,0,0,0,0,0,0,1
1767,0.8,976,3.8,698,64,1156,64.0,1393,594,20.6,41.2,0.9841,2004,5,23,9,1,0,0,0,0,0,0,1
1768,0.8,978,4.1,718,67,1137,66.0,1392,565,23.6,34.0,0.9749,2004,5,23,10,1,0,0,0,0,0,0,1
1769,0.9,987,4.5,740,54,1105,53.0,1407,523,26.7,28.1,0.9688,2004,5,23,11,1,0,0,0,0,0,0,1
1770,1.2,1030,5.3,778,67,1071,69.0,1452,591,26.8,28.1,0.9785,2004,5,23,12,1,0,0,0,0,0,0,1
1771,1.0,955,4.2,723,51,1129,57.0,1393,559,27.7,25.8,0.9467,2004,5,23,13,1,0,0,0,0,0,0,1
1772,0.8,924,3.3,673,28,1247,36.0,1346,430,28.8,22.7,0.8864,2004,5,23,14,1,0,0,0,0,0,0,1
1773,1.1,1005,4.9,758,51,1091,57.0,1434,522,26.8,27.3,0.9462,2004,5,23,15,1,0,0,0,0,0,0,1
1774,1.5,1059,6.1,816,77,1023,73.0,1468,641,25.9,28.7,0.9423,2004,5,23,16,1,0,0,0,0,0,0,1
1775,1.5,1079,6.9,851,93,991,81.0,1490,738,25.8,27.7,0.9076,2004,5,23,17,1,0,0,0,0,0,0,1
1776,1.4,1070,6.8,850,94,997,91.0,1502,778,24.8,29.5,0.9077,2004,5,23,18,1,0,0,0,0,0,0,1
1777,1.1,1085,5.8,805,69,972,65.0,1528,718,25.3,36.3,1.1513,2004,5,23,19,1,0,0,0,0,0,0,1
1778,0.9,1066,5.5,787,57,986,56.0,1552,689,23.9,40.4,1.1787,2004,5,23,20,1,0,0,0,0,0,0,1
1779,1.0,1094,6.1,815,74,934,69.0,1563,852,21.4,46.6,1.1764,2004,5,23,21,1,0,0,0,0,0,0,1
1780,1.1,1110,6.0,814,75,948,73.0,1571,854,20.5,49.3,1.173,2004,5,23,22,1,0,0,0,0,0,0,1
1781,1.0,968,4.2,719,73,1081,76.0,1388,664,19.2,42.3,0.9339,2004,5,23,23,1,0,0,0,0,0,0,1
1782,0.7,906,4.1,714,56,1163,67.0,1351,544,19.2,37.9,0.8352,2004,5,24,0,0,1,0,0,0,0,0,0
1783,0.5,849,2.4,615,31,1285,44.0,1276,461,17.2,43.1,0.8394,2004,5,24,1,0,1,0,0,0,0,0,0
1788,0.5,864,2.8,642,72,1288,69.0,1255,441,16.5,36.2,0.6752,2004,5,24,6,0,1,0,0,0,0,0,0
1789,1.6,1002,7.8,893,165,1010,111.0,1394,775,17.5,30.9,0.6111,2004,5,24,7,0,1,0,0,0,0,0,0
1790,2.0,970,9.7,966,118,944,81.0,1379,907,18.4,24.0,0.5046,2004,5,24,8,0,1,0,0,0,0,0,0
1791,1.3,898,6.9,853,85,1066,56.0,1271,763,19.2,23.8,0.5235,2004,5,24,9,0,1,0,0,0,0,0,0
1792,1.0,847,5.8,800,116,1155,90.0,1179,649,21.7,18.1,0.4642,2004,5,24,10,0,1,0,0,0,0,0,0
1793,0.9,847,5.5,788,112,1203,85.0,1162,598,22.3,17.0,0.4513,2004,5,24,11,0,1,0,0,0,0,0,0
1794,1.2,871,6.8,848,100,1139,83.0,1208,579,22.8,16.1,0.4404,2004,5,24,12,0,1,0,0,0,0,0,0
1795,1.3,869,7.2,866,109,1107,85.0,1212,596,23.8,14.5,0.4222,2004,5,24,13,0,1,0,0,0,0,0,0
1796,1.1,875,6.9,854,111,1160,85.0,1200,595,25.1,13.1,0.4129,2004,5,24,14,0,1,0,0,0,0,0,0
1797,1.2,895,7.5,878,109,1122,81.0,1238,607,25.8,12.9,0.4219,2004,5,24,15,0,1,0,0,0,0,0,0
1798,1.4,926,7.7,885,114,1101,92.0,1259,662,25.5,14.0,0.4495,2004,5,24,16,0,1,0,0,0,0,0,0
1799,2.0,996,12.0,1048,139,959,108.0,1397,822,24.5,15.4,0.4663,2004,5,24,17,0,1,0,0,0,0,0,0
1800,2.4,997,13.5,1100,157,896,106.0,1392,987,22.6,17.2,0.4656,2004,5,24,18,0,1,0,0,0,0,0,0
1801,2.1,1006,12.0,1048,147,925,114.0,1416,966,21.2,18.9,0.471,2004,5,24,19,0,1,0,0,0,0,0,0
1802,1.2,895,6.7,845,102,1072,96.0,1241,763,19.1,22.8,0.501,2004,5,24,20,0,1,0,0,0,0,0,0
1803,0.7,862,4.8,751,73,1154,77.0,1213,617,18.4,24.6,0.5169,2004,5,24,21,0,1,0,0,0,0,0,0
1804,0.7,858,4.8,756,65,1159,73.0,1209,564,17.3,25.6,0.5032,2004,5,24,22,0,1,0,0,0,0,0,0
1805,0.8,853,5.0,762,76,1134,86.0,1184,646,16.5,24.9,0.4642,2004,5,24,23,0,1,0,0,0,0,0,0
1806,0.5,859,4.3,727,65,1120,84.0,1187,753,16.7,28.3,0.5316,2004,5,25,0,0,0,1,0,0,0,0,0
1807,0.2,837,2.7,634,41,1200,56.0,1150,669,15.5,32.2,0.5641,2004,5,25,1,0,0,1,0,0,0,0,0
1811,0.1,774,1.7,560,45,1386,51.0,1107,532,11.6,40.0,0.5462,2004,5,25,5,0,0,1,0,0,0,0,0
1812,0.2,798,2.6,630,40,1291,45.0,1125,536,13.4,34.5,0.5272,2004,5,25,6,0,0,1,0,0,0,0,0
1813,1.1,1002,8.8,932,101,949,82.0,1405,917,15.2,31.0,0.5329,2004,5,25,7,0,0,1,0,0,0,0,0
1814,3.0,1210,22.2,1356,183,657,100.0,1786,1481,16.3,27.5,0.5066,2004,5,25,8,0,0,1,0,0,0,0,0
1815,2.1,1058,15.3,1158,149,820,91.0,1459,1187,19.2,20.0,0.439,2004,5,25,9,0,0,1,0,0,0,0,0
1816,2.6,1106,14.0,1118,207,885,130.0,1451,1220,24.9,13.0,0.4038,2004,5,25,10,0,0,1,0,0,0,0,0
1817,3.2,1153,18.5,1253,289,815,155.0,1541,1381,28.3,9.9,0.3754,2004,5,25,11,0,0,1,0,0,0,0,0
1818,2.1,1047,13.5,1101,159,913,114.0,1391,1103,29.2,9.8,0.3914,2004,5,25,12,0,0,1,0,0,0,0,0
1819,2.2,1091,15.8,1172,162,874,127.0,1459,1105,31.6,9.2,0.419,2004,5,25,13,0,0,1,0,0,0,0,0
1820,2.4,1162,18.5,1253,173,796,138.0,1595,1248,32.6,9.3,0.4499,2004,5,25,14,0,0,1,0,0,0,0,0
1821,2.484210526315789,1059,12.6,1070,173,925,137.9,1401,976,32.6,9.2,0.4463,2004,5,25,15,0,0,1,0,0,0,0,0
1822,2.568421052631579,1083,12.0,1051,174,939,137.8,1390,898,32.3,10.0,0.4747,2004,5,25,16,0,0,1,0,0,0,0,0
1823,2.6526315789473682,1150,15.4,1161,175,867,137.7,1512,1038,32.1,10.7,0.4996,2004,5,25,17,0,0,1,0,0,0,0,0
1824,2.736842105263158,1321,24.9,1426,176,720,137.6,1859,1395,29.7,12.2,0.5007,2004,5,25,18,0,0,1,0,0,0,0,0
1825,2.8210526315789473,1319,25.919999999999998,1449,176,735,137.5,1832,1409,29.08,13.766666666666666,0.5235866666666666,2004,5,25,19,0,0,1,0,0,0,0,0
1826,2.905263157894737,1318,26.939999999999998,1472,177,750,137.4,1806,1423,28.46,15.333333333333332,0.5464733333333334,2004,5,25,20,0,0,1,0,0,0,0,0
1827,2.9894736842105263,1317,27.96,1496,178,765,137.3,1780,1437,27.84,16.9,0.56936,2004,5,25,21,0,0,1,0,0,0,0,0
1840,2.2,1137,14.9,1146,188,1144,136.0,1392,1327,26.1,23.8,0.7938,2004,5,26,10,0,0,0,1,0,0,0,0
1841,1.8,1139,13.8,1109,159,1118,135.0,1436,1292,28.8,21.1,0.8193,2004,5,26,11,0,0,0,1,0,0,0,0
1842,1.6,1099,12.3,1059,146,1156,115.0,1416,1114,29.6,19.4,0.7897,2004,5,26,12,0,0,0,1,0,0,0,0
1843,1.8,1088,14.0,1116,127,1128,112.0,1449,1060,31.6,16.4,0.7489,2004,5,26,13,0,0,0,1,0,0,0,0
1844,1.6,1027,11.8,1041,128,1237,112.0,1345,915,32.3,13.3,0.6303,2004,5,26,14,0,0,0,1,0,0,0,0
1845,1.6,1014,12.0,1049,120,1200,109.0,1366,893,31.8,13.5,0.6249,2004,5,26,15,0,0,0,1,0,0,0,0
1846,1.3,969,9.7,968,115,1276,112.0,1325,768,31.8,13.8,0.6394,2004,5,26,16,0,0,0,1,0,0,0,0
1847,1.3085106382978724,1120,18.0,1238,115,1023,112.06382978723404,1591,1126,31.0,15.9,0.7039,2004,5,26,17,0,0,0,1,0,0,0,0
1848,1.3170212765957447,1131,22.6,1368,115,933,112.12765957446808,1707,1284,28.6,18.7,0.7216,2004,5,26,18,0,0,0,1,0,0,0,0
1849,1.325531914893617,1130,22.7,1368,116,933,112.19148936170212,1709,1269,26.7,19.5,0.6754,2004,5,26,19,0,0,0,1,0,0,0,0
1850,1.3340425531914895,1123,20.3,1304,116,939,112.25531914893617,1720,1290,25.0,24.4,0.7616,2004,5,26,20,0,0,0,1,0,0,0,0
1851,1.3425531914893618,1069,13.1,1086,116,1064,112.31914893617021,1536,1119,22.8,28.4,0.7804,2004,5,26,21,0,0,0,1,0,0,0,0
1852,1.3510638297872342,1021,10.9,1010,117,1116,112.38297872340425,1480,1027,21.7,29.2,0.7458,2004,5,26,22,0,0,0,1,0,0,0,0
1853,1.3595744680851065,1101,13.3,1093,117,1012,112.44680851063829,1564,1155,21.1,30.9,0.7617,2004,5,26,23,0,0,0,1,0,0,0,0
1854,1.3680851063829786,1026,9.5,960,118,1072,112.51063829787235,1471,1078,19.9,36.3,0.8349,2004,5,27,0,0,0,0,0,1,0,0,0
1855,1.376595744680851,949,6.6,841,118,1155,112.57446808510639,1393,954,18.6,39.3,0.8355,2004,5,27,1,0,0,0,0,1,0,0,0
1856,1.3851063829787233,846,3.6,687,118,1295,112.63829787234043,1288,726,18.6,38.8,0.8228,2004,5,27,2,0,0,0,0,1,0,0,0
1857,1.3936170212765957,811,2.3,606,119,1417,112.70212765957447,1248,656,19.0,38.9,0.8468,2004,5,27,3,0,0,0,0,1,0,0,0
1859,1.4106382978723404,882,4.1,715,119,1246,112.82978723404256,1367,780,15.5,48.6,0.8505,2004,5,27,5,0,0,0,0,1,0,0,0
1860,1.4191489361702128,963,6.5,836,120,1085,112.8936170212766,1429,920,16.0,47.9,0.8659,2004,5,27,6,0,0,0,0,1,0,0,0
1861,1.4276595744680851,1413,24.8,1424,120,739,112.95744680851064,2102,1544,17.0,46.0,0.883,2004,5,27,7,0,0,0,0,1,0,0,0
1863,1.4446808510638298,1354,24.5,1418,121,749,113.08510638297872,2043,1629,21.8,35.0,0.9002,2004,5,27,9,0,0,0,0,1,0,0,0
1864,1.4531914893617022,1074,9.0,939,121,1071,113.14893617021276,1513,997,25.6,28.0,0.9088,2004,5,27,10,0,0,0,0,1,0,0,0
1865,1.4617021276595745,1022,8.4,914,122,1132,113.2127659574468,1446,847,26.4,23.1,0.7853,2004,5,27,11,0,0,0,0,1,0,0,0
1866,1.4702127659574469,1100,11.5,1034,122,995,113.27659574468085,1586,958,27.1,24.2,0.856,2004,5,27,12,0,0,0,0,1,0,0,0
1867,1.4787234042553192,1073,12.1,1052,123,1009,113.34042553191489,1574,854,27.5,20.9,0.7565,2004,5,27,13,0,0,0,0,1,0,0,0
1868,1.4872340425531916,1049,10.1,983,123,1071,113.40425531914893,1515,782,29.5,19.7,0.8015,2004,5,27,14,0,0,0,0,1,0,0,0
1869,1.4957446808510637,1086,11.9,1048,123,1016,113.46808510638297,1580,888,30.6,18.6,0.8014,2004,5,27,15,0,0,0,0,1,0,0,0
1870,1.5042553191489363,1059,11.3,1027,124,1066,113.53191489361703,1521,764,31.3,15.8,0.7106,2004,5,27,16,0,0,0,0,1,0,0,0
1871,1.5127659574468084,1244,20.2,1301,124,842,113.59574468085107,1801,1170,29.4,21.0,0.8452,2004,5,27,17,0,0,0,0,1,0,0,0
1872,1.5212765957446808,1320,24.8,1423,124,767,113.65957446808511,1986,1385,27.0,23.5,0.8256,2004,5,27,18,0,0,0,0,1,0,0,0
1873,1.5297872340425531,1236,20.3,1304,125,822,113.72340425531915,1868,1237,25.8,26.7,0.8758,2004,5,27,19,0,0,0,0,1,0,0,0
1874,1.5382978723404255,1136,16.2,1187,125,904,113.7872340425532,1735,1127,23.7,28.4,0.8225,2004,5,27,20,0,0,0,0,1,0,0,0
1875,1.5468085106382978,1110,13.3,1093,126,961,113.85106382978724,1661,1091,21.3,33.0,0.8284,2004,5,27,21,0,0,0,0,1,0,0,0
1876,1.5553191489361702,1026,10.3,990,126,1032,113.91489361702128,1553,972,20.5,35.3,0.8435,2004,5,27,22,0,0,0,0,1,0,0,0
1877,1.5638297872340425,1038,9.6,961,126,1026,113.97872340425532,1530,949,19.4,38.1,0.8511,2004,5,27,23,0,0,0,0,1,0,0,0
1878,1.5723404255319149,975,7.8,892,127,1015,114.04255319148936,1480,890,19.4,40.7,0.9045,2004,5,28,0,0,0,0,0,0,1,0,0
1879,1.5808510638297872,908,6.1,814,127,1089,114.1063829787234,1403,763,17.8,44.9,0.903,2004,5,28,1,0,0,0,0,0,1,0,0
1880,1.5893617021276596,896,6.2,820,128,1074,114.17021276595744,1439,833,16.6,49.7,0.9295,2004,5,28,2,0,0,0,0,0,1,0,0
1881,1.597872340425532,810,3.8,697,128,1221,114.23404255319149,1321,675,16.5,48.6,0.9028,2004,5,28,3,0,0,0,0,0,1,0,0
1882,1.6063829787234043,789,2.8,638,128,1305,114.29787234042553,1309,672,15.2,53.6,0.919,2004,5,28,4,0,0,0,0,0,1,0,0
1883,1.6148936170212767,814,3.4,678,129,1276,114.36170212765957,1339,626,15.5,51.7,0.9019,2004,5,28,5,0,0,0,0,0,1,0,0
1884,1.6234042553191488,958,8.2,907,129,992,114.42553191489361,1536,882,14.9,54.8,0.9247,2004,5,28,6,0,0,0,0,0,1,0,0
1885,1.6319148936170214,1213,19.2,1274,129,762,114.48936170212765,1914,1264,16.3,51.3,0.9416,2004,5,28,7,0,0,0,0,0,1,0,0
1886,1.6404255319148935,1221,22.6,1367,130,722,114.55319148936171,2008,1330,18.4,45.7,0.9559,2004,5,28,8,0,0,0,0,0,1,0,0
1887,1.648936170212766,1245,19.4,1281,130,774,114.61702127659575,1952,1324,20.8,43.6,1.0614,2004,5,28,9,0,0,0,0,0,1,0,0
1888,1.6574468085106382,1050,9.6,963,131,998,114.68085106382979,1609,901,24.3,35.1,1.0477,2004,5,28,10,0,0,0,0,0,1,0,0
1889,1.6659574468085105,1048,9.8,969,131,1012,114.74468085106383,1600,852,26.4,29.3,0.9889,2004,5,28,11,0,0,0,0,0,1,0,0
1890,1.674468085106383,1141,14.4,1128,131,902,114.80851063829788,1738,1009,28.3,25.0,0.9495,2004,5,28,12,0,0,0,0,0,1,0,0
1891,1.6829787234042553,1052,12.1,1053,132,949,114.87234042553192,1641,831,28.9,23.7,0.9285,2004,5,28,13,0,0,0,0,0,1,0,0
1892,1.6914893617021276,1152,13.5,1099,132,908,114.93617021276596,1706,954,28.5,25.8,0.9931,2004,5,28,14,0,0,0,0,0,1,0,0
1893,1.7,1026,12.3,1061,133,982,115.0,1564,814,29.6,18.9,0.7692,2004,5,28,15,0,0,0,0,0,1,0,0
1894,1.7,1039,12.2,1055,131,966,117.0,1590,845,28.0,23.2,0.8613,2004,5,28,16,0,0,0,0,0,1,0,0
1895,2.1,1148,12.5,1067,133,887,105.0,1790,956,23.6,41.0,1.1786,2004,5,28,17,0,0,0,0,0,1,0,0
1896,2.2,1176,13.9,1114,141,843,114.0,1805,1102,21.5,48.1,1.2148,2004,5,28,18,0,0,0,0,0,1,0,0
1897,1.8,1100,11.4,1028,112,900,103.0,1710,994,22.1,44.1,1.1573,2004,5,28,19,0,0,0,0,0,1,0,0
1898,1.8,1081,10.4,992,147,959,119.0,1680,935,20.2,47.2,1.1043,2004,5,28,20,0,0,0,0,0,1,0,0
1899,0.9,976,7.0,858,104,1070,102.0,1547,839,20.0,47.6,1.103,2004,5,28,21,0,0,0,0,0,1,0,0
1900,1.0,979,7.0,857,97,1082,96.0,1546,797,19.8,46.8,1.0697,2004,5,28,22,0,0,0,0,0,1,0,0
1901,2.0,1092,11.3,1024,128,937,109.0,1706,968,19.6,47.0,1.0606,2004,5,28,23,0,0,0,0,0,1,0,0
1902,1.8,1044,9.2,946,138,1009,119.0,1594,886,19.3,46.3,1.0279,2004,5,29,0,1,0,0,0,0,0,1,0
1903,1.1,940,6.8,849,93,1091,103.0,1509,764,18.5,48.7,1.0286,2004,5,29,1,1,0,0,0,0,0,1,0
1904,0.6,892,5.1,767,71,1180,84.0,1466,657,18.0,51.4,1.0504,2004,5,29,2,1,0,0,0,0,0,1,0
1905,0.3,838,3.4,675,57,1302,71.5,1390,540,17.9,50.8,1.0355,2004,5,29,3,1,0,0,0,0,0,1,0
1906,0.23333333333333334,853,4.3,727,44,1179,59.0,1417,621,17.7,51.9,1.0379,2004,5,29,4,1,0,0,0,0,0,1,0
1909,0.5,841,4.0,713,84,1293,80.0,1356,559,18.4,43.9,0.9192,2004,5,29,7,1,0,0,0,0,0,1,0
1910,0.6,843,4.0,712,77,1303,77.0,1343,548,18.9,42.1,0.9081,2004,5,29,8,1,0,0,0,0,0,1,0
1911,0.5,841,4.0,713,73,1326,68.0,1330,525,19.2,39.7,0.8728,2004,5,29,9,1,0,0,0,0,0,1,0
1912,0.7,862,4.2,721,72,1329,66.0,1335,522,20.8,36.6,0.8878,2004,5,29,10,1,0,0,0,0,0,1,0
1913,0.7,869,4.5,740,77,1296,70.0,1366,535,21.3,35.8,0.8975,2004,5,29,11,1,0,0,0,0,0,1,0
1914,0.9,894,6.0,810,82,1204,74.0,1421,585,21.8,34.9,0.9004,2004,5,29,12,1,0,0,0,0,0,1,0
1915,0.7,844,4.8,755,67,1284,64.0,1350,521,22.8,31.4,0.8615,2004,5,29,13,1,0,0,0,0,0,1,0
1916,0.4,823,3.8,699,59,1382,60.0,1311,493,22.9,31.3,0.862,2004,5,29,14,1,0,0,0,0,0,1,0
1917,0.5,843,4.2,719,61,1353,63.0,1330,501,22.9,30.7,0.8461,2004,5,29,15,1,0,0,0,0,0,1,0
1918,0.6,865,5.1,767,76,1279,75.0,1369,559,23.8,29.2,0.8499,2004,5,29,16,1,0,0,0,0,0,1,0
1919,0.6,873,5.6,792,73,1247,79.0,1397,589,23.2,30.2,0.8442,2004,5,29,17,1,0,0,0,0,0,1,0
1920,0.8,899,5.8,803,87,1221,83.0,1426,596,22.4,31.3,0.8365,2004,5,29,18,1,0,0,0,0,0,1,0
1921,1.0,921,7.0,856,98,1163,93.0,1437,681,21.7,32.2,0.825,2004,5,29,19,1,0,0,0,0,0,1,0
1922,1.2,937,7.9,893,123,1106,112.0,1463,783,20.8,33.2,0.8061,2004,5,29,20,1,0,0,0,0,0,1,0
1923,1.0,901,6.5,834,102,1177,103.0,1408,738,20.1,35.0,0.8149,2004,5,29,21,1,0,0,0,0,0,1,0
1924,1.3,955,8.5,918,102,1056,93.0,1511,762,19.5,36.9,0.8258,2004,5,29,22,1,0,0,0,0,0,1,0
1925,2.7,1065,13.7,1106,142,897,112.0,1707,929,19.0,38.2,0.8327,2004,5,29,23,1,0,0,0,0,0,1,0
1926,2.7,1035,13.8,1110,148,907,125.0,1652,1044,18.5,39.4,0.832,2004,5,30,0,1,0,0,0,0,0,0,1
1927,1.6,956,9.1,945,107,1030,107.0,1509,892,17.8,41.7,0.844,2004,5,30,1,1,0,0,0,0,0,0,1
1928,0.6,869,6.5,835,61,1078,76.0,1437,807,19.2,42.0,0.9248,2004,5,30,2,1,0,0,0,0,0,0,1
1929,0.3,831,6.2,822,52,1085,65.5,1418,710,17.8,44.8,0.9048,2004,5,30,3,1,0,0,0,0,0,0,1
1930,0.2,815,5.2,774,43,1113,55.0,1374,712,17.0,47.7,0.9185,2004,5,30,4,1,0,0,0,0,0,0,1
1931,0.1,781,3.1,661,25,1271,37.0,1299,568,17.2,47.2,0.9178,2004,5,30,5,1,0,0,0,0,0,0,1
1932,0.1,781,2.9,645,32,1295,45.0,1320,575,17.3,47.6,0.9295,2004,5,30,6,1,0,0,0,0,0,0,1
1933,0.2,828,3.6,690,48,1263,61.0,1353,658,18.6,44.2,0.9385,2004,5,30,7,1,0,0,0,0,0,0,1
1934,0.3,803,2.7,635,60,1417,67.0,1272,537,20.2,37.8,0.8837,2004,5,30,8,1,0,0,0,0,0,0,1
1935,0.3,811,3.0,653,52,1411,60.0,1269,486,22.0,31.9,0.8335,2004,5,30,9,1,0,0,0,0,0,0,1
1936,0.4,844,3.7,696,58,1353,64.0,1292,507,25.5,25.9,0.8339,2004,5,30,10,1,0,0,0,0,0,0,1
1937,0.3,833,3.8,697,54,1361,64.0,1294,496,27.5,22.8,0.8249,2004,5,30,11,1,0,0,0,0,0,0,1
1938,0.3,832,4.2,719,52,1318,59.0,1299,502,28.7,20.7,0.8024,2004,5,30,12,1,0,0,0,0,0,0,1
1941,0.2,815,4.2,723,41,1378,46.0,1256,471,32.0,15.0,0.7028,2004,5,30,15,1,0,0,0,0,0,0,1
1942,0.6,912,6.2,819,65,1224,77.0,1368,589,30.3,17.0,0.7232,2004,5,30,16,1,0,0,0,0,0,0,1
1943,0.5,894,5.2,774,65,1239,83.0,1339,598,31.7,16.2,0.745,2004,5,30,17,1,0,0,0,0,0,0,1
1944,0.9,963,7.7,885,84,1102,90.0,1447,695,29.2,19.6,0.7817,2004,5,30,18,1,0,0,0,0,0,0,1
1945,1.1,990,8.8,930,89,1045,95.0,1506,739,27.4,23.8,0.858,2004,5,30,19,1,0,0,0,0,0,0,1
1946,1.3,1025,10.1,980,114,986,113.0,1591,891,25.0,26.9,0.8408,2004,5,30,20,1,0,0,0,0,0,0,1
1947,1.5,997,9.8,971,127,993,128.0,1573,930,23.6,30.1,0.8663,2004,5,30,21,1,0,0,0,0,0,0,1
1948,1.2,976,8.4,916,117,1044,117.0,1515,880,22.3,33.6,0.8913,2004,5,30,22,1,0,0,0,0,0,0,1
1949,0.4,878,5.4,784,46,1181,64.0,1407,610,21.4,36.9,0.9271,2004,5,30,23,1,0,0,0,0,0,0,1
1950,0.2,836,4.3,728,16,1213,28.0,1353,518,20.6,39.9,0.9597,2004,5,31,0,0,1,0,0,0,0,0,0
1951,0.3,855,4.8,751,27,1107,46.0,1418,664,19.7,43.2,0.9812,2004,5,31,1,0,1,0,0,0,0,0,0
1952,0.33999999999999997,759,2.1,588,4,1323,8.0,1286,515,19.7,42.4,0.9636,2004,5,31,2,0,1,0,0,0,0,0,0
1953,0.38,738,1.4,539,11,1421,20.0,1257,477,18.9,45.0,0.9703,2004,5,31,3,0,1,0,0,0,0,0,0
1955,0.45999999999999996,765,2.3,609,48,1304,57.0,1319,581,16.4,52.4,0.9709,2004,5,31,5,0,1,0,0,0,0,0,0
1956,0.5,909,6.5,834,82,1031,60.0,1527,763,16.6,52.1,0.9785,2004,5,31,6,0,1,0,0,0,0,0,0
1957,1.6,1108,14.2,1123,167,804,83.0,1801,1111,17.4,50.9,1.0017,2004,5,31,7,0,1,0,0,0,0,0,0
1958,3.6,1252,22.7,1369,248,681,129.0,2120,1390,19.3,46.0,1.0185,2004,5,31,8,0,1,0,0,0,0,0,0
1959,2.2,1175,16.3,1188,213,790,137.0,1901,1251,20.9,43.6,1.0683,2004,5,31,9,0,1,0,0,0,0,0,0
1960,1.6,1111,14.1,1120,161,839,121.0,1790,1141,25.6,33.3,1.0773,2004,5,31,10,0,1,0,0,0,0,0,0
1961,1.4,1044,12.6,1069,144,889,123.0,1683,942,28.9,26.0,1.0188,2004,5,31,11,0,1,0,0,0,0,0,0
1962,1.4,1018,13.1,1088,127,909,120.0,1677,795,30.3,22.8,0.9695,2004,5,31,12,0,1,0,0,0,0,0,0
1963,1.5,1060,14.2,1122,116,863,119.0,1721,836,30.9,24.4,1.0724,2004,5,31,13,0,1,0,0,0,0,0,0
1964,1.3,1071,13.8,1110,124,864,121.0,1733,847,30.5,26.2,1.1278,2004,5,31,14,0,1,0,0,0,0,0,0
1965,1.2,1006,12.1,1054,115,921,111.0,1636,769,30.7,23.4,1.015,2004,5,31,15,0,1,0,0,0,0,0,0
1966,1.8,1104,15.7,1171,150,827,128.0,1803,968,28.1,29.8,1.1132,2004,5,31,16,0,1,0,0,0,0,0,0
1967,3.0,1196,21.4,1336,221,739,159.0,1971,1157,26.9,32.2,1.1267,2004,5,31,17,0,1,0,0,0,0,0,0
1968,3.5,1243,25.0,1429,227,687,161.0,2093,1367,26.0,34.6,1.1485,2004,5,31,18,0,1,0,0,0,0,0,0
1969,2.4,1124,16.6,1199,156,794,116.0,1858,1101,24.5,37.7,1.1454,2004,5,31,19,0,1,0,0,0,0,0,0
1970,1.1,1020,10.7,1003,97,904,96.0,1716,916,21.7,46.9,1.2044,2004,5,31,20,0,1,0,0,0,0,0,0
1971,0.8,1035,7.5,878,78,977,69.0,1694,825,19.3,68.8,1.519,2004,5,31,21,0,1,0,0,0,0,0,0
1972,0.4,986,5.3,781,60,1063,58.0,1633,693,17.6,81.6,1.6296,2004,5,31,22,0,1,0,0,0,0,0,0
1973,0.6,1017,6.5,834,61,986,59.0,1676,734,17.8,80.3,1.6212,2004,5,31,23,0,1,0,0,0,0,0,0
1974,0.3,922,4.7,750,46,1085,45.0,1585,685,18.6,75.7,1.6074,2004,6,1,0,0,0,1,0,0,0,0,0
1975,0.26,830,2.9,644,17,1235,23.0,1487,524,19.6,68.4,1.5443,2004,6,1,1,0,0,1,0,0,0,0,0
1976,0.22,805,2.0,583,18,1339,26.0,1494,527,18.0,76.4,1.5608,2004,6,1,2,0,0,1,0,0,0,0,0
1978,0.14,783,1.3,529,16,1437,24.0,1435,466,16.5,82.3,1.5318,2004,6,1,4,0,0,1,0,0,0,0,0
1979,0.1,854,2.4,613,39,1272,41.0,1515,565,16.8,81.3,1.5452,2004,6,1,5,0,0,1,0,0,0,0,0
1980,0.3,985,6.1,816,107,987,65.0,1677,799,17.3,78.6,1.5412,2004,6,1,6,0,0,1,0,0,0,0,0
1981,1.4,1225,12.5,1067,190,760,94.0,1922,1102,16.9,80.9,1.5472,2004,6,1,7,0,0,1,0,0,0,0,0
1982,2.7,1313,19.5,1283,236,671,100.0,2180,1299,17.1,79.8,1.542,2004,6,1,8,0,0,1,0,0,0,0,0
1983,2.3,1199,15.2,1156,227,758,103.0,1958,1272,18.5,70.3,1.4826,2004,6,1,9,0,0,1,0,0,0,0,0
1984,1.8,1182,12.0,1051,211,829,89.0,1870,1206,19.6,66.7,1.5023,2004,6,1,10,0,0,1,0,0,0,0,0
1985,1.6,1173,12.4,1063,201,814,86.0,1905,1218,20.4,63.1,1.4969,2004,6,1,11,0,0,1,0,0,0,0,0
1986,1.9,1259,15.9,1178,191,722,89.0,2060,1367,21.6,61.8,1.5775,2004,6,1,12,0,0,1,0,0,0,0,0
1987,2.5,1263,15.7,1171,192,759,88.0,2029,1290,24.0,49.3,1.4509,2004,6,1,13,0,0,1,0,0,0,0,0
1988,1.6,1156,13.5,1100,143,800,73.0,1884,1175,25.7,43.8,1.4262,2004,6,1,14,0,0,1,0,0,0,0,0
1989,1.5,1167,12.4,1065,148,808,78.0,1886,1139,24.6,47.5,1.4487,2004,6,1,15,0,0,1,0,0,0,0,0
1990,2.5,1278,17.1,1213,183,733,95.0,2041,1293,24.8,47.4,1.4628,2004,6,1,16,0,0,1,0,0,0,0,0
1991,3.6,1342,22.0,1351,216,657,109.0,2201,1419,23.7,50.5,1.4636,2004,6,1,17,0,0,1,0,0,0,0,0
1992,3.5,1353,19.9,1292,184,683,95.0,2178,1326,23.0,53.8,1.4968,2004,6,1,18,0,0,1,0,0,0,0,0
1993,4.8,1501,27.9,1501,248,588,101.0,2486,1517,21.5,65.8,1.6688,2004,6,1,19,0,0,1,0,0,0,0,0
1994,3.7,1355,19.7,1289,221,678,88.0,2158,1391,21.0,66.9,1.6436,2004,6,1,20,0,0,1,0,0,0,0,0
1995,2.1,1230,15.7,1169,159,737,77.0,2020,1275,20.6,68.1,1.6329,2004,6,1,21,0,0,1,0,0,0,0,0
1996,1.6,1148,12.0,1048,136,822,75.0,1883,1168,20.5,66.9,1.5914,2004,6,1,22,0,0,1,0,0,0,0,0
1997,2.2,1171,13.1,1088,168,822,81.0,1889,1132,20.2,65.2,1.5251,2004,6,1,23,0,0,1,0,0,0,0,0
1998,0.8,1021,9.2,949,95,927,57.0,1764,977,19.5,68.0,1.5269,2004,6,2,0,0,0,0,1,0,0,0,0
1999,0.8296875,964,7.5,877,70,958,49.0,1692,942,19.9,66.4,1.5203,2004,6,2,1,0,0,0,1,0,0,0,0
2000,0.859375,887,4.9,758,43,1094,38.0,1622,804,19.1,69.0,1.5043,2004,6,2,2,0,0,0,1,0,0,0,0
2001,0.8890625000000001,885,5.2,773,36,1051,34.5,1641,805,18.5,70.7,1.4962,2004,6,2,3,0,0,0,1,0,0,0,0
2002,0.9187500000000001,830,3.2,662,30,1217,31.0,1556,704,18.9,67.8,1.4689,2004,6,2,4,0,0,0,1,0,0,0,0
2003,0.9484375,792,2.4,611,22,1280,23.0,1529,657,20.0,63.7,1.4742,2004,6,2,5,0,0,0,1,0,0,0,0
2004,0.978125,813,2.8,639,25,1267,22.0,1538,655,19.8,64.7,1.4769,2004,6,2,6,0,0,0,1,0,0,0,0
2005,1.0078125,890,3.9,703,48,1145,33.0,1601,751,19.7,65.3,1.4843,2004,6,2,7,0,0,0,1,0,0,0,0
2006,1.0375,984,6.9,854,73,964,43.0,1751,885,20.8,62.0,1.5002,2004,6,2,8,0,0,0,1,0,0,0,0
2007,1.0671875000000002,1043,8.5,920,95,925,53.0,1777,955,22.2,56.6,1.4973,2004,6,2,9,0,0,0,1,0,0,0,0
2008,1.096875,1054,8.9,936,86,915,54.0,1791,962,24.3,49.0,1.4724,2004,6,2,10,0,0,0,1,0,0,0,0
2009,1.1265625000000001,1063,8.8,930,102,925,62.0,1749,957,25.0,46.5,1.4492,2004,6,2,11,0,0,0,1,0,0,0,0
2010,1.15625,978,7.4,873,80,1003,53.0,1669,788,28.9,34.8,1.3603,2004,6,2,12,0,0,0,1,0,0,0,0
2011,1.1859375,887,4.7,748,36,1141,34.0,1560,596,29.6,33.4,1.3581,2004,6,2,13,0,0,0,1,0,0,0,0
2012,1.2156250000000002,887,4.8,754,32,1164,30.0,1523,560,30.9,30.7,1.3493,2004,6,2,14,0,0,0,1,0,0,0,0
2013,1.2453125,977,6.8,850,46,1035,37.0,1645,701,31.8,31.0,1.4286,2004,6,2,15,0,0,0,1,0,0,0,0
2014,1.2750000000000001,1043,8.9,934,61,929,47.0,1707,811,31.4,31.2,1.4127,2004,6,2,16,0,0,0,1,0,0,0,0
2015,1.3046875,1010,8.1,902,59,966,44.0,1676,724,28.9,35.7,1.3985,2004,6,2,17,0,0,0,1,0,0,0,0
2016,1.334375,1094,10.5,996,76,876,53.0,1807,864,27.2,42.5,1.5135,2004,6,2,18,0,0,0,1,0,0,0,0
2017,1.3640625000000002,1223,14.8,1142,145,778,88.0,1965,1084,26.2,46.4,1.5573,2004,6,2,19,0,0,0,1,0,0,0,0
2018,1.39375,1109,11.8,1042,140,834,95.0,1888,998,24.5,51.0,1.5454,2004,6,2,20,0,0,0,1,0,0,0,0
2019,1.4234375000000001,1026,8.7,927,102,915,82.0,1781,878,22.8,56.1,1.5353,2004,6,2,21,0,0,0,1,0,0,0,0
2020,1.453125,1036,8.7,928,89,914,59.0,1787,909,21.9,60.9,1.5799,2004,6,2,22,0,0,0,1,0,0,0,0
2021,1.4828125,963,6.9,853,62,995,43.0,1732,789,21.7,61.0,1.5617,2004,6,2,23,0,0,0,1,0,0,0,0
2022,1.5125000000000002,996,7.3,868,69,957,51.0,1741,857,20.8,64.8,1.568,2004,6,3,0,0,0,0,0,1,0,0,0
2023,1.5421875,999,6.9,853,63,951,49.0,1756,885,20.3,70.9,1.6699,2004,6,3,1,0,0,0,0,1,0,0,0
2024,1.5718750000000001,893,4.6,741,31,1056,36.0,1664,743,18.9,79.0,1.704,2004,6,3,2,0,0,0,0,1,0,0,0
2026,1.63125,753,1.7,562,17,1420,24.0,1414,454,18.6,64.5,1.3655,2004,6,3,4,0,0,0,0,1,0,0,0
2027,1.6609375000000002,825,3.2,663,61,1203,58.0,1504,610,17.6,67.4,1.346,2004,6,3,5,0,0,0,0,1,0,0,0
2028,1.6906250000000003,1012,10.1,982,184,882,73.0,1796,1024,17.6,67.6,1.3479,2004,6,3,6,0,0,0,0,1,0,0,0
2029,1.7203125000000001,1221,19.9,1293,248,688,74.0,2144,1316,19.0,61.7,1.3393,2004,6,3,7,0,0,0,0,1,0,0,0
2030,1.75,1215,20.2,1303,220,694,97.0,2180,1358,20.0,57.4,1.3268,2004,6,3,8,0,0,0,0,1,0,0,0
2031,1.7796875,1234,20.8,1318,243,714,108.0,2108,2202,22.6,45.9,1.2418,2004,6,3,9,0,0,0,0,1,0,0,0
2032,1.8093750000000002,1138,15.1,1152,164,798,93.0,1877,1947,27.3,34.3,1.2284,2004,6,3,10,0,0,0,0,1,0,0,0
2033,1.8390625,987,10.9,1009,160,914,92.28571428571429,1697,1227,27.4,31.0,1.1184,2004,6,3,11,0,0,0,0,1,0,0,0
2034,1.8687500000000001,980,11.1,1019,157,921,91.57142857142857,1720,950,26.2,33.6,1.1244,2004,6,3,12,0,0,0,0,1,0,0,0
2035,1.8984375000000002,966,12.1,1054,154,885,90.85714285714286,1742,917,26.8,32.4,1.1263,2004,6,3,13,0,0,0,0,1,0,0,0
2036,1.928125,905,8.6,923,151,1025,90.14285714285714,1582,707,28.7,27.7,1.071,2004,6,3,14,0,0,0,0,1,0,0,0
2037,1.9578125000000002,903,9.7,968,148,992,89.42857142857143,1565,740,28.7,25.0,0.9684,2004,6,3,15,0,0,0,0,1,0,0,0
2038,1.9875,914,11.0,1014,145,988,88.71428571428571,1597,775,29.1,22.3,0.8811,2004,6,3,16,0,0,0,0,1,0,0,0
2039,2.0171875000000004,1050,16.6,1199,142,849,88.0,1781,1035,29.0,24.5,0.9655,2004,6,3,17,0,0,0,0,1,0,0,0
2040,2.046875,1043,14.7,1139,139,876,87.28571428571429,1756,1001,27.2,28.3,1.0016,2004,6,3,18,0,0,0,0,1,0,0,0
2041,2.0765625,1125,19.5,1283,136,792,86.57142857142857,1899,1101,25.3,30.0,0.952,2004,6,3,19,0,0,0,0,1,0,0,0
2042,2.10625,1058,14.5,1134,133,855,85.85714285714286,1797,1034,24.1,34.8,1.0333,2004,6,3,20,0,0,0,0,1,0,0,0
2043,2.1359375,951,7.8,892,130,1015,85.14285714285714,1611,786,23.0,43.1,1.1993,2004,6,3,21,0,0,0,0,1,0,0,0
2044,2.1656250000000004,944,7.8,891,127,1016,84.42857142857143,1593,844,22.1,43.9,1.1521,2004,6,3,22,0,0,0,0,1,0,0,0
2045,2.1953125,959,7.8,892,124,996,83.71428571428571,1616,866,21.0,48.1,1.178,2004,6,3,23,0,0,0,0,1,0,0,0
2046,2.225,974,8.5,919,121,976,83.0,1638,909,20.6,49.2,1.1754,2004,6,4,0,0,0,0,0,0,1,0,0
2047,2.2546875,880,5.7,799,118,1097,82.28571428571428,1533,724,21.2,47.6,1.1799,2004,6,4,1,0,0,0,0,0,1,0,0
2048,2.284375,853,4.5,740,115,1146,81.57142857142857,1526,715,21.0,50.1,1.2338,2004,6,4,2,0,0,0,0,0,1,0,0
2049,2.3140625000000004,912,5.6,795,112,1042,80.85714285714286,1564,827,20.1,53.1,1.2342,2004,6,4,3,0,0,0,0,0,1,0,0
2050,2.34375,863,4.6,745,109,1098,80.14285714285714,1496,786,19.0,54.0,1.1745,2004,6,4,4,0,0,0,0,0,1,0,0
2052,2.403125,830,3.4,674,103,1246,78.71428571428571,1459,607,19.2,53.1,1.1662,2004,6,4,6,0,0,0,0,0,1,0,0
2053,2.4328125000000003,1198,17.0,1209,100,779,78.0,2058,1213,20.6,49.0,1.1748,2004,6,4,7,0,0,0,0,0,1,0,0
2054,2.4625000000000004,971,10.0,977,97,921,77.28571428571428,1667,910,21.8,41.9,1.077,2004,6,4,8,0,0,0,0,0,1,0,0
2055,2.4921875,885,6.0,812,94,1100,76.57142857142857,1495,675,22.8,37.6,1.0315,2004,6,4,9,0,0,0,0,0,1,0,0
2056,2.521875,862,5.7,798,91,1148,75.85714285714286,1456,582,24.8,31.3,0.9646,2004,6,4,10,0,0,0,0,0,1,0,0
2057,2.5515625,892,6.9,853,88,1080,75.14285714285714,1509,666,26.0,29.4,0.976,2004,6,4,11,0,0,0,0,0,1,0,0
2058,2.5812500000000003,933,9.5,960,85,994,74.42857142857143,1577,726,27.0,27.8,0.9731,2004,6,4,12,0,0,0,0,0,1,0,0
2059,2.6109375000000004,975,11.1,1017,82,930,73.71428571428572,1668,801,27.0,29.3,1.0277,2004,6,4,13,0,0,0,0,0,1,0,0
2060,2.640625,927,8.1,905,79,1016,73.0,1554,711,27.0,29.6,1.0419,2004,6,4,14,0,0,0,0,0,1,0,0
2061,2.6703125,993,10.2,985,76,950,72.28571428571428,1680,790,25.8,32.6,1.072,2004,6,4,15,0,0,0,0,0,1,0,0
2062,2.7,1053,13.3,1093,73,873,71.57142857142857,1749,924,26.2,32.6,1.0892,2004,6,4,16,0,0,0,0,0,1,0,0
2063,3.6,1116,16.6,1198,70,811,70.85714285714286,1863,1045,28.3,27.5,1.0418,2004,6,4,17,0,0,0,0,0,1,0,0
2064,3.3,1097,16.9,1206,67,813,70.14285714285714,1867,1088,26.5,29.7,1.0123,2004,6,4,18,0,0,0,0,0,1,0,0
2065,3.6,1116,17.5,1226,64,792,69.42857142857143,1938,1038,25.7,31.8,1.0317,2004,6,4,19,0,0,0,0,0,1,0,0
2066,2.9,1057,13.1,1087,61,871,68.71428571428572,1769,981,24.4,35.2,1.0632,2004,6,4,20,0,0,0,0,0,1,0,0
2067,1.9,973,9.2,949,58,987,68.0,1615,820,23.5,36.9,1.0518,2004,6,4,21,0,0,0,0,0,1,0,0
2068,2.0,1016,10.0,977,55,951,67.28571428571428,1652,948,22.4,41.0,1.1006,2004,6,4,22,0,0,0,0,0,1,0,0
2069,2.9,1120,13.1,1088,52,849,66.57142857142857,1785,1067,21.7,44.7,1.1451,2004,6,4,23,0,0,0,0,0,1,0,0
2070,2.7,1076,12.9,1080,49,846,65.85714285714286,1787,1070,21.1,48.1,1.1864,2004,6,5,0,1,0,0,0,0,0,1,0
2071,1.5,937,7.8,890,46,970,65.14285714285714,1625,877,20.7,50.0,1.203,2004,6,5,1,1,0,0,0,0,0,1,0
2072,1.6,980,9.2,948,43,888,64.42857142857143,1702,1028,19.8,53.1,1.2093,2004,6,5,2,1,0,0,0,0,0,1,0
2073,1.3,937,6.9,853,40,962,63.714285714285715,1604,969,19.8,53.6,1.2214,2004,6,5,3,1,0,0,0,0,0,1,0
2074,0.7,852,4.5,739,37,1095,63.0,1525,837,19.6,54.8,1.236,2004,6,5,4,1,0,0,0,0,0,1,0
2075,0.7,858,4.9,757,57,1066,71.0,1542,904,19.3,57.3,1.265,2004,6,5,5,1,0,0,0,0,0,1,0
2076,1.2,963,7.9,894,131,942,91.0,1702,1065,19.7,58.4,1.3254,2004,6,5,6,1,0,0,0,0,0,1,0
2077,1.5,966,7.4,874,171,969,95.0,1682,999,19.8,59.4,1.3554,2004,6,5,7,1,0,0,0,0,0,1,0
2078,1.5,983,8.0,901,187,954,96.0,1691,986,20.9,54.8,1.3387,2004,6,5,8,1,0,0,0,0,0,1,0
2079,1.6,990,7.6,881,133,985,81.0,1685,874,22.4,47.9,1.2817,2004,6,5,9,1,0,0,0,0,0,1,0
2080,1.1,891,5.3,780,87,1110,68.0,1543,689,24.1,41.3,1.2202,2004,6,5,10,1,0,0,0,0,0,1,0
2081,1.1,883,5.3,778,61,1130,57.0,1545,608,25.9,36.9,1.2133,2004,6,5,11,1,0,0,0,0,0,1,0
2082,1.4,914,8.0,900,86,1010,68.0,1596,706,30.7,26.0,1.1287,2004,6,5,12,1,0,0,0,0,0,1,0
2083,1.4,896,8.4,917,83,1017,72.0,1577,704,30.3,25.2,1.0652,2004,6,5,13,1,0,0,0,0,0,1,0
2084,1.0,841,6.0,811,61,1135,62.0,1463,609,30.1,25.4,1.0641,2004,6,5,14,1,0,0,0,0,0,1,0
2085,1.3,926,7.3,868,80,1048,75.0,1599,687,27.6,35.1,1.2764,2004,6,5,15,1,0,0,0,0,0,1,0
2086,1.9,1133,10.2,984,110,838,92.0,1897,976,26.6,47.6,1.6315,2004,6,5,16,1,0,0,0,0,0,1,0
2087,1.7,1042,9.0,939,108,917,89.0,1744,860,30.4,31.3,1.3331,2004,6,5,17,1,0,0,0,0,0,1,0
2088,2.3,1124,14.0,1118,134,793,105.0,1915,1021,27.8,35.0,1.282,2004,6,5,18,1,0,0,0,0,0,1,0
2089,2.4,1157,16.1,1183,133,738,111.0,1970,1079,26.6,37.9,1.2994,2004,6,5,19,1,0,0,0,0,0,1,0
2090,1.8,989,8.2,906,118,954,102.0,1681,826,23.4,44.4,1.2646,2004,6,5,20,1,0,0,0,0,0,1,0
2091,0.6,841,3.8,699,17,1123,30.0,1508,558,23.0,51.1,1.4175,2004,6,5,21,1,0,0,0,0,0,1,0
2092,0.8,916,5.6,791,26,1007,43.0,1588,679,22.1,53.5,1.4087,2004,6,5,22,1,0,0,0,0,0,1,0
2093,1.7,1008,8.0,900,55,907,67.0,1681,850,21.6,53.6,1.3674,2004,6,5,23,1,0,0,0,0,0,1,0
2094,1.1,895,5.6,792,39,975,58.0,1574,733,21.9,52.7,1.365,2004,6,6,0,1,0,0,0,0,0,0,1
2095,0.6,810,3.8,702,15,1093,24.0,1529,612,21.3,54.9,1.3707,2004,6,6,1,1,0,0,0,0,0,0,1
2096,1.1,968,6.6,840,47,891,58.0,1727,788,17.5,79.1,1.5709,2004,6,6,2,1,0,0,0,0,0,0,1
2097,1.1,922,7.0,859,48,871,60.0,1739,728,17.6,78.6,1.5722,2004,6,6,3,1,0,0,0,0,0,0,1
2098,1.0,892,5.2,773,49,926,62.0,1660,724,17.1,81.8,1.5816,2004,6,6,4,1,0,0,0,0,0,0,1
2099,0.5,806,2.4,615,21,1172,34.0,1525,543,16.6,80.2,1.5002,2004,6,6,5,1,0,0,0,0,0,0,1
2100,0.7,827,3.1,659,33,1115,46.0,1552,616,16.8,77.4,1.4739,2004,6,6,6,1,0,0,0,0,0,0,1
2101,1.0,881,5.2,776,63,1037,62.0,1623,677,18.3,66.5,1.381,2004,6,6,7,1,0,0,0,0,0,0,1
2102,1.2,877,5.9,808,73,1011,70.0,1614,723,20.4,55.8,1.3196,2004,6,6,8,1,0,0,0,0,0,0,1
2103,0.7,784,2.8,638,51,1314,54.0,1412,529,21.6,45.3,1.1533,2004,6,6,9,1,0,0,0,0,0,0,1
2104,0.9,806,3.4,675,61,1270,61.0,1414,528,23.1,39.4,1.0983,2004,6,6,10,1,0,0,0,0,0,0,1
2105,0.8,775,3.0,653,52,1349,53.0,1365,491,25.4,31.6,1.0058,2004,6,6,11,1,0,0,0,0,0,0,1
2106,0.8,773,3.4,676,49,1331,49.0,1374,489,26.6,29.0,0.9928,2004,6,6,12,1,0,0,0,0,0,0,1
2109,0.7,817,3.6,688,51,1299,60.0,1435,512,23.6,38.1,1.0917,2004,6,6,15,1,0,0,0,0,0,0,1
2110,0.9,815,4.2,720,56,1225,59.0,1418,525,25.9,32.0,1.0529,2004,6,6,16,1,0,0,0,0,0,0,1
2111,1.0,844,4.9,757,71,1186,67.0,1445,556,26.3,31.5,1.0643,2004,6,6,17,1,0,0,0,0,0,0,1
2112,1.2,880,5.9,807,79,1123,72.0,1510,599,23.9,36.8,1.0774,2004,6,6,18,1,0,0,0,0,0,0,1
2113,1.3,906,6.6,838,117,1084,88.0,1547,694,23.7,36.8,1.0609,2004,6,6,19,1,0,0,0,0,0,0,1
2114,1.6,904,7.6,882,127,1048,94.0,1549,744,22.5,37.8,1.0157,2004,6,6,20,1,0,0,0,0,0,0,1
2115,1.4,877,7.0,858,118,1080,89.0,1535,724,21.8,39.2,1.0115,2004,6,6,21,1,0,0,0,0,0,0,1
2116,1.7,918,7.5,879,130,1030,96.0,1569,804,20.9,42.6,1.04,2004,6,6,22,1,0,0,0,0,0,0,1
2117,1.7,930,8.4,914,131,991,98.0,1631,862,20.0,45.6,1.0555,2004,6,6,23,1,0,0,0,0,0,0,1
2118,1.4,870,7.0,858,102,1061,95.0,1557,811,19.3,47.9,1.059,2004,6,7,0,0,1,0,0,0,0,0,0
2119,0.8,793,3.9,703,48,1222,64.0,1439,627,18.7,49.0,1.0462,2004,6,7,1,0,1,0,0,0,0,0,0
2120,0.4,760,2.6,626,22,1263,38.0,1386,575,17.8,54.1,1.0938,2004,6,7,2,0,1,0,0,0,0,0,0
2121,0.3,733,2.0,588,22,1281,36.0,1394,589,18.6,52.7,1.1206,2004,6,7,3,0,1,0,0,0,0,0,0
2122,0.4,726,2.1,591,22,1263,34.0,1386,579,17.2,57.9,1.127,2004,6,7,4,0,1,0,0,0,0,0,0
2123,0.5,732,2.4,613,44,1273,40.0,1413,605,18.2,54.1,1.1155,2004,6,7,5,0,1,0,0,0,0,0,0
2124,1.5,933,9.6,962,167,867,76.0,1705,974,17.3,57.6,1.1289,2004,6,7,6,0,1,0,0,0,0,0,0
2125,2.6,1061,15.4,1162,220,777,90.0,1898,1132,19.9,49.4,1.1354,2004,6,7,7,0,1,0,0,0,0,0,0
2126,4.3,1201,25.0,1428,285,664,118.0,2249,1378,21.7,44.2,1.1321,2004,6,7,8,0,1,0,0,0,0,0,0
2127,3.1,1065,15.1,1151,272,801,118.0,1894,1160,23.5,40.0,1.1386,2004,6,7,9,0,1,0,0,0,0,0,0
2128,2.9,1075,17.4,1222,238,774,122.0,1943,1213,28.4,29.7,1.1345,2004,6,7,10,0,1,0,0,0,0,0,0
2129,2.5,998,14.1,1119,207,832,120.0,1780,1057,31.6,24.1,1.0994,2004,6,7,11,0,1,0,0,0,0,0,0
2130,1.9,922,11.8,1042,152,887,132.0,1744,832,31.3,24.1,1.0816,2004,6,7,12,0,1,0,0,0,0,0,0
2131,2.5,1023,14.9,1147,185,829,115.0,1842,983,34.4,20.4,1.0857,2004,6,7,13,0,1,0,0,0,0,0,0
2132,2.5,1039,16.0,1180,184,833,127.0,1815,1047,33.7,21.3,1.0988,2004,6,7,14,0,1,0,0,0,0,0,0
2133,2.8,1054,16.5,1195,205,815,126.0,1848,1078,35.9,18.9,1.0999,2004,6,7,15,0,1,0,0,0,0,0,0
2134,2.3,1022,15.2,1155,172,871,113.0,1840,979,34.3,19.4,1.0279,2004,6,7,16,0,1,0,0,0,0,0,0
2135,3.3,1082,18.9,1266,227,788,124.0,1910,1139,33.5,19.9,1.0112,2004,6,7,17,0,1,0,0,0,0,0,0
2136,2.8,1056,19.0,1268,187,786,108.0,1896,1111,30.5,24.2,1.0386,2004,6,7,18,0,1,0,0,0,0,0,0
2138,2.5,1029,13.4,1097,155,825,125.0,1827,980,27.0,36.7,1.2898,2004,6,7,20,0,1,0,0,0,0,0,0
2139,2.0,1004,10.9,1011,108,867,116.0,1754,893,24.6,41.9,1.2752,2004,6,7,21,0,1,0,0,0,0,0,0
2140,1.8,979,8.9,937,94,919,101.0,1683,858,23.3,44.5,1.2566,2004,6,7,22,0,1,0,0,0,0,0,0
2141,1.7,972,8.5,919,103,934,101.0,1668,904,22.4,46.9,1.2544,2004,6,7,23,0,1,0,0,0,0,0,0
2142,1.3,942,6.7,846,78,980,92.0,1615,905,21.7,50.8,1.3019,2004,6,8,0,0,0,1,0,0,0,0,0
2143,0.7,825,4.2,720,38,1129,55.0,1511,678,21.0,51.9,1.2794,2004,6,8,1,0,0,1,0,0,0,0,0
2144,0.5,780,2.5,621,26,1277,42.0,1452,586,20.5,54.3,1.2926,2004,6,8,2,0,0,1,0,0,0,0,0
2145,0.4,746,1.7,565,22,1369,36.0,1423,608,20.9,52.5,1.2852,2004,6,8,3,0,0,1,0,0,0,0,0
2147,0.5,785,2.8,640,35,1265,40.0,1467,588,19.6,57.1,1.2851,2004,6,8,5,0,0,1,0,0,0,0,0
2148,1.4,946,8.8,931,126,917,69.0,1745,884,18.2,62.3,1.2903,2004,6,8,6,0,0,1,0,0,0,0,0
2149,3.3,1201,19.4,1279,309,683,100.0,2144,1338,19.5,57.7,1.2966,2004,6,8,7,0,0,1,0,0,0,0,0
2151,5.0,1346,27.1,1481,441,602,174.0,2367,1681,23.9,44.4,1.3029,2004,6,8,9,0,0,1,0,0,0,0,0
2152,3.5,1230,19.0,1268,309,698,171.0,2049,1509,28.1,35.2,1.312,2004,6,8,10,0,0,1,0,0,0,0,0
2153,2.9,1160,16.9,1208,220,728,149.0,1925,1330,31.4,28.6,1.298,2004,6,8,11,0,0,1,0,0,0,0,0
2154,2.5,1146,15.7,1171,168,761,124.0,1902,1138,33.7,25.5,1.3095,2004,6,8,12,0,0,1,0,0,0,0,0
2155,2.3,1078,14.1,1121,149,818,119.0,1806,963,35.9,20.8,1.2103,2004,6,8,13,0,0,1,0,0,0,0,0
2156,2.4,1111,16.5,1194,160,794,130.0,1875,1015,37.5,18.1,1.1529,2004,6,8,14,0,0,1,0,0,0,0,0
2157,2.6,1083,14.8,1141,177,825,143.0,1793,1008,37.7,17.7,1.1383,2004,6,8,15,0,0,1,0,0,0,0,0
2158,2.2,1056,13.0,1083,176,865,163.0,1723,898,37.8,17.4,1.1219,2004,6,8,16,0,0,1,0,0,0,0,0
2159,3.5,1220,21.4,1334,176,695,183.0,2066,1215,36.6,20.6,1.2445,2004,6,8,17,0,0,1,0,0,0,0,0
2160,3.9,1268,23.6,1393,202,650,161.0,2144,1334,32.5,26.0,1.2502,2004,6,8,18,0,0,1,0,0,0,0,0
2161,4.5,1256,25.0,1430,255,660,170.0,2151,1380,30.8,27.2,1.1832,2004,6,8,19,0,0,1,0,0,0,0,0
2162,3.8,1213,21.6,1341,210,683,143.0,2090,1601,28.8,30.2,1.1761,2004,6,8,20,0,0,1,0,0,0,0,0
2163,2.8,1145,15.7,1170,157,751,123.0,1894,1376,26.7,35.4,1.2233,2004,6,8,21,0,0,1,0,0,0,0,0
2164,1.7,1050,10.9,1011,96,836,89.0,1739,1161,25.3,40.7,1.291,2004,6,8,22,0,0,1,0,0,0,0,0
2165,1.2,972,8.1,902,59,933,67.0,1647,878,24.9,41.2,1.2809,2004,6,8,23,0,0,1,0,0,0,0,0
2166,1.6,1020,10.2,984,81,853,81.0,1753,1031,23.7,45.1,1.3033,2004,6,9,0,0,0,0,1,0,0,0,0
2167,1.0,934,7.5,878,40,940,54.0,1644,847,22.5,49.0,1.3151,2004,6,9,1,0,0,0,1,0,0,0,0
2168,0.9,914,5.8,801,42,965,57.0,1609,908,22.3,50.6,1.3486,2004,6,9,2,0,0,0,1,0,0,0,0
2169,0.5,824,3.8,698,36,1107,54.0,1517,733,22.0,50.5,1.3199,2004,6,9,3,0,0,0,1,0,0,0,0
2170,0.5,817,3.3,672,31,1113,51.0,1501,751,20.8,54.4,1.3229,2004,6,9,4,0,0,0,1,0,0,0,0
2171,0.5,833,4.0,708,54,1084,58.0,1525,799,20.3,56.0,1.3204,2004,6,9,5,0,0,0,1,0,0,0,0
2172,1.0,935,8.1,905,88,899,69.0,1675,954,20.5,54.8,1.3073,2004,6,9,6,0,0,0,1,0,0,0,0
2173,3.5,1297,22.3,1359,261,630,107.0,2214,1425,21.7,50.6,1.2981,2004,6,9,7,0,0,0,1,0,0,0,0
2175,2.9,1201,17.5,1224,265,701,146.0,1987,1532,25.1,43.0,1.3488,2004,6,9,9,0,0,0,1,0,0,0,0
2176,3.4,1267,19.3,1276,247,676,165.0,2059,1570,30.1,32.8,1.3795,2004,6,9,10,0,0,0,1,0,0,0,0
2177,2.8,1224,17.6,1228,189,711,159.0,1972,1380,34.7,25.9,1.4069,2004,6,9,11,0,0,0,1,0,0,0,0
2178,2.8,1247,18.6,1257,168,701,174.0,2000,1337,37.2,23.2,1.4478,2004,6,9,12,0,0,0,1,0,0,0,0
2179,2.8,1183,18.0,1241,183,721,167.0,1937,1308,39.5,18.3,1.2917,2004,6,9,13,0,0,0,1,0,0,0,0
2180,2.3,1078,14.0,1116,157,815,137.0,1761,1013,40.6,15.3,1.1485,2004,6,9,14,0,0,0,1,0,0,0,0
2181,1.8,1076,10.9,1012,113,894,116.0,1665,816,40.3,16.1,1.1896,2004,6,9,15,0,0,0,1,0,0,0,0
2182,2.0,1052,11.1,1019,140,896,125.0,1610,836,40.3,14.2,1.0494,2004,6,9,16,0,0,0,1,0,0,0,0
2183,3.5,1287,21.6,1340,230,699,194.0,2008,1267,39.6,16.7,1.1867,2004,6,9,17,0,0,0,1,0,0,0,0
2184,4.9,1460,27.6,1493,277,586,222.0,2288,1649,37.3,23.4,1.4672,2004,6,9,18,0,0,0,1,0,0,0,0
2185,4.6,1357,25.6,1445,295,620,206.0,2195,1622,33.7,27.7,1.4213,2004,6,9,19,0,0,0,1,0,0,0,0
2186,3.4,1234,18.6,1257,212,695,162.0,2019,1349,30.7,32.2,1.3983,2004,6,9,20,0,0,0,1,0,0,0,0
2187,2.7,1151,15.2,1154,151,747,132.0,1894,1186,28.4,35.7,1.3549,2004,6,9,21,0,0,0,1,0,0,0,0
2188,1.9,1065,11.7,1038,110,805,107.0,1763,1026,26.5,38.6,1.3154,2004,6,9,22,0,0,0,1,0,0,0,0
2189,1.5,984,8.7,929,83,917,84.0,1654,817,25.4,40.1,1.2822,2004,6,9,23,0,0,0,1,0,0,0,0
2190,1.0,938,7.6,881,48,956,61.0,1607,662,24.1,43.3,1.2839,2004,6,10,0,0,0,0,0,1,0,0,0
2191,0.7,878,5.2,774,27,1065,42.0,1527,552,23.9,45.6,1.3328,2004,6,10,1,0,0,0,0,1,0,0,0
2192,1.0,919,5.9,807,48,967,66.0,1598,775,22.0,52.8,1.3752,2004,6,10,2,0,0,0,0,1,0,0,0
2193,0.6,836,4.0,709,40,1085,58.0,1498,646,20.7,56.1,1.3565,2004,6,10,3,0,0,0,0,1,0,0,0
2194,0.75,814,3.3,673,33,1138,50.0,1488,647,20.1,57.3,1.3352,2004,6,10,4,0,0,0,0,1,0,0,0
2195,0.9,872,5.4,782,75,1001,76.0,1607,874,19.5,59.4,1.3328,2004,6,10,5,0,0,0,0,1,0,0,0
2196,1.2,949,8.7,929,101,887,78.0,1711,973,20.0,56.6,1.3095,2004,6,10,6,0,0,0,0,1,0,0,0
2197,2.9,1227,19.9,1292,214,661,104.0,2087,1327,21.7,53.9,1.3848,2004,6,10,7,0,0,0,0,1,0,0,0
2199,4.3,1318,24.6,1420,311,586,166.0,2316,1640,25.9,44.3,1.4544,2004,6,10,9,0,0,0,0,1,0,0,0
2200,3.1,1196,16.9,1208,234,705,151.0,1981,1341,30.1,34.3,1.4414,2004,6,10,10,0,0,0,0,1,0,0,0
2201,2.4,1152,13.6,1102,157,770,134.0,1868,1113,33.5,27.2,1.3859,2004,6,10,11,0,0,0,0,1,0,0,0
2202,2.8,1220,15.3,1157,165,715,148.0,1935,1224,35.4,26.1,1.4806,2004,6,10,12,0,0,0,0,1,0,0,0
2203,2.5,1182,14.1,1120,137,735,126.0,1893,1095,37.9,23.2,1.502,2004,6,10,13,0,0,0,0,1,0,0,0
2204,2.6,1167,17.0,1210,149,719,144.0,1944,1152,39.7,18.7,1.3306,2004,6,10,14,0,0,0,0,1,0,0,0
2205,2.3,1142,13.8,1109,140,782,133.0,1789,1047,40.4,17.2,1.2774,2004,6,10,15,0,0,0,0,1,0,0,0
2206,2.4,1157,13.6,1105,139,779,139.0,1792,982,40.0,18.8,1.363,2004,6,10,16,0,0,0,0,1,0,0,0
2207,3.5,1274,21.2,1329,221,670,178.0,2054,1320,38.9,18.8,1.29,2004,6,10,17,0,0,0,0,1,0,0,0
2208,4.8,1372,25.9,1451,318,631,206.0,2183,1541,35.8,22.1,1.2792,2004,6,10,18,0,0,0,0,1,0,0,0
2209,5.1,1373,25.4,1440,363,635,211.0,2183,1510,33.1,25.9,1.2923,2004,6,10,19,0,0,0,0,1,0,0,0
2210,4.7,1290,23.6,1393,341,655,180.0,2146,1511,30.9,28.2,1.2388,2004,6,10,20,0,0,0,0,1,0,0,0
2211,2.4,1056,12.0,1051,163,826,116.0,1758,1078,27.5,32.6,1.176,2004,6,10,21,0,0,0,0,1,0,0,0
2212,2.5,1116,14.2,1123,157,768,118.0,1826,1235,26.3,34.3,1.1605,2004,6,10,22,0,0,0,0,1,0,0,0
2213,2.7,1106,14.2,1122,202,783,115.0,1813,1202,25.5,34.1,1.0968,2004,6,10,23,0,0,0,0,1,0,0,0
2214,1.5,1018,10.4,992,102,839,96.0,1710,1103,24.7,39.3,1.2065,2004,6,11,0,0,0,0,0,0,1,0,0
2215,1.1,919,7.5,880,70,915,86.0,1628,1013,24.2,39.5,1.1764,2004,6,11,1,0,0,0,0,0,1,0,0
2216,0.6,807,3.5,681,41,1092,65.0,1435,765,24.8,37.8,1.1639,2004,6,11,2,0,0,0,0,0,1,0,0
2217,0.5,787,2.5,620,38,1176,59.0,1403,618,22.7,43.8,1.1952,2004,6,11,3,0,0,0,0,0,1,0,0
2218,0.4,789,2.6,623,36,1146,53.0,1407,663,22.0,44.3,1.1553,2004,6,11,4,0,0,0,0,0,1,0,0
2219,0.6,825,4.0,709,68,1050,74.0,1491,813,19.3,51.4,1.1364,2004,6,11,5,0,0,0,0,0,1,0,0
2220,1.0,912,7.0,858,92,923,69.0,1608,894,19.8,50.4,1.1525,2004,6,11,6,0,0,0,0,0,1,0,0
2221,4.6,1339,24.8,1425,332,595,131.0,2264,1495,20.5,48.2,1.1474,2004,6,11,7,0,0,0,0,0,1,0,0
2223,4.0,1250,21.5,1336,298,632,148.0,2104,1506,25.6,35.8,1.1548,2004,6,11,9,0,0,0,0,0,1,0,0
2224,3.0,1105,12.9,1079,222,788,135.66666666666666,1774,1168,30.0,27.5,1.1509,2004,6,11,10,0,0,0,0,0,1,0,0
2225,2.0,1076,12.2,1055,146,817,123.33333333333333,1734,993,34.4,21.0,1.1248,2004,6,11,11,0,0,0,0,0,1,0,0
2226,2.0,1096,13.1,1087,120,801,111.0,1759,910,35.9,19.6,1.1422,2004,6,11,12,0,0,0,0,0,1,0,0
2227,2.0,1093,13.3,1094,108,797,110.0,1769,912,37.2,18.2,1.1389,2004,6,11,13,0,0,0,0,0,1,0,0
2228,1.9,1027,12.5,1066,109,837,110.0,1689,814,37.3,16.6,1.0435,2004,6,11,14,0,0,0,0,0,1,0,0
2229,1.9,1026,13.0,1085,124,848,116.0,1654,1341,37.4,14.9,0.9413,2004,6,11,15,0,0,0,0,0,1,0,0
2230,1.9,1015,12.3,1062,127,877,120.0,1668,847,36.4,15.1,0.9005,2004,6,11,16,0,0,0,0,0,1,0,0
2231,2.6,1028,15.2,1155,185,832,142.0,1691,925,35.4,14.7,0.8323,2004,6,11,17,0,0,0,0,0,1,0,0
2232,3.2,1074,19.1,1270,230,776,146.0,1833,1087,34.2,14.2,0.7502,2004,6,11,18,0,0,0,0,0,1,0,0
2233,3.4,1124,19.7,1289,265,765,153.0,1863,1132,31.1,18.7,0.8302,2004,6,11,19,0,0,0,0,0,1,0,0
2234,3.4,1111,18.6,1256,261,765,158.0,1851,1197,29.1,22.0,0.8702,2004,6,11,20,0,0,0,0,0,1,0,0
2235,2.9,1062,16.1,1183,219,794,140.0,1731,1229,27.2,22.5,0.7962,2004,6,11,21,0,0,0,0,0,1,0,0
2236,2.7,1072,15.0,1148,180,805,127.0,1683,1171,25.3,24.6,0.7796,2004,6,11,22,0,0,0,0,0,1,0,0
2237,1.3,936,7.3,871,108,990,97.0,1430,921,24.9,27.2,0.8429,2004,6,11,23,0,0,0,0,0,1,0,0
2238,1.3,988,8.9,937,98,894,91.0,1543,1008,23.5,32.2,0.922,2004,6,12,0,1,0,0,0,0,0,1,0
2239,0.9,924,6.6,839,57,957,68.0,1453,849,23.5,32.7,0.9349,2004,6,12,1,1,0,0,0,0,0,1,0
2240,0.6,839,4.3,725,36,1052,52.0,1368,668,24.1,32.0,0.9467,2004,6,12,2,1,0,0,0,0,0,1,0
2241,0.5,826,3.2,666,40,1109,55.0,1349,641,22.6,34.8,0.9441,2004,6,12,3,1,0,0,0,0,0,1,0
2242,0.5,853,4.1,716,45,1047,58.0,1414,707,20.8,40.2,0.9725,2004,6,12,4,1,0,0,0,0,0,1,0
2243,0.9,918,6.0,810,87,936,78.0,1524,939,18.8,46.6,1.0027,2004,6,12,5,1,0,0,0,0,0,1,0
2244,0.7,890,5.6,791,62,950,61.0,1489,886,19.8,46.0,1.0524,2004,6,12,6,1,0,0,0,0,0,1,0
2245,0.6,865,4.8,752,65,996,64.0,1451,837,21.3,42.3,1.0625,2004,6,12,7,1,0,0,0,0,0,1,0
2246,1.3,1003,8.9,937,125,850,81.0,1622,1005,21.3,41.8,1.0449,2004,6,12,8,1,0,0,0,0,0,1,0
2247,1.9,1123,13.1,1088,157,746,92.0,1789,1191,24.0,36.6,1.0772,2004,6,12,9,1,0,0,0,0,0,1,0
2248,2.1,1146,14.1,1119,171,746,101.0,1823,1200,27.2,30.7,1.0884,2004,6,12,10,1,0,0,0,0,0,1,0
2249,1.8,1110,11.2,1021,119,820,96.0,1724,971,32.3,23.6,1.1271,2004,6,12,11,1,0,0,0,0,0,1,0
2250,1.8,1126,10.0,979,110,849,101.0,1700,907,31.9,25.8,1.2023,2004,6,12,12,1,0,0,0,0,0,1,0
2251,1.6,1067,9.6,962,95,860,91.0,1658,802,35.1,21.8,1.2093,2004,6,12,13,1,0,0,0,0,0,1,0
2252,1.2,1008,7.2,866,58,937,68.0,1573,695,36.0,20.5,1.1995,2004,6,12,14,1,0,0,0,0,0,1,0
2253,1.2,1062,8.6,924,69,892,76.0,1683,777,37.0,20.1,1.2423,2004,6,12,15,1,0,0,0,0,0,1,0
2254,1.4,1082,9.0,939,76,869,84.0,1678,818,36.4,21.0,1.2515,2004,6,12,16,1,0,0,0,0,0,1,0
2255,1.3,1042,7.9,897,63,901,76.0,1605,681,35.2,22.6,1.267,2004,6,12,17,1,0,0,0,0,0,1,0
2256,1.1,1022,6.2,823,51,964,61.0,1599,631,32.5,27.6,1.3229,2004,6,12,18,1,0,0,0,0,0,1,0
2257,1.1,1024,6.3,828,46,936,52.0,1601,641,29.1,35.1,1.3919,2004,6,12,19,1,0,0,0,0,0,1,0
2258,1.1,1048,6.3,828,52,922,59.0,1618,683,26.9,39.7,1.3898,2004,6,12,20,1,0,0,0,0,0,1,0
2259,1.8,1153,11.2,1022,84,765,89.0,1806,1013,26.1,42.2,1.4039,2004,6,12,21,1,0,0,0,0,0,1,0
2260,2.3,1195,12.8,1077,130,731,113.0,1860,1151,25.5,43.8,1.4095,2004,6,12,22,1,0,0,0,0,0,1,0
2261,2.6,1245,13.2,1091,147,734,112.0,1870,1134,24.9,45.6,1.4135,2004,6,12,23,1,0,0,0,0,0,1,0
2262,2.0,1086,9.2,946,126,847,89.0,1729,945,25.2,45.2,1.4262,2004,6,13,0,1,0,0,0,0,0,0,1
2263,1.0,972,5.8,804,47,955,53.0,1620,734,25.4,45.5,1.457,2004,6,13,1,1,0,0,0,0,0,0,1
2264,0.6,880,3.4,677,24,1109,36.0,1500,554,26.2,43.6,1.4599,2004,6,13,2,1,0,0,0,0,0,0,1
2265,0.6,906,4.1,719,24,1050,37.5,1561,612,24.3,48.2,1.4476,2004,6,13,3,1,0,0,0,0,0,0,1
2266,0.5,879,3.1,658,25,1121,39.0,1511,564,24.4,48.3,1.4499,2004,6,13,4,1,0,0,0,0,0,0,1
2267,0.4,842,2.2,597,21,1237,33.0,1444,512,23.3,51.0,1.4346,2004,6,13,5,1,0,0,0,0,0,0,1
2272,0.6,811,2.5,622,52,1315,60.0,1307,432,22.3,35.3,0.9371,2004,6,13,10,1,0,0,0,0,0,0,1
2273,0.7,838,2.5,620,62,1292,74.0,1325,502,21.7,38.3,0.9842,2004,6,13,11,1,0,0,0,0,0,0,1
2274,0.7,821,2.7,632,67,1295,65.0,1302,469,24.4,29.6,0.8921,2004,6,13,12,1,0,0,0,0,0,0,1
2275,0.6,793,1.9,579,47,1380,52.0,1303,427,23.4,34.9,0.991,2004,6,13,13,1,0,0,0,0,0,0,1
2276,0.5,794,1.8,567,35,1426,40.0,1306,406,23.5,35.2,1.0019,2004,6,13,14,1,0,0,0,0,0,0,1
2277,0.6,821,2.4,614,45,1309,49.0,1350,430,22.4,39.0,1.04,2004,6,13,15,1,0,0,0,0,0,0,1
2278,0.8,849,2.6,628,53,1274,56.0,1379,453,22.0,41.7,1.0865,2004,6,13,16,1,0,0,0,0,0,0,1
2279,0.8,852,3.0,651,57,1246,59.0,1387,470,21.7,42.7,1.0949,2004,6,13,17,1,0,0,0,0,0,0,1
2280,1.0,847,2.9,645,71,1245,68.0,1364,480,20.7,43.4,1.047,2004,6,13,18,1,0,0,0,0,0,0,1
2281,1.0,849,3.5,682,67,1215,72.0,1378,472,20.3,42.6,1.0045,2004,6,13,19,1,0,0,0,0,0,0,1
2282,1.0,865,3.6,687,75,1191,78.0,1388,521,20.3,44.1,1.0392,2004,6,13,20,1,0,0,0,0,0,0,1
2283,0.9,848,3.6,689,65,1180,71.0,1403,520,20.1,45.2,1.0538,2004,6,13,21,1,0,0,0,0,0,0,1
2284,0.7,807,2.3,606,45,1340,54.0,1337,440,19.8,45.7,1.0424,2004,6,13,22,1,0,0,0,0,0,0,1
2285,0.8,814,2.6,627,46,1305,57.0,1351,446,19.6,45.3,1.0244,2004,6,13,23,1,0,0,0,0,0,0,1
2286,0.7,785,2.0,582,33,1377,45.0,1311,417,19.4,45.9,1.0242,2004,6,14,0,0,1,0,0,0,0,0,0
2292,0.7,888,3.5,683,66,1196,62.0,1483,563,20.3,49.3,1.1596,2004,6,14,6,0,1,0,0,0,0,0,0
2293,1.5,973,7.0,858,137,941,92.0,1584,779,21.1,46.2,1.1389,2004,6,14,7,0,1,0,0,0,0,0,0
2294,1.8,993,8.7,927,151,886,96.0,1665,842,21.5,44.5,1.129,2004,6,14,8,0,1,0,0,0,0,0,0
2295,1.4,929,6.3,825,115,992,87.0,1561,692,22.4,43.6,1.1637,2004,6,14,9,0,1,0,0,0,0,0,0
2296,1.5,962,7.0,858,118,941,84.0,1613,779,24.8,39.1,1.2039,2004,6,14,10,0,1,0,0,0,0,0,0
2297,1.2,906,5.5,786,95,1026,73.0,1538,633,23.9,42.1,1.2335,2004,6,14,11,0,1,0,0,0,0,0,0
2298,1.2,915,5.3,776,86,1029,72.0,1544,616,25.5,38.3,1.2328,2004,6,14,12,0,1,0,0,0,0,0,0
2299,1.3,928,5.5,787,85,1012,68.0,1585,606,25.4,39.2,1.2534,2004,6,14,13,0,1,0,0,0,0,0,0
2300,1.0,855,3.8,698,66,1134,62.0,1449,526,25.6,37.0,1.2006,2004,6,14,14,0,1,0,0,0,0,0,0
2301,1.4,920,5.4,783,74,1046,70.0,1550,588,24.5,38.4,1.1669,2004,6,14,15,0,1,0,0,0,0,0,0
2302,1.6,917,6.7,842,108,985,83.0,1563,674,23.9,39.9,1.1639,2004,6,14,16,0,1,0,0,0,0,0,0
2303,2.7,1072,12.2,1057,150,812,92.0,1820,885,24.2,39.2,1.1665,2004,6,14,17,0,1,0,0,0,0,0,0
2304,2.3,1000,10.2,985,157,846,103.0,1726,879,23.5,41.2,1.1759,2004,6,14,18,0,1,0,0,0,0,0,0
2305,1.5,914,6.7,845,93,972,82.0,1583,703,22.3,44.9,1.1973,2004,6,14,19,0,1,0,0,0,0,0,0
2306,1.4,888,5.7,799,76,1023,74.0,1531,637,21.7,46.5,1.1917,2004,6,14,20,0,1,0,0,0,0,0,0
2307,1.0,851,4.1,718,57,1134,67.0,1471,561,22.0,44.9,1.1699,2004,6,14,21,0,1,0,0,0,0,0,0
2308,1.1,870,4.7,749,64,1096,74.0,1487,612,22.2,44.1,1.1654,2004,6,14,22,0,1,0,0,0,0,0,0
2309,1.2,883,5.2,773,59,1062,72.0,1514,621,21.8,45.6,1.1763,2004,6,14,23,0,1,0,0,0,0,0,0
2310,1.2,886,5.1,767,68,1055,79.0,1532,702,21.6,46.0,1.1742,2004,6,15,0,0,0,1,0,0,0,0,0
2311,0.7,792,2.8,637,31,1249,43.0,1400,559,21.6,45.8,1.1715,2004,6,15,1,0,0,1,0,0,0,0,0
2314,0.4,770,2.0,586,24,1326,38.0,1392,527,20.8,48.5,1.18,2004,6,15,4,0,0,1,0,0,0,0,0
2315,0.5,797,3.0,654,38,1097,51.0,1450,720,20.8,49.4,1.1994,2004,6,15,5,0,0,1,0,0,0,0,0
2316,1.0,915,7.5,877,92,897,69.0,1651,937,19.9,51.8,1.1911,2004,6,15,6,0,0,1,0,0,0,0,0
2317,4.4,1287,24.7,1423,311,610,116.0,2319,1482,20.9,49.3,1.2049,2004,6,15,7,0,0,1,0,0,0,0,0
2318,4.0,1195,24.8,1424,260,609,119.0,2244,1489,23.7,39.9,1.1508,2004,6,15,8,0,0,1,0,0,0,0,0
2319,2.4,1003,10.9,1009,181,823,96.0,1710,1015,25.3,35.8,1.1421,2004,6,15,9,0,0,1,0,0,0,0,0
2320,2.1,1037,11.9,1046,177,838,109.0,1763,1004,28.8,29.1,1.1349,2004,6,15,10,0,0,1,0,0,0,0,0
2321,2.7,1114,16.0,1181,180,747,115.0,1928,1129,30.3,26.9,1.1399,2004,6,15,11,0,0,1,0,0,0,0,0
2322,2.8,1085,15.7,1171,174,767,118.0,1863,1068,32.8,23.3,1.138,2004,6,15,12,0,0,1,0,0,0,0,0
2323,2.3,1024,13.1,1087,140,824,118.0,1745,924,33.9,21.4,1.1135,2004,6,15,13,0,0,1,0,0,0,0,0
2324,2.0,1017,12.2,1057,122,859,112.0,1698,861,35.3,19.6,1.1036,2004,6,15,14,0,0,1,0,0,0,0,0
2325,2.6,1053,15.8,1173,189,785,140.0,1808,981,34.0,20.8,1.0898,2004,6,15,15,0,0,1,0,0,0,0,0
2326,2.7,1065,16.6,1198,169,766,137.0,1852,1043,35.3,18.8,1.0572,2004,6,15,16,0,0,1,0,0,0,0,0
2327,3.1,1136,18.4,1250,172,722,143.0,1940,1124,32.6,24.1,1.1688,2004,6,15,17,0,0,1,0,0,0,0,0
2328,3.1,1100,16.7,1202,154,732,148.0,1856,1004,30.8,28.7,1.2507,2004,6,15,18,0,0,1,0,0,0,0,0
2329,3.6,1143,20.8,1319,192,673,158.0,2001,1190,28.7,31.2,1.2099,2004,6,15,19,0,0,1,0,0,0,0,0
2330,2.9,1083,15.3,1157,160,742,127.0,1884,1072,26.8,35.1,1.2201,2004,6,15,20,0,0,1,0,0,0,0,0
2331,2.2,1009,11.5,1034,110,806,109.0,1763,925,25.3,39.4,1.2524,2004,6,15,21,0,0,1,0,0,0,0,0
2332,2.0,969,10.1,983,97,853,101.0,1680,862,23.9,40.9,1.1966,2004,6,15,22,0,0,1,0,0,0,0,0
2333,2.1,1029,10.4,993,124,816,114.0,1728,969,23.0,44.4,1.2354,2004,6,15,23,0,0,1,0,0,0,0,0
2334,1.9,1064,9.4,956,108,812,104.0,1770,932,22.2,53.9,1.4237,2004,6,16,0,0,0,0,1,0,0,0,0
2335,1.4,986,6.9,853,61,865,81.0,1645,794,20.9,59.8,1.4659,2004,6,16,1,0,0,0,1,0,0,0,0
2336,0.8,872,4.0,709,34,1034,51.0,1522,599,21.3,58.1,1.457,2004,6,16,2,0,0,0,1,0,0,0,0
2337,0.6,840,3.0,654,29,1124,45.5,1489,614,20.8,58.4,1.4189,2004,6,16,3,0,0,0,1,0,0,0,0
2338,0.6,812,2.6,626,24,1134,40.0,1471,625,20.3,58.9,1.3878,2004,6,16,4,0,0,0,1,0,0,0,0
2339,0.5,810,2.4,612,27,1163,34.0,1462,595,21.3,54.5,1.3682,2004,6,16,5,0,0,0,1,0,0,0,0
2340,1.0,936,6.8,849,70,882,61.0,1640,886,20.6,57.4,1.3753,2004,6,16,6,0,0,0,1,0,0,0,0
2341,2.7,1244,18.9,1265,176,640,95.0,2084,1257,21.3,56.9,1.4226,2004,6,16,7,0,0,0,1,0,0,0,0
2343,3.3,1180,14.9,1145,221,713,128.0,1929,1191,24.1,46.5,1.3802,2004,6,16,9,0,0,0,1,0,0,0,0
2344,2.4,1126,12.2,1058,168,765,115.0,1879,1061,27.1,38.8,1.3705,2004,6,16,10,0,0,0,1,0,0,0,0
2345,1.7,1005,8.3,910,109,881,84.0,1670,751,28.4,34.4,1.314,2004,6,16,11,0,0,0,1,0,0,0,0
2346,1.7,1032,9.0,940,102,862,85.0,1703,733,30.1,30.9,1.2958,2004,6,16,12,0,0,0,1,0,0,0,0
2347,2.4,1087,13.7,1106,129,755,110.0,1839,906,32.7,25.8,1.2547,2004,6,16,13,0,0,0,1,0,0,0,0
2348,2.2,1090,14.1,1119,117,756,107.0,1811,902,32.4,25.7,1.2271,2004,6,16,14,0,0,0,1,0,0,0,0
2349,2.2,1072,12.0,1050,112,802,107.0,1748,836,33.6,24.4,1.2472,2004,6,16,15,0,0,0,1,0,0,0,0
2350,2.3,1101,12.2,1057,122,797,113.0,1772,863,33.0,26.0,1.2877,2004,6,16,16,0,0,0,1,0,0,0,0
2351,2.6,1111,13.1,1086,114,787,107.0,1802,824,33.2,23.7,1.1855,2004,6,16,17,0,0,0,1,0,0,0,0
2352,2.3,1048,12.6,1070,111,807,106.0,1737,842,31.3,25.4,1.1415,2004,6,16,18,0,0,0,1,0,0,0,0
2353,3.3,1197,18.3,1249,158,698,125.0,1986,1132,28.3,31.7,1.1968,2004,6,16,19,0,0,0,1,0,0,0,0
2354,3.5,1173,17.2,1217,202,695,139.0,1930,1175,26.5,35.0,1.1981,2004,6,16,20,0,0,0,1,0,0,0,0
2355,2.5,1075,12.9,1079,166,764,117.0,1798,1111,24.4,40.0,1.2079,2004,6,16,21,0,0,0,1,0,0,0,0
2356,2.5,1067,13.7,1106,143,745,107.0,1840,1125,23.3,43.4,1.2251,2004,6,16,22,0,0,0,1,0,0,0,0
2357,2.4,1060,13.4,1099,122,742,98.0,1838,1077,22.5,45.3,1.2226,2004,6,16,23,0,0,0,1,0,0,0,0
2358,2.5,1081,13.5,1099,113,749,97.0,1854,1087,21.8,47.8,1.2325,2004,6,17,0,0,0,0,0,1,0,0,0
2359,2.1,1017,9.9,975,109,822,95.0,1722,1014,20.9,51.0,1.2446,2004,6,17,1,0,0,0,0,1,0,0,0
2360,1.0,836,4.4,734,53,1035,68.0,1501,801,20.8,51.7,1.2572,2004,6,17,2,0,0,0,0,1,0,0,0
2361,0.8,831,4.3,727,42,1038,59.5,1522,802,19.3,57.1,1.2661,2004,6,17,3,0,0,0,0,1,0,0,0
2362,0.65,804,3.3,668,32,1102,51.0,1479,753,18.8,58.6,1.2581,2004,6,17,4,0,0,0,0,1,0,0,0
2363,0.5,798,3.4,677,35,1092,44.0,1473,696,20.2,53.8,1.2569,2004,6,17,5,0,0,0,0,1,0,0,0
2364,1.3,966,9.3,951,123,812,77.0,1735,996,18.3,60.8,1.2635,2004,6,17,6,0,0,0,0,1,0,0,0
2365,3.6,1277,23.4,1388,254,611,100.0,2241,1513,20.2,54.5,1.2777,2004,6,17,7,0,0,0,0,1,0,0,0
2366,4.8,1335,27.7,1496,300,562,125.0,2385,1598,21.9,49.9,1.2957,2004,6,17,8,0,0,0,0,1,0,0,0
2367,3.7,1297,22.1,1353,281,588,154.0,2128,1690,25.2,43.0,1.3548,2004,6,17,9,0,0,0,0,1,0,0,0
2368,1.9,1041,10.0,979,169,837,125.0,1705,1053,28.0,36.6,1.3603,2004,6,17,10,0,0,0,0,1,0,0,0
2369,1.7,1027,8.9,936,152,867,117.0,1696,931,27.1,38.3,1.3548,2004,6,17,11,0,0,0,0,1,0,0,0
2370,1.9,1037,9.8,969,127,841,105.0,1728,865,27.4,37.0,1.3319,2004,6,17,12,0,0,0,0,1,0,0,0
2371,1.8,1014,9.4,954,118,865,103.0,1697,818,29.4,32.9,1.3244,2004,6,17,13,0,0,0,0,1,0,0,0
2372,1.7,1007,9.8,971,120,866,106.0,1682,802,31.3,28.7,1.2885,2004,6,17,14,0,0,0,0,1,0,0,0
2373,1.8,998,9.5,958,125,881,107.0,1657,778,31.5,28.7,1.3058,2004,6,17,15,0,0,0,0,1,0,0,0
2374,1.7,1014,9.5,958,117,878,102.0,1684,767,30.9,30.3,1.3306,2004,6,17,16,0,0,0,0,1,0,0,0
2375,2.8,1157,15.4,1160,166,738,124.0,1936,1000,31.4,30.3,1.3689,2004,6,17,17,0,0,0,0,1,0,0,0
2376,3.6,1225,19.4,1281,180,683,133.0,2082,1143,30.7,31.4,1.3686,2004,6,17,18,0,0,0,0,1,0,0,0
2377,3.3,1131,16.5,1194,172,726,125.0,1907,1009,29.0,33.4,1.3169,2004,6,17,19,0,0,0,0,1,0,0,0
2378,2.9,1111,14.3,1126,160,754,124.0,1883,1076,27.3,37.5,1.342,2004,6,17,20,0,0,0,0,1,0,0,0
2379,1.7,976,8.2,909,103,878,97.0,1675,830,25.8,40.9,1.3389,2004,6,17,21,0,0,0,0,1,0,0,0
2380,1.7,1016,8.7,929,87,868,94.0,1724,853,25.2,43.0,1.358,2004,6,17,22,0,0,0,0,1,0,0,0
2381,2.8,1177,15.2,1156,147,684,120.0,1983,1310,24.6,45.8,1.394,2004,6,17,23,0,0,0,0,1,0,0,0
2382,1.8,1013,10.6,999,120,791,105.0,1751,1119,24.0,47.3,1.3914,2004,6,18,0,0,0,0,0,0,1,0,0
2383,1.0,886,6.0,813,63,936,81.0,1592,918,23.5,48.3,1.3777,2004,6,18,1,0,0,0,0,0,1,0,0
2384,0.5,791,3.1,658,30,1140,43.0,1467,609,24.0,45.8,1.3467,2004,6,18,2,0,0,0,0,0,1,0,0
2385,0.4,762,2.5,618,24,1214,37.5,1431,516,22.2,50.7,1.3405,2004,6,18,3,0,0,0,0,0,1,0,0
2386,0.3,740,1.8,568,19,1259,32.0,1404,510,22.8,48.1,1.3184,2004,6,18,4,0,0,0,0,0,1,0,0
2387,0.4,775,2.6,628,27,1178,36.0,1437,554,21.9,50.1,1.3002,2004,6,18,5,0,0,0,0,0,1,0,0
2388,0.8,872,6.5,833,65,947,59.0,1598,760,20.4,54.1,1.28,2004,6,18,6,0,0,0,0,0,1,0,0
2389,2.2,1123,14.5,1134,169,711,92.0,1922,1170,20.8,52.6,1.2758,2004,6,18,7,0,0,0,0,0,1,0,0
2391,3.7,1237,21.3,1332,274,605,151.0,2157,1508,25.2,42.9,1.3552,2004,6,18,9,0,0,0,0,0,1,0,0
2392,2.5,1143,14.9,1146,202,701,142.0,1917,1292,29.3,34.8,1.397,2004,6,18,10,0,0,0,0,0,1,0,0
2393,2.5,1170,15.6,1168,186,703,141.0,1949,1287,33.3,27.8,1.4013,2004,6,18,11,0,0,0,0,0,1,0,0
2394,2.3,1116,14.3,1128,153,739,129.0,1856,1042,34.9,24.9,1.363,2004,6,18,12,0,0,0,0,0,1,0,0
2395,2.0,1054,12.6,1069,112,785,106.0,1766,817,36.1,22.7,1.3324,2004,6,18,13,0,0,0,0,0,1,0,0
2396,2.0,1083,13.4,1097,117,765,125.0,1810,847,37.6,21.1,1.3478,2004,6,18,14,0,0,0,0,0,1,0,0
2397,2.1,1078,12.6,1069,109,782,126.0,1780,806,37.3,21.9,1.3761,2004,6,18,15,0,0,0,0,0,1,0,0
2398,2.4,1104,14.8,1143,133,747,147.0,1840,896,37.2,21.6,1.3514,2004,6,18,16,0,0,0,0,0,1,0,0
2399,3.1,1170,18.6,1257,185,693,180.0,1956,1069,35.6,23.4,1.341,2004,6,18,17,0,0,0,0,0,1,0,0
2400,2.9,1091,16.7,1201,167,738,164.0,1834,945,33.1,24.3,1.2087,2004,6,18,18,0,0,0,0,0,1,0,0
2401,3.5,1216,20.8,1318,218,673,180.0,2043,1168,30.5,29.5,1.2635,2004,6,18,19,0,0,0,0,0,1,0,0
2402,2.9,1125,16.0,1179,171,719,153.0,1921,1065,28.7,35.8,1.3834,2004,6,18,20,0,0,0,0,0,1,0,0
2403,1.5,971,7.6,881,78,916,105.0,1635,672,26.6,42.2,1.4452,2004,6,18,21,0,0,0,0,0,1,0,0
2404,1.7,1062,10.2,984,84,816,98.0,1796,842,25.2,46.6,1.4733,2004,6,18,22,0,0,0,0,0,1,0,0
2405,2.2,1140,13.8,1109,110,714,107.0,1892,1123,24.7,47.7,1.4649,2004,6,18,23,0,0,0,0,0,1,0,0
2406,1.6,1038,10.4,992,87,802,87.0,1731,1007,24.4,47.4,1.4301,2004,6,19,0,1,0,0,0,0,0,1,0
2407,1.0,935,6.5,836,58,909,80.0,1604,855,23.3,49.9,1.4135,2004,6,19,1,1,0,0,0,0,0,1,0
2408,0.6,861,4.3,729,39,1043,62.0,1528,689,23.8,47.3,1.3783,2004,6,19,2,1,0,0,0,0,0,1,0
2409,0.6,839,3.4,678,38,1062,58.0,1478,622,22.9,50.2,1.3808,2004,6,19,3,1,0,0,0,0,0,1,0
2410,0.6,850,3.9,703,38,1021,54.0,1511,658,21.2,55.0,1.3689,2004,6,19,4,1,0,0,0,0,0,1,0
2411,0.5,817,3.0,651,41,1109,56.0,1472,628,21.7,52.6,1.35,2004,6,19,5,1,0,0,0,0,0,1,0
2412,0.5,825,3.2,667,47,1079,62.0,1475,659,22.8,48.9,1.3424,2004,6,19,6,1,0,0,0,0,0,1,0
2413,0.9,921,5.6,792,72,943,72.0,1595,799,23.5,47.6,1.3611,2004,6,19,7,1,0,0,0,0,0,1,0
2414,1.4,1031,9.1,945,100,806,86.0,1697,964,24.6,44.9,1.3661,2004,6,19,8,1,0,0,0,0,0,1,0
2415,1.6,1092,9.7,967,104,801,99.0,1774,910,27.0,39.9,1.402,2004,6,19,9,1,0,0,0,0,0,1,0
2416,1.6,1095,8.6,923,109,843,98.0,1736,999,29.3,35.9,1.4411,2004,6,19,10,1,0,0,0,0,0,1,0
2417,1.7,1097,9.6,964,103,822,102.0,1743,853,31.2,32.4,1.4517,2004,6,19,11,1,0,0,0,0,0,1,0
2418,1.7,1101,9.8,972,75,819,84.0,1714,752,34.4,26.6,1.423,2004,6,19,12,1,0,0,0,0,0,1,0
2419,1.5,1060,10.3,991,72,833,83.0,1718,778,36.1,22.1,1.3004,2004,6,19,13,1,0,0,0,0,0,1,0
2420,1.2,1051,10.074358974358976,979,56,846,68.0,1709,770,35.65897435897436,22.94871794871795,1.2975564102564103,2004,6,19,14,1,0,0,0,0,0,1,0
2421,1.2,1043,9.84871794871795,968,51,859,63.0,1700,762,35.21794871794872,23.7974358974359,1.2947128205128204,2004,6,19,15,1,0,0,0,0,0,1,0
2422,1.1,1034,9.623076923076924,956,52,873,65.0,1691,754,34.776923076923076,24.646153846153847,1.2918692307692308,2004,6,19,16,1,0,0,0,0,0,1,0
2423,1.0,1026,9.397435897435898,945,46,886,63.0,1682,746,34.33589743589744,25.494871794871795,1.289025641025641,2004,6,19,17,1,0,0,0,0,0,1,0
2424,1.1,1017,9.171794871794873,933,44,899,56.0,1673,738,33.8948717948718,26.343589743589746,1.2861820512820512,2004,6,19,18,1,0,0,0,0,0,1,0
2425,1.6,1009,8.946153846153846,922,72,913,77.0,1664,730,33.45384615384616,27.192307692307693,1.2833384615384615,2004,6,19,19,1,0,0,0,0,0,1,0
2426,1.7,1001,8.720512820512822,910,88,926,91.0,1655,722,33.01282051282051,28.04102564102564,1.2804948717948719,2004,6,19,20,1,0,0,0,0,0,1,0
2427,1.4,992,8.494871794871795,899,56,939,70.0,1646,714,32.57179487179487,28.889743589743592,1.277651282051282,2004,6,19,21,1,0,0,0,0,0,1,0
2428,1.7,984,8.26923076923077,887,82,953,95.0,1637,706,32.13076923076923,29.73846153846154,1.2748076923076923,2004,6,19,22,1,0,0,0,0,0,1,0
2429,2.4,975,8.043589743589743,876,125,966,113.0,1628,698,31.68974358974359,30.58717948717949,1.2719641025641026,2004,6,19,23,1,0,0,0,0,0,1,0
2430,2.3,967,7.817948717948719,864,144,979,109.0,1619,690,31.24871794871795,31.435897435897438,1.2691205128205127,2004,6,20,0,1,0,0,0,0,0,0,1
2431,1.2,959,7.592307692307693,853,54,993,65.0,1610,682,30.807692307692307,32.284615384615385,1.266276923076923,2004,6,20,1,1,0,0,0,0,0,0,1
2432,1.0,950,7.366666666666667,842,48,1006,60.0,1601,674,30.366666666666667,33.13333333333333,1.2634333333333334,2004,6,20,2,1,0,0,0,0,0,0,1
2433,1.4,942,7.141025641025641,830,44,1019,61.0,1592,666,29.925641025641028,33.98205128205129,1.2605897435897435,2004,6,20,3,1,0,0,0,0,0,0,1
2434,1.2,933,6.915384615384616,819,41,1033,62.0,1583,658,29.484615384615385,34.830769230769235,1.2577461538461538,2004,6,20,4,1,0,0,0,0,0,0,1
2435,1.0,925,6.68974358974359,807,40,1046,60.0,1574,650,29.04358974358974,35.67948717948718,1.2549025641025642,2004,6,20,5,1,0,0,0,0,0,0,1
2436,0.9,917,6.464102564102564,796,48,1059,65.0,1565,642,28.602564102564102,36.52820512820513,1.2520589743589743,2004,6,20,6,1,0,0,0,0,0,0,1
2437,0.8,908,6.2384615384615385,784,44,1073,55.0,1556,634,28.161538461538463,37.37692307692308,1.2492153846153846,2004,6,20,7,1,0,0,0,0,0,0,1
2438,1.0,900,6.012820512820513,773,59,1086,66.0,1547,626,27.72051282051282,38.225641025641025,1.246371794871795,2004,6,20,8,1,0,0,0,0,0,0,1
2439,1.2,891,5.787179487179487,761,59,1099,67.0,1538,618,27.279487179487177,39.07435897435897,1.243528205128205,2004,6,20,9,1,0,0,0,0,0,0,1
2440,1.2,883,5.561538461538461,750,53,1113,64.0,1529,610,26.838461538461537,39.92307692307692,1.2406846153846154,2004,6,20,10,1,0,0,0,0,0,0,1
2441,1.0,874,5.335897435897436,738,42,1126,59.0,1520,602,26.397435897435898,40.771794871794874,1.2378410256410257,2004,6,20,11,1,0,0,0,0,0,0,1
2442,1.0,866,5.11025641025641,727,43,1139,59.0,1511,594,25.956410256410255,41.62051282051282,1.2349974358974358,2004,6,20,12,1,0,0,0,0,0,0,1
2443,0.6,858,4.884615384615385,715,23,1153,36.0,1502,586,25.515384615384615,42.46923076923077,1.2321538461538462,2004,6,20,13,1,0,0,0,0,0,0,1
2444,0.7,849,4.658974358974359,704,22,1166,35.0,1493,578,25.074358974358972,43.317948717948724,1.2293102564102565,2004,6,20,14,1,0,0,0,0,0,0,1
2445,0.8,841,4.433333333333334,693,37,1179,54.0,1484,570,24.633333333333333,44.16666666666667,1.2264666666666666,2004,6,20,15,1,0,0,0,0,0,0,1
2446,1.1,832,4.207692307692308,681,53,1193,71.0,1475,562,24.192307692307693,45.01538461538462,1.223623076923077,2004,6,20,16,1,0,0,0,0,0,0,1
2447,1.4,824,3.982051282051282,670,68,1206,86.0,1466,554,23.75128205128205,45.864102564102566,1.2207794871794873,2004,6,20,17,1,0,0,0,0,0,0,1
2448,2.8,816,3.7564102564102564,658,125,1219,114.0,1457,546,23.310256410256407,46.712820512820514,1.2179358974358974,2004,6,20,18,1,0,0,0,0,0,0,1
2449,2.5,807,3.5307692307692307,647,96,1233,105.0,1448,538,22.869230769230768,47.56153846153846,1.2150923076923077,2004,6,20,19,1,0,0,0,0,0,0,1
2450,1.6,799,3.305128205128205,635,75,1246,87.0,1439,530,22.42820512820513,48.41025641025641,1.212248717948718,2004,6,20,20,1,0,0,0,0,0,0,1
2451,1.4,790,3.079487179487179,624,74,1259,85.0,1430,522,21.987179487179485,49.258974358974356,1.2094051282051281,2004,6,20,21,1,0,0,0,0,0,0,1
2452,2.3,782,2.8538461538461535,612,92,1273,91.0,1421,514,21.546153846153842,50.107692307692304,1.2065615384615385,2004,6,20,22,1,0,0,0,0,0,0,1
2453,4.2,774,2.6282051282051277,601,136,1286,108.0,1412,506,21.105128205128203,50.95641025641026,1.2037179487179488,2004,6,20,23,1,0,0,0,0,0,0,1
2454,3.0,765,2.402564102564102,589,119,1299,99.0,1403,498,20.664102564102564,51.805128205128206,1.200874358974359,2004,6,21,0,0,1,0,0,0,0,0,0
2455,2.2,757,2.1769230769230763,578,76,1313,83.0,1394,490,20.22307692307692,52.65384615384615,1.1980307692307692,2004,6,21,1,0,1,0,0,0,0,0,0
2456,0.6,748,1.9512820512820515,566,21,1326,36.0,1385,482,19.78205128205128,53.50256410256411,1.1951871794871796,2004,6,21,2,0,1,0,0,0,0,0,0
2457,0.3,740,1.7256410256410248,555,18,1339,30.0,1376,474,19.341025641025638,54.351282051282055,1.1923435897435897,2004,6,21,3,0,1,0,0,0,0,0,0
2458,0.3,732,1.5,544,15,1353,24.0,1367,466,18.9,55.2,1.1895,2004,6,21,4,0,1,0,0,0,0,0,0
2459,0.5,809,3.5,681,52,1108,43.0,1463,609,18.2,57.6,1.193,2004,6,21,5,0,1,0,0,0,0,0,0
2460,1.3,934,8.3,911,85,857,64.0,1639,863,18.6,56.0,1.1865,2004,6,21,6,0,1,0,0,0,0,0,0
2461,2.5,1132,17.3,1220,177,691,91.0,1910,1203,20.8,48.0,1.1702,2004,6,21,7,0,1,0,0,0,0,0,0
2462,3.7,1221,23.3,1386,232,626,109.0,2138,1412,23.3,38.6,1.0919,2004,6,21,8,0,1,0,0,0,0,0,0
2463,2.5,1024,13.8,1111,201,770,110.0,1753,1069,25.1,32.4,1.017,2004,6,21,9,0,1,0,0,0,0,0,0
2464,1.8,938,10.2,987,134,862,111.0,1597,817,27.8,25.8,0.9473,2004,6,21,10,0,1,0,0,0,0,0,0
2465,1.5,869,7.9,897,104,965,106.0,1480,649,29.6,21.0,0.8548,2004,6,21,11,0,1,0,0,0,0,0,0
2466,1.5,846,8.8,930,89,947,104.0,1467,598,30.2,18.0,0.7613,2004,6,21,12,0,1,0,0,0,0,0,0
2467,1.2,838,7.2,868,66,1005,76.0,1454,540,30.1,18.5,0.7747,2004,6,21,13,0,1,0,0,0,0,0,0
2468,1.4,875,8.3,912,85,978,84.0,1504,601,29.5,19.4,0.7872,2004,6,21,14,0,1,0,0,0,0,0,0
2469,1.6,907,9.6,961,105,920,102.0,1564,668,31.1,18.2,0.8079,2004,6,21,15,0,1,0,0,0,0,0,0
2470,1.6,889,9.0,939,99,920,102.0,1492,647,30.3,19.0,0.8103,2004,6,21,16,0,1,0,0,0,0,0,0
2471,2.2,969,12.4,1064,132,834,124.0,1645,816,30.1,19.3,0.8083,2004,6,21,17,0,1,0,0,0,0,0,0
2472,3.0,1051,15.3,1157,186,760,147.0,1787,963,28.6,22.3,0.859,2004,6,21,18,0,1,0,0,0,0,0,0
2473,3.0,1043,16.1,1181,174,736,138.0,1813,1010,26.1,28.3,0.9407,2004,6,21,19,0,1,0,0,0,0,0,0
2474,2.7,1043,14.1,1121,149,736,126.0,1793,967,24.5,35.7,1.0807,2004,6,21,20,0,1,0,0,0,0,0,0
2475,2.1,1007,11.4,1027,114,798,112.0,1737,904,23.1,41.5,1.1582,2004,6,21,21,0,1,0,0,0,0,0,0
2476,1.6,966,9.5,959,92,838,95.0,1686,852,21.8,46.3,1.1913,2004,6,21,22,0,1,0,0,0,0,0,0
2477,1.3,920,7.4,875,75,915,80.0,1594,744,20.9,48.9,1.1945,2004,6,21,23,0,1,0,0,0,0,0,0
2478,1.1,889,6.4,831,74,956,79.0,1570,760,20.5,49.9,1.1903,2004,6,22,0,0,0,1,0,0,0,0,0
2479,0.7,825,4.1,715,35,1062,49.0,1462,613,20.0,50.9,1.1794,2004,6,22,1,0,0,1,0,0,0,0,0
2480,0.4,758,1.9,580,22,1215,36.0,1374,531,22.1,44.3,1.1665,2004,6,22,2,0,0,1,0,0,0,0,0
2481,0.2,735,1.4,533,23,1338,38.0,1350,493,21.0,47.5,1.1666,2004,6,22,3,0,0,1,0,0,0,0,0
2482,0.2,719,1.2,522,24,1385,40.0,1343,509,19.8,50.3,1.1444,2004,6,22,4,0,0,1,0,0,0,0,0
2483,0.3,757,2.2,596,30,1236,37.0,1381,560,19.0,52.8,1.1489,2004,6,22,5,0,0,1,0,0,0,0,0
2484,0.9,890,6.4,831,93,922,67.0,1594,826,17.8,56.5,1.1375,2004,6,22,6,0,0,1,0,0,0,0,0
2485,3.1,1181,18.5,1255,332,632,106.0,2002,1334,18.2,55.8,1.1529,2004,6,22,7,0,0,1,0,0,0,0,0
2487,2.8,1128,14.2,1124,267,717,123.0,1832,1362,22.8,41.9,1.1496,2004,6,22,9,0,0,1,0,0,0,0,0
2488,2.8,1128,14.3,1126,269,725,136.0,1856,1316,27.1,31.7,1.1147,2004,6,22,10,0,0,1,0,0,0,0,0
2489,2.1,1064,12.6,1069,193,766,109.0,1766,1089,30.4,26.4,1.131,2004,6,22,11,0,0,1,0,0,0,0,0
2490,3.1,1139,18.0,1240,239,702,144.0,1940,1129,31.1,26.2,1.1647,2004,6,22,12,0,0,1,0,0,0,0,0
2491,3.0,1121,17.1,1214,232,707,154.0,1912,1120,31.4,25.3,1.1444,2004,6,22,13,0,0,1,0,0,0,0,0
2492,2.1,1032,13.0,1083,152,776,126.0,1772,916,30.8,26.7,1.168,2004,6,22,14,0,0,1,0,0,0,0,0
2493,1.7,1040,11.2,1022,115,826,98.0,1747,812,31.8,25.6,1.1868,2004,6,22,15,0,0,1,0,0,0,0,0
2494,2.2,1076,13.6,1105,169,762,120.0,1782,959,33.5,22.9,1.1649,2004,6,22,16,0,0,1,0,0,0,0,0
2495,3.5,1177,20.5,1310,226,656,145.0,2011,1189,33.1,23.5,1.1673,2004,6,22,17,0,0,1,0,0,0,0,0
2496,3.6,1196,20.2,1303,218,654,139.0,2017,1199,31.7,25.9,1.1883,2004,6,22,18,0,0,1,0,0,0,0,0
2497,4.1,1204,23.1,1381,245,623,148.0,2085,1283,29.0,30.4,1.2013,2004,6,22,19,0,0,1,0,0,0,0,0
2498,4.0,1166,20.3,1304,236,646,139.0,2016,1291,27.4,33.6,1.2095,2004,6,22,20,0,0,1,0,0,0,0,0
2499,1.8,959,9.3,949,104,857,93.0,1640,949,25.2,36.4,1.1528,2004,6,22,21,0,0,1,0,0,0,0,0
2500,1.7,1004,10.5,997,104,813,96.0,1726,1018,24.0,39.6,1.1662,2004,6,22,22,0,0,1,0,0,0,0,0
2501,2.4,1050,13.6,1105,144,729,104.0,1807,1122,23.8,39.6,1.1558,2004,6,22,23,0,0,1,0,0,0,0,0
2502,1.2,965,8.0,900,79,864,83.0,1631,968,22.9,43.6,1.1974,2004,6,23,0,0,0,0,1,0,0,0,0
2503,0.8,849,4.6,744,51,1004,66.0,1496,806,22.8,43.9,1.202,2004,6,23,1,0,0,0,1,0,0,0,0
2504,0.5,809,3.2,666,38,1093,55.0,1455,714,21.8,47.3,1.2189,2004,6,23,2,0,0,0,1,0,0,0,0
2505,0.3,777,2.4,609,31,1170,46.0,1405,644,21.7,47.3,1.2135,2004,6,23,3,0,0,0,1,0,0,0,0
2506,0.35,768,2.1,591,24,1183,37.0,1402,606,20.8,50.3,1.2207,2004,6,23,4,0,0,0,1,0,0,0,0
2507,0.4,768,2.2,597,30,1155,40.0,1396,606,21.7,46.8,1.2031,2004,6,23,5,0,0,0,1,0,0,0,0
2508,1.0,917,6.7,842,73,934,51.0,1656,819,20.3,52.3,1.2367,2004,6,23,6,0,0,0,1,0,0,0,0
2509,3.8,1252,23.1,1380,305,579,117.0,2210,1462,20.5,52.3,1.245,2004,6,23,7,0,0,0,1,0,0,0,0
2510,3.2,1224,19.0,1268,295,605,110.0,2046,1478,21.7,49.6,1.2673,2004,6,23,8,0,0,0,1,0,0,0,0
2511,3.5,1277,20.1,1300,331,608,136.0,2090,1598,24.0,43.1,1.2677,2004,6,23,9,0,0,0,1,0,0,0,0
2512,3.2,1149,16.4,1192,304,672,152.0,1944,1449,28.5,31.7,1.2144,2004,6,23,10,0,0,0,1,0,0,0,0
2513,2.3,1091,13.0,1082,210,746,119.0,1790,1221,32.2,25.1,1.189,2004,6,23,11,0,0,0,1,0,0,0,0
2514,2.2,1053,13.1,1087,163,763,106.0,1762,1023,34.9,20.5,1.1279,2004,6,23,12,0,0,0,1,0,0,0,0
2515,2.1,1023,11.8,1042,132,796,101.0,1711,910,35.4,19.9,1.1222,2004,6,23,13,0,0,0,1,0,0,0,0
2516,1.9,1085,12.7,1075,126,767,110.0,1786,913,34.4,22.5,1.205,2004,6,23,14,0,0,0,1,0,0,0,0
2517,2.4,1116,14.1,1120,150,724,124.0,1854,1035,34.8,22.8,1.2488,2004,6,23,15,0,0,0,1,0,0,0,0
2518,2.5,1111,14.4,1131,171,735,137.0,1825,1085,34.3,22.4,1.1907,2004,6,23,16,0,0,0,1,0,0,0,0
2519,3.6,1210,20.7,1316,234,645,159.0,2030,1278,32.5,25.3,1.2165,2004,6,23,17,0,0,0,1,0,0,0,0
2520,3.9,1250,21.6,1339,251,616,152.0,2075,1383,31.3,27.3,1.2234,2004,6,23,18,0,0,0,1,0,0,0,0
2521,4.4,1297,24.2,1408,294,595,166.0,2134,1473,30.2,29.0,1.2224,2004,6,23,19,0,0,0,1,0,0,0,0
2522,4.8,1313,21.8,1345,300,603,163.0,2118,1507,28.5,33.3,1.2775,2004,6,23,20,0,0,0,1,0,0,0,0
2523,2.5,1146,13.0,1084,159,713,121.0,1829,1215,27.3,35.3,1.2606,2004,6,23,21,0,0,0,1,0,0,0,0
2524,2.8,1199,15.1,1152,176,685,125.0,1897,1242,26.1,37.8,1.2575,2004,6,23,22,0,0,0,1,0,0,0,0
2525,3.2,1274,16.6,1197,192,626,120.0,2023,1356,24.7,47.1,1.44,2004,6,23,23,0,0,0,1,0,0,0,0
2526,2.6,1243,12.7,1072,152,675,103.0,1978,1195,23.6,59.8,1.7193,2004,6,24,0,0,0,0,0,1,0,0,0
2527,1.5,1054,8.6,923,63,783,64.0,1793,899,23.3,60.5,1.706,2004,6,24,1,0,0,0,0,1,0,0,0
2528,1.0,962,5.3,778,35,929,44.0,1645,726,23.3,59.4,1.6753,2004,6,24,2,0,0,0,0,1,0,0,0
2529,0.8,915,3.6,690,28,983,39.5,1570,743,22.9,57.7,1.5902,2004,6,24,3,0,0,0,0,1,0,0,0
2530,0.6,871,2.8,639,21,1062,35.0,1528,684,23.7,53.5,1.546,2004,6,24,4,0,0,0,0,1,0,0,0
2531,0.6,877,3.1,658,41,1047,46.0,1530,779,21.2,60.9,1.5092,2004,6,24,5,0,0,0,0,1,0,0,0
2532,0.7,893,3.7,696,48,1008,54.0,1548,801,22.1,56.2,1.48,2004,6,24,6,0,0,0,0,1,0,0,0
2533,1.2,1030,6.9,851,102,824,68.0,1700,983,21.9,57.0,1.4742,2004,6,24,7,0,0,0,0,1,0,0,0
2534,1.5,1059,8.6,926,111,783,77.0,1750,989,24.7,45.9,1.4061,2004,6,24,8,0,0,0,0,1,0,0,0
2535,1.3,1020,7.1,860,93,864,74.0,1649,875,27.0,40.8,1.4286,2004,6,24,9,0,0,0,0,1,0,0,0
2536,1.6,1045,6.6,840,118,879,92.0,1656,807,29.1,37.4,1.4833,2004,6,24,10,0,0,0,0,1,0,0,0
2537,1.5,1029,7.2,866,93,874,83.0,1651,727,31.1,32.4,1.4351,2004,6,24,11,0,0,0,0,1,0,0,0
2538,1.2,959,5.0,763,56,976,58.0,1561,549,31.9,30.3,1.4125,2004,6,24,12,0,0,0,0,1,0,0,0
2539,1.1,975,5.7,798,51,939,55.0,1576,570,32.8,28.9,1.412,2004,6,24,13,0,0,0,0,1,0,0,0
2540,1.2,988,6.0,813,52,927,61.0,1596,596,33.4,27.8,1.4119,2004,6,24,14,0,0,0,0,1,0,0,0
2541,1.3,971,6.1,818,59,942,65.0,1565,585,35.3,23.7,1.3331,2004,6,24,15,0,0,0,0,1,0,0,0
2542,1.4,999,8.0,899,62,869,74.0,1629,637,35.8,22.4,1.2915,2004,6,24,16,0,0,0,0,1,0,0,0
2543,1.6,989,7.8,889,85,889,89.0,1602,664,35.3,20.8,1.1664,2004,6,24,17,0,0,0,0,1,0,0,0
2544,2.1,1075,11.1,1020,109,802,103.0,1732,797,33.3,23.9,1.2085,2004,6,24,18,0,0,0,0,1,0,0,0
2545,3.0,1190,15.9,1177,168,695,128.0,1934,1046,30.3,30.8,1.3044,2004,6,24,19,0,0,0,0,1,0,0,0
2546,2.8,1172,13.7,1108,166,706,122.0,1878,1058,28.3,34.5,1.3084,2004,6,24,20,0,0,0,0,1,0,0,0
2547,3.8,1256,21.6,1340,149,594,125.0,2176,1214,27.1,38.9,1.3758,2004,6,24,21,0,0,0,0,1,0,0,0
2548,3.2,1190,16.8,1203,118,658,119.0,1967,1056,25.4,43.2,1.3805,2004,6,24,22,0,0,0,0,1,0,0,0
2549,4.1,1249,20.5,1310,160,601,126.0,2114,1280,24.6,45.3,1.3767,2004,6,24,23,0,0,0,0,1,0,0,0
2550,2.6,1072,14.1,1120,124,711,100.0,1838,1045,23.7,46.0,1.3346,2004,6,25,0,0,0,0,0,0,1,0,0
2551,2.0,1035,10.9,1011,95,750,94.0,1752,1039,23.0,48.1,1.3322,2004,6,25,1,0,0,0,0,0,1,0,0
2552,0.9,839,3.6,690,34,1030,52.0,1457,640,24.8,43.4,1.3366,2004,6,25,2,0,0,0,0,0,1,0,0
2553,0.7,833,3.3,671,39,1061,58.0,1482,705,23.1,47.4,1.3208,2004,6,25,3,0,0,0,0,0,1,0,0
2554,0.6,804,2.4,616,45,1144,64.0,1427,662,21.7,50.2,1.2917,2004,6,25,4,0,0,0,0,0,1,0,0
2555,0.6,811,3.0,651,35,1097,46.0,1442,579,21.9,50.7,1.3138,2004,6,25,5,0,0,0,0,0,1,0,0
2556,1.6,1028,8.9,934,141,818,88.0,1743,987,20.1,57.0,1.3216,2004,6,25,6,0,0,0,0,0,1,0,0
2557,2.6,1138,14.8,1141,199,671,104.0,1927,1197,21.5,51.8,1.3129,2004,6,25,7,0,0,0,0,0,1,0,0
2558,2.9,1203,16.2,1185,224,649,125.0,1968,1328,22.9,48.7,1.3416,2004,6,25,8,0,0,0,0,0,1,0,0
2559,2.8,1193,14.6,1136,245,667,151.0,1924,1370,25.7,41.0,1.3351,2004,6,25,9,0,0,0,0,0,1,0,0
2560,1.9,1049,8.0,898,153,858,113.0,1671,921,29.9,33.2,1.3793,2004,6,25,10,0,0,0,0,0,1,0,0
2561,1.9,1090,9.1,942,145,828,102.0,1713,876,32.9,28.0,1.3789,2004,6,25,11,0,0,0,0,0,1,0,0
2562,2.1,1070,10.0,976,130,808,108.0,1688,819,34.0,25.6,1.3363,2004,6,25,12,0,0,0,0,0,1,0,0
2563,1.9,1014,9.8,970,95,826,93.0,1684,763,34.7,22.6,1.2297,2004,6,25,13,0,0,0,0,0,1,0,0
2564,1.6,972,8.3,912,88,882,89.0,1596,675,35.5,20.3,1.1586,2004,6,25,14,0,0,0,0,0,1,0,0
2565,1.6,951,7.5,880,89,920,84.0,1539,637,35.9,18.8,1.0912,2004,6,25,15,0,0,0,0,0,1,0,0
2566,2.1,1033,11.7,1038,127,802,111.0,1690,826,36.2,18.6,1.0945,2004,6,25,16,0,0,0,0,0,1,0,0
2567,2.4,983,13.3,1094,149,817,115.0,1659,854,35.4,15.3,0.8613,2004,6,25,17,0,0,0,0,0,1,0,0
2568,2.8,973,14.4,1128,170,813,127.0,1642,894,32.9,15.5,0.7649,2004,6,25,18,0,0,0,0,0,1,0,0
2569,3.4,1083,17.9,1237,210,737,129.0,1786,1077,29.9,19.8,0.8211,2004,6,25,19,0,0,0,0,0,1,0,0
2570,3.4,1062,15.9,1176,230,763,140.0,1743,1121,28.1,22.4,0.8394,2004,6,25,20,0,0,0,0,0,1,0,0
2571,2.7,1011,14.2,1122,203,808,137.0,1680,1071,26.1,24.7,0.8233,2004,6,25,21,0,0,0,0,0,1,0,0
2572,2.6,1054,13.8,1110,174,765,130.0,1670,1167,25.0,28.7,0.8944,2004,6,25,22,0,0,0,0,0,1,0,0
2573,2.3,1013,11.7,1038,164,793,121.0,1598,1162,24.3,31.0,0.9268,2004,6,25,23,0,0,0,0,0,1,0,0
2574,1.2,870,6.2,823,76,975,79.0,1398,848,24.0,31.2,0.919,2004,6,26,0,1,0,0,0,0,0,1,0
2575,1.0,857,5.1,769,52,1006,69.0,1390,759,22.4,34.9,0.9362,2004,6,26,1,1,0,0,0,0,0,1,0
2576,0.9,835,4.5,739,47,1036,61.0,1382,694,21.2,37.6,0.9355,2004,6,26,2,1,0,0,0,0,0,1,0
2577,1.1,844,4.9,759,42,1005,59.5,1409,848,19.5,42.3,0.9461,2004,6,26,3,1,0,0,0,0,0,1,0
2578,0.75,763,2.5,622,37,1129,58.0,1321,689,21.2,39.4,0.9802,2004,6,26,4,1,0,0,0,0,0,1,0
2579,0.4,769,2.3,606,41,1171,58.0,1314,610,19.5,42.4,0.9515,2004,6,26,5,1,0,0,0,0,0,1,0
2580,0.9,891,5.5,790,74,960,70.0,1466,816,18.6,45.8,0.9723,2004,6,26,6,1,0,0,0,0,0,1,0
2581,1.8,1037,10.4,993,168,779,104.0,1680,1158,19.7,44.1,1.0039,2004,6,26,7,1,0,0,0,0,0,1,0
2582,2.2,1090,12.4,1065,176,728,109.0,1773,1228,21.9,39.4,1.0243,2004,6,26,8,1,0,0,0,0,0,1,0
2583,2.4,1117,14.0,1118,184,716,129.0,1791,1323,24.5,34.3,1.0407,2004,6,26,9,1,0,0,0,0,0,1,0
2584,2.3,1109,12.7,1074,187,761,144.0,1734,1274,30.0,25.6,1.0674,2004,6,26,10,1,0,0,0,0,0,1,0
2585,1.6,961,9.0,939,118,912,101.0,1508,846,34.5,18.9,1.0168,2004,6,26,11,1,0,0,0,0,0,1,0
2586,1.4,985,8.5,919,89,918,90.0,1540,737,36.3,17.5,1.0411,2004,6,26,12,1,0,0,0,0,0,1,0
2587,1.4,960,8.2,909,70,910,86.0,1523,675,37.7,16.0,1.0231,2004,6,26,13,1,0,0,0,0,0,1,0
2588,1.0,927,5.9,806,51,1013,69.0,1446,559,38.3,15.8,1.0465,2004,6,26,14,1,0,0,0,0,0,1,0
2589,1.0,958,5.6,795,52,1002,65.0,1481,604,38.4,17.5,1.1609,2004,6,26,15,1,0,0,0,0,0,1,0
2590,1.2,1019,6.7,842,70,935,73.0,1565,729,37.2,20.5,1.2813,2004,6,26,16,1,0,0,0,0,0,1,0
2591,1.3,1010,6.1,816,80,955,73.0,1567,741,34.0,26.4,1.3781,2004,6,26,17,1,0,0,0,0,0,1,0
2592,1.5,1030,6.7,844,90,917,78.0,1599,747,32.3,30.4,1.445,2004,6,26,18,1,0,0,0,0,0,1,0
2593,1.9,1100,9.2,946,111,827,98.0,1726,932,30.5,33.9,1.4564,2004,6,26,19,1,0,0,0,0,0,1,0
2594,1.8,1079,8.2,909,107,861,99.0,1686,928,29.2,37.8,1.5098,2004,6,26,20,1,0,0,0,0,0,1,0
2595,1.4,1036,7.0,859,73,900,83.0,1645,860,28.4,39.1,1.4881,2004,6,26,21,1,0,0,0,0,0,1,0
2596,1.7,1085,9.5,959,75,827,88.0,1747,963,27.7,40.6,1.4828,2004,6,26,22,1,0,0,0,0,0,1,0
2597,2.7,1214,15.1,1151,144,683,117.0,1938,1309,27.2,42.5,1.5069,2004,6,26,23,1,0,0,0,0,0,1,0
2598,2.1,1127,11.7,1041,120,728,97.0,1830,1266,26.5,44.8,1.528,2004,6,27,0,1,0,0,0,0,0,0,1
2599,1.4,1038,9.3,950,71,776,75.0,1750,1181,25.5,47.6,1.5318,2004,6,27,1,1,0,0,0,0,0,0,1
2600,1.0,948,6.4,829,40,873,53.0,1638,937,25.2,47.8,1.5076,2004,6,27,2,1,0,0,0,0,0,0,1
2601,1.0,953,6.7,844,37,848,49.0,1685,995,23.2,53.7,1.5046,2004,6,27,3,1,0,0,0,0,0,0,1
2602,0.8,869,4.2,723,34,975,45.0,1522,789,23.2,52.3,1.4668,2004,6,27,4,1,0,0,0,0,0,0,1
2603,0.5,809,2.6,628,27,1127,42.0,1490,682,24.0,50.3,1.4811,2004,6,27,5,1,0,0,0,0,0,0,1
2604,0.6,833,2.8,641,30,1088,44.0,1496,717,23.5,51.2,1.4634,2004,6,27,6,1,0,0,0,0,0,0,1
2605,0.6,857,3.1,661,40,1083,50.0,1511,696,23.5,50.8,1.452,2004,6,27,7,1,0,0,0,0,0,0,1
2606,1.0,966,6.2,820,56,913,60.0,1634,807,24.7,47.6,1.4597,2004,6,27,8,1,0,0,0,0,0,0,1
2607,1.6,1063,7.9,894,104,823,100.0,1688,1025,27.2,41.1,1.4611,2004,6,27,9,1,0,0,0,0,0,0,1
2608,1.9,1110,10.5,996,121,782,111.0,1771,1090,31.0,32.4,1.4294,2004,6,27,10,1,0,0,0,0,0,0,1
2609,1.7,1055,9.0,941,100,844,110.0,1648,932,35.2,24.8,1.3854,2004,6,27,11,1,0,0,0,0,0,0,1
2610,1.1,939,6.3,828,59,991,74.0,1486,639,37.8,18.5,1.1977,2004,6,27,12,1,0,0,0,0,0,0,1
2611,0.8,816,3.5,684,42,1195,56.0,1285,467,39.0,15.1,1.0424,2004,6,27,13,1,0,0,0,0,0,0,1
2612,0.7,841,4.0,712,38,1175,50.0,1339,476,41.3,12.8,0.9933,2004,6,27,14,1,0,0,0,0,0,0,1
2613,0.7,842,4.2,722,40,1163,54.0,1294,490,41.8,11.9,0.9476,2004,6,27,15,1,0,0,0,0,0,0,1
2614,1.2,990,6.9,852,70,967,90.0,1488,669,42.2,14.2,1.1609,2004,6,27,16,1,0,0,0,0,0,0,1
2615,1.6,1042,7.9,894,95,916,109.0,1537,800,41.4,15.5,1.2089,2004,6,27,17,1,0,0,0,0,0,0,1
2616,1.6,1089,7.9,893,90,879,110.0,1609,791,38.9,21.4,1.4605,2004,6,27,18,1,0,0,0,0,0,0,1
2617,1.7,1102,10.3,990,90,799,103.0,1685,849,34.3,26.0,1.3865,2004,6,27,19,1,0,0,0,0,0,0,1
2618,2.0,1095,10.5,996,111,799,120.0,1695,934,32.7,27.7,1.3439,2004,6,27,20,1,0,0,0,0,0,0,1
2619,2.3,1116,12.7,1075,135,761,134.0,1784,1081,30.5,30.4,1.3031,2004,6,27,21,1,0,0,0,0,0,0,1
2620,2.4,1105,11.9,1046,146,777,137.0,1751,1102,29.0,33.6,1.3277,2004,6,27,22,1,0,0,0,0,0,0,1
2621,1.7,1018,9.3,950,100,830,99.0,1636,914,28.2,36.6,1.3781,2004,6,27,23,1,0,0,0,0,0,0,1
2622,1.2,991,7.9,896,69,857,78.0,1616,926,27.2,38.9,1.3821,2004,6,28,0,0,1,0,0,0,0,0,0
2623,1.0,923,5.0,765,47,952,63.0,1508,786,26.7,40.0,1.3754,2004,6,28,1,0,1,0,0,0,0,0,0
2624,0.6,874,3.4,679,26,1049,41.0,1444,619,26.0,41.2,1.3598,2004,6,28,2,0,1,0,0,0,0,0,0
2625,0.5,846,3.2,662,25,1068,40.0,1464,633,22.8,50.1,1.3677,2004,6,28,3,0,1,0,0,0,0,0,0
2626,0.4,838,2.7,632,24,1079,39.0,1438,634,24.0,46.6,1.37,2004,6,28,4,0,1,0,0,0,0,0,0
2627,0.5,827,3.1,656,55,1075,60.0,1447,722,24.0,46.4,1.3689,2004,6,28,5,0,1,0,0,0,0,0,0
2628,0.7,901,5.0,763,47,984,54.0,1552,717,23.7,47.1,1.3602,2004,6,28,6,0,1,0,0,0,0,0,0
2629,3.2,1291,20.7,1316,209,603,119.0,2172,1445,23.6,47.3,1.3634,2004,6,28,7,0,1,0,0,0,0,0,0
2631,4.6,1363,24.2,1410,337,565,182.0,2199,1791,28.5,36.8,1.4128,2004,6,28,9,0,1,0,0,0,0,0,0
2632,3.3,1218,16.6,1198,280,671,183.0,1907,1413,32.6,28.0,1.3566,2004,6,28,10,0,1,0,0,0,0,0,0
2633,2.1,1132,13.2,1091,169,751,144.0,1795,1092,36.3,23.4,1.3902,2004,6,28,11,0,1,0,0,0,0,0,0
2634,1.9,1103,12.3,1060,126,770,118.0,1748,940,37.5,21.5,1.3673,2004,6,28,12,0,1,0,0,0,0,0,0
2635,1.9,1081,12.1,1053,108,770,106.0,1773,883,39.6,19.0,1.3447,2004,6,28,13,0,1,0,0,0,0,0,0
2636,1.6,1079,11.1,1018,93,793,97.0,1739,850,40.1,19.3,1.4013,2004,6,28,14,0,1,0,0,0,0,0,0
2637,2.0,1167,13.1,1087,112,741,129.0,1820,928,40.4,20.0,1.4854,2004,6,28,15,0,1,0,0,0,0,0,0
2638,1.8,1148,11.6,1037,110,772,130.0,1720,835,39.9,20.1,1.4495,2004,6,28,16,0,1,0,0,0,0,0,0
2639,2.9,1221,17.7,1230,188,670,163.0,1905,1157,39.1,19.6,1.3542,2004,6,28,17,0,1,0,0,0,0,0,0
2640,3.4,1255,19.5,1283,203,640,160.0,2023,1232,37.0,21.9,1.3503,2004,6,28,18,0,1,0,0,0,0,0,0
2641,3.1,1245,19.7,1287,167,635,140.0,2067,1288,33.9,26.8,1.3899,2004,6,28,19,0,1,0,0,0,0,0,0
2642,2.5,1162,15.1,1151,116,687,115.0,1912,1143,31.9,30.6,1.4201,2004,6,28,20,0,1,0,0,0,0,0,0
2643,1.8,1079,11.1,1020,89,754,92.0,1760,1014,29.7,33.9,1.3874,2004,6,28,21,0,1,0,0,0,0,0,0
2644,1.8,1091,11.7,1038,103,744,99.0,1786,1088,28.6,36.8,1.416,2004,6,28,22,0,1,0,0,0,0,0,0
2645,2.0,1085,11.7,1039,100,745,96.0,1790,1092,27.8,38.7,1.4187,2004,6,28,23,0,1,0,0,0,0,0,0
2646,1.5,1050,9.7,966,86,780,80.0,1748,1090,27.8,40.0,1.4691,2004,6,29,0,0,0,1,0,0,0,0,0
2647,0.8,941,6.0,814,52,873,65.0,1592,979,27.5,41.3,1.4962,2004,6,29,1,0,0,1,0,0,0,0,0
2648,0.4,891,3.9,705,27,980,46.0,1534,806,27.3,41.6,1.4906,2004,6,29,2,0,0,1,0,0,0,0,0
2649,0.3,842,2.6,624,31,1080,51.5,1480,712,26.0,44.2,1.4657,2004,6,29,3,0,0,1,0,0,0,0,0
2650,0.4,850,2.8,639,35,1048,57.0,1519,853,24.8,48.0,1.4857,2004,6,29,4,0,0,1,0,0,0,0,0
2651,0.5,863,3.0,652,42,1055,54.0,1504,816,25.9,45.1,1.4889,2004,6,29,5,0,0,1,0,0,0,0,0
2652,0.7,956,5.4,784,57,928,62.0,1634,934,25.3,47.6,1.5108,2004,6,29,6,0,0,1,0,0,0,0,0
2653,3.4,1384,23.5,1391,228,552,102.0,2316,1548,24.7,49.5,1.5201,2004,6,29,7,0,0,1,0,0,0,0,0
2655,3.2,1219,15.5,1163,232,642,121.0,1963,1410,28.3,39.8,1.5053,2004,6,29,9,0,0,1,0,0,0,0,0
2656,2.7,1237,15.3,1157,206,663,132.0,1968,1334,32.4,32.3,1.5484,2004,6,29,10,0,0,1,0,0,0,0,0
2657,2.1,1181,12.8,1078,159,706,122.0,1870,1140,35.4,27.8,1.5733,2004,6,29,11,0,0,1,0,0,0,0,0
2658,2.8,1251,15.2,1154,184,682,148.0,1955,1111,35.5,27.4,1.5635,2004,6,29,12,0,0,1,0,0,0,0,0
2659,2.5,1214,15.7,1170,136,681,133.0,1963,1054,37.8,24.4,1.5722,2004,6,29,13,0,0,1,0,0,0,0,0
2660,2.1,1166,12.3,1062,124,726,130.0,1825,924,37.2,25.5,1.5914,2004,6,29,14,0,0,1,0,0,0,0,0
2661,2.5,1226,15.3,1157,133,683,141.0,1912,1041,37.2,25.6,1.6014,2004,6,29,15,0,0,1,0,0,0,0,0
2662,2.7,1265,17.6,1229,156,636,172.0,2040,1282,38.0,25.0,1.6312,2004,6,29,16,0,0,1,0,0,0,0,0
2663,3.7,1317,21.5,1338,200,593,198.0,2132,1362,37.1,26.9,1.6635,2004,6,29,17,0,0,1,0,0,0,0,0
2664,3.7,1372,23.2,1382,202,568,181.0,2268,1441,36.9,27.8,1.7099,2004,6,29,18,0,0,1,0,0,0,0,0
2665,4.6,1443,25.6,1443,286,543,202.0,2332,1559,34.7,31.9,1.7325,2004,6,29,19,0,0,1,0,0,0,0,0
2666,2.6,1200,14.3,1126,141,664,120.0,1979,1198,31.9,38.4,1.7897,2004,6,29,20,0,0,1,0,0,0,0,0
2667,2.5,1216,14.4,1130,117,655,115.0,1994,1246,30.5,42.3,1.8173,2004,6,29,21,0,0,1,0,0,0,0,0
2668,2.3,1160,12.6,1070,110,687,112.0,1929,1192,29.3,45.8,1.8362,2004,6,29,22,0,0,1,0,0,0,0,0
2669,2.2,1194,13.7,1106,100,667,97.0,1985,1194,28.2,48.1,1.8144,2004,6,29,23,0,0,1,0,0,0,0,0
2670,2.5,1199,13.1,1087,112,658,100.0,1954,1252,27.3,51.0,1.8287,2004,6,30,0,0,0,0,1,0,0,0,0
2671,0.9,965,6.1,818,35,844,47.0,1681,777,26.8,52.4,1.8141,2004,6,30,1,0,0,0,1,0,0,0,0
2672,0.8,961,5.8,801,33,850,44.0,1683,798,26.0,54.9,1.8141,2004,6,30,2,0,0,0,1,0,0,0,0
2673,0.7,901,3.7,697,30,952,43.0,1586,800,26.8,51.9,1.8058,2004,6,30,3,0,0,0,1,0,0,0,0
2674,0.5,864,2.6,629,28,1052,42.0,1558,728,26.9,51.8,1.805,2004,6,30,4,0,0,0,1,0,0,0,0
2675,0.7,952,4.6,742,49,892,57.0,1656,953,24.6,59.1,1.8013,2004,6,30,5,0,0,0,1,0,0,0,0
2676,0.9,1009,7.4,875,81,797,61.0,1738,1060,26.4,53.1,1.7987,2004,6,30,6,0,0,0,1,0,0,0,0
2677,2.2,1225,15.2,1155,178,643,106.0,1992,1338,27.3,46.4,1.6542,2004,6,30,7,0,0,0,1,0,0,0,0
2678,2.8,1245,16.7,1202,223,628,136.0,2039,1622,28.4,40.4,1.5442,2004,6,30,8,0,0,0,1,0,0,0,0
2679,2.9,1265,17.0,1209,290,638,157.0,2015,1812,30.8,37.1,1.6169,2004,6,30,9,0,0,0,1,0,0,0,0
2680,2.9,1276,18.0,1241,274,642,171.0,2024,1784,34.2,30.7,1.6252,2004,6,30,10,0,0,0,1,0,0,0,0
2681,3.0,1232,16.1,1183,278,675,190.0,1920,1509,37.0,26.5,1.6352,2004,6,30,11,0,0,0,1,0,0,0,0
2682,2.5,1193,13.4,1097,152,698,155.0,1832,1139,36.6,27.8,1.676,2004,6,30,12,0,0,0,1,0,0,0,0
2683,2.3,1162,14.0,1117,118,700,139.0,1857,1044,36.9,26.9,1.6477,2004,6,30,13,0,0,0,1,0,0,0,0
2684,2.1,1126,13.4,1097,141,723,152.0,1810,1015,39.3,22.2,1.552,2004,6,30,14,0,0,0,1,0,0,0,0
2685,1.9,1089,10.4,993,131,801,143.0,1675,825,38.5,22.4,1.5018,2004,6,30,15,0,0,0,1,0,0,0,0
2686,2.3,1134,12.7,1073,171,747,168.0,1765,1022,39.7,20.4,1.4594,2004,6,30,16,0,0,0,1,0,0,0,0
2687,4.2,1388,24.5,1418,287,568,226.0,2250,1913,38.8,24.2,1.6433,2004,6,30,17,0,0,0,1,0,0,0,0
2688,4.9,1506,27.8,1499,267,506,207.0,2485,2043,33.5,38.0,1.939,2004,6,30,18,0,0,0,1,0,0,0,0
2689,4.9,1352,23.3,1385,280,563,197.0,2205,1661,34.0,32.9,1.7251,2004,6,30,19,0,0,0,1,0,0,0,0
2690,3.5,1217,17.6,1227,224,641,158.0,2040,1404,31.9,33.7,1.5663,2004,6,30,20,0,0,0,1,0,0,0,0
2691,2.5,1149,14.5,1132,137,688,124.0,1936,1233,30.2,37.6,1.587,2004,6,30,21,0,0,0,1,0,0,0,0
2692,2.5,1156,14.4,1129,118,688,110.0,1941,1181,28.9,41.0,1.6096,2004,6,30,22,0,0,0,1,0,0,0,0
2693,2.6,1180,14.2,1122,128,678,112.0,1921,1272,27.8,45.2,1.6604,2004,6,30,23,0,0,0,1,0,0,0,0
2694,2.3,1109,12.9,1080,111,696,102.0,1874,1190,27.1,47.4,1.6701,2004,7,1,0,0,0,0,0,1,0,0,0
2695,1.5,1032,9.9,974,66,763,77.0,1800,982,26.2,49.4,1.6555,2004,7,1,1,0,0,0,0,1,0,0,0
2696,0.9,893,5.1,767,36,918,50.0,1607,805,26.9,49.3,1.7196,2004,7,1,2,0,0,0,0,1,0,0,0
2697,0.6,848,2.8,642,33,1079,45.0,1536,654,26.3,50.8,1.7058,2004,7,1,3,0,0,0,0,1,0,0,0
2698,0.6,850,3.2,664,31,1038,40.0,1568,727,24.9,54.6,1.6908,2004,7,1,4,0,0,0,0,1,0,0,0
2699,0.8,938,5.4,782,75,879,66.0,1685,1001,23.4,58.6,1.6651,2004,7,1,5,0,0,0,0,1,0,0,0
2700,0.9,948,6.4,828,66,858,60.0,1711,994,24.4,55.2,1.6604,2004,7,1,6,0,0,0,0,1,0,0,0
2701,2.4,1225,17.1,1214,154,625,85.0,2090,1322,25.1,54.3,1.7057,2004,7,1,7,0,0,0,0,1,0,0,0
2702,3.9,1380,22.3,1359,239,538,120.0,2337,1617,26.6,51.2,1.7565,2004,7,1,8,0,0,0,0,1,0,0,0
2703,2.9,1276,14.6,1138,246,628,134.0,2021,1430,28.2,47.1,1.7752,2004,7,1,9,0,0,0,0,1,0,0,0
2704,2.7,1246,13.3,1093,261,667,149.0,1942,1357,31.6,39.4,1.7969,2004,7,1,10,0,0,0,0,1,0,0,0
2705,2.0,1141,10.5,996,179,767,125.0,1805,994,34.2,31.8,1.6837,2004,7,1,11,0,0,0,0,1,0,0,0
2706,2.4,1199,14.2,1124,159,680,132.0,1940,1054,36.6,27.1,1.6352,2004,7,1,12,0,0,0,0,1,0,0,0
2707,2.0,1156,12.2,1056,111,710,114.0,1842,945,37.6,26.9,1.715,2004,7,1,13,0,0,0,0,1,0,0,0
2708,1.8,1158,10.1,983,101,751,110.0,1803,808,38.1,26.3,1.7213,2004,7,1,14,0,0,0,0,1,0,0,0
2709,1.9,1163,11.7,1039,118,723,121.0,1814,888,37.8,26.9,1.7392,2004,7,1,15,0,0,0,0,1,0,0,0
2710,1.8,1078,10.9,1009,120,767,127.0,1730,787,37.8,22.7,1.4653,2004,7,1,16,0,0,0,0,1,0,0,0
2711,2.9,1244,17.3,1219,177,651,157.0,1949,1077,36.9,24.7,1.5134,2004,7,1,17,0,0,0,0,1,0,0,0
2712,3.3,1236,18.0,1239,186,637,169.0,1986,1106,34.5,28.5,1.531,2004,7,1,18,0,0,0,0,1,0,0,0
2713,4.4,1364,22.9,1376,235,580,179.0,2168,1356,32.5,30.9,1.4875,2004,7,1,19,0,0,0,0,1,0,0,0
2714,3.4,1193,16.5,1196,195,675,149.0,1888,1152,30.9,30.4,1.338,2004,7,1,20,0,0,0,0,1,0,0,0
2715,1.9,1078,10.2,985,106,778,111.0,1697,925,28.7,34.7,1.3457,2004,7,1,21,0,0,0,0,1,0,0,0
2716,2.1,1140,11.6,1035,107,726,112.0,1779,1059,27.7,39.3,1.4372,2004,7,1,22,0,0,0,0,1,0,0,0
2717,2.5,1239,14.3,1127,134,648,120.0,1930,1201,26.8,45.1,1.5645,2004,7,1,23,0,0,0,0,1,0,0,0
2718,2.3,1171,13.3,1093,117,669,105.0,1862,1205,26.1,45.3,1.5115,2004,7,2,0,0,0,0,0,0,1,0,0
2719,1.7,1065,10.0,977,83,736,90.0,1733,1103,25.9,46.1,1.5174,2004,7,2,1,0,0,0,0,0,1,0,0
2720,1.5,1024,7.6,882,77,791,87.0,1662,1072,25.3,47.6,1.513,2004,7,2,2,0,0,0,0,0,1,0,0
2721,0.8,873,3.4,679,57,1010,70.5,1501,713,26.6,43.0,1.4773,2004,7,2,3,0,0,0,0,0,1,0,0
2722,0.65,874,3.3,668,37,1043,54.0,1513,737,25.3,47.2,1.5025,2004,7,2,4,0,0,0,0,0,1,0,0
2723,0.5,887,2.9,647,50,1046,61.0,1500,740,25.1,48.0,1.5115,2004,7,2,5,0,0,0,0,0,1,0,0
2724,0.8,993,5.6,795,60,888,63.0,1629,770,24.8,50.6,1.5654,2004,7,2,6,0,0,0,0,0,1,0,0
2725,2.6,1299,17.5,1225,179,620,102.0,2077,1327,25.7,49.7,1.615,2004,7,2,7,0,0,0,0,0,1,0,0
2727,2.9,1320,17.0,1210,263,595,147.0,2052,1477,29.3,40.0,1.6082,2004,7,2,9,0,0,0,0,0,1,0,0
2728,2.8,1226,15.6,1168,265,650,158.0,1952,1311,33.6,28.7,1.4693,2004,7,2,10,0,0,0,0,0,1,0,0
2729,1.8,1105,10.1,980,164,777,112.0,1745,980,34.6,27.7,1.4991,2004,7,2,11,0,0,0,0,0,1,0,0
2730,1.8,1160,11.7,1040,122,720,108.0,1810,961,35.6,27.2,1.5557,2004,7,2,12,0,0,0,0,0,1,0,0
2731,1.9,1125,12.0,1051,125,730,120.0,1771,923,36.9,23.3,1.4313,2004,7,2,13,0,0,0,0,0,1,0,0
2732,1.7,1099,11.0,1015,125,763,117.0,1732,839,38.8,20.7,1.4036,2004,7,2,14,0,0,0,0,0,1,0,0
2733,1.7,1124,11.2,1021,115,745,119.0,1735,827,38.1,22.6,1.4868,2004,7,2,15,0,0,0,0,0,1,0,0
2734,1.9,1105,10.5,995,162,778,149.0,1681,821,37.1,23.0,1.4229,2004,7,2,16,0,0,0,0,0,1,0,0
2735,2.1,1035,11.8,1043,149,804,174.0,1647,749,34.8,19.3,1.0543,2004,7,2,17,0,0,0,0,0,1,0,0
2736,2.4,1065,13.8,1110,161,757,163.0,1691,871,33.6,20.7,1.059,2004,7,2,18,0,0,0,0,0,1,0,0
2737,3.0,1051,17.3,1220,201,739,161.0,1729,1077,31.4,18.5,0.8376,2004,7,2,19,0,0,0,0,0,1,0,0
2738,2.8,1073,14.2,1124,209,752,154.0,1688,1175,29.5,23.8,0.9623,2004,7,2,20,0,0,0,0,0,1,0,0
2739,1.9,1008,10.7,1004,133,817,124.0,1588,1125,27.4,27.1,0.9736,2004,7,2,21,0,0,0,0,0,1,0,0
2740,2.1,1090,12.7,1073,133,745,122.0,1693,1124,26.1,31.1,1.0338,2004,7,2,22,0,0,0,0,0,1,0,0
2741,1.8,1048,10.1,983,134,780,119.0,1643,1064,25.5,34.0,1.0935,2004,7,2,23,0,0,0,0,0,1,0,0
2742,2.5,1131,13.1,1087,164,705,131.0,1738,1240,24.0,37.8,1.1125,2004,7,3,0,1,0,0,0,0,0,1,0
2743,1.1,953,7.4,874,72,854,84.0,1528,899,24.2,37.3,1.1118,2004,7,3,1,1,0,0,0,0,0,1,0
2744,0.7,897,4.6,745,50,968,77.0,1461,807,23.4,40.6,1.1571,2004,7,3,2,1,0,0,0,0,0,1,0
2745,0.7,900,4.7,750,38,932,59.0,1494,817,21.8,46.6,1.1991,2004,7,3,3,1,0,0,0,0,0,1,0
2746,0.4,828,2.8,639,27,1077,41.0,1371,573,22.6,43.0,1.1629,2004,7,3,4,1,0,0,0,0,0,1,0
2747,0.7,892,4.5,739,74,964,68.0,1479,768,20.2,50.7,1.1844,2004,7,3,5,1,0,0,0,0,0,1,0
2748,0.7,914,5.9,809,69,912,69.0,1530,807,20.5,49.3,1.176,2004,7,3,6,1,0,0,0,0,0,1,0
2749,1.8,1096,11.1,1017,162,722,101.0,1743,1204,21.4,48.0,1.2086,2004,7,3,7,1,0,0,0,0,0,1,0
2750,2.3,1173,14.4,1130,208,648,120.0,1885,1401,23.2,43.9,1.2344,2004,7,3,8,1,0,0,0,0,0,1,0
2751,1.9,1125,11.1,1016,168,712,124.0,1725,1256,25.3,40.7,1.2921,2004,7,3,9,1,0,0,0,0,0,1,0
2752,1.7,1079,9.9,976,139,781,113.0,1669,999,29.9,31.1,1.2883,2004,7,3,10,1,0,0,0,0,0,1,0
2753,1.3,974,8.8,930,104,872,97.0,1536,712,33.9,21.3,1.1067,2004,7,3,11,1,0,0,0,0,0,1,0
2754,1.5,977,9.9,973,99,865,94.0,1550,712,36.3,16.0,0.9465,2004,7,3,12,1,0,0,0,0,0,1,0
2755,1.3,912,7.4,873,89,946,86.0,1436,614,36.6,15.2,0.9177,2004,7,3,13,1,0,0,0,0,0,1,0
2756,0.8,896,6.1,817,57,992,70.0,1426,554,37.4,15.8,0.9998,2004,7,3,14,1,0,0,0,0,0,1,0
2757,0.8,896,6.2,822,64,1002,70.0,1391,722,37.9,15.0,0.9721,2004,7,3,15,1,0,0,0,0,0,1,0
2758,1.1,956,7.1,862,65,930,82.0,1479,636,38.0,16.8,1.0933,2004,7,3,16,1,0,0,0,0,0,1,0
2759,1.2,970,8.0,900,79,909,93.0,1524,664,36.9,17.5,1.0789,2004,7,3,17,1,0,0,0,0,0,1,0
2760,1.2,929,7.3,869,80,942,89.0,1454,624,35.3,17.0,0.9561,2004,7,3,18,1,0,0,0,0,0,1,0
2761,1.4,947,8.7,926,81,905,90.0,1484,659,31.9,20.4,0.9462,2004,7,3,19,1,0,0,0,0,0,1,0
2762,1.1,1003,7.5,880,59,864,67.0,1537,695,29.1,29.6,1.1792,2004,7,3,20,1,0,0,0,0,0,1,0
2763,1.5,1045,9.0,940,90,822,94.0,1658,920,27.4,33.4,1.2022,2004,7,3,21,1,0,0,0,0,0,1,0
2764,2.0,1125,11.6,1035,122,728,109.0,1726,1150,26.7,35.8,1.2318,2004,7,3,22,1,0,0,0,0,0,1,0
2765,1.9,1138,10.2,985,120,742,103.0,1710,1141,25.2,42.7,1.3473,2004,7,3,23,1,0,0,0,0,0,1,0
2766,2.2,1217,12.3,1060,126,660,101.0,1840,1227,24.0,51.9,1.5252,2004,7,4,0,1,0,0,0,0,0,0,1
2767,1.1,983,6.4,831,68,847,71.0,1585,887,24.5,44.4,1.3476,2004,7,4,1,1,0,0,0,0,0,0,1
2768,1.1,1007,7.2,864,65,816,71.0,1639,987,22.6,51.0,1.3805,2004,7,4,2,1,0,0,0,0,0,0,1
2769,0.8,957,6.1,816,51,846,60.0,1613,903,22.2,52.7,1.3891,2004,7,4,3,1,0,0,0,0,0,0,1
2770,0.6,914,4.3,725,38,949,49.0,1550,780,21.2,56.8,1.4094,2004,7,4,4,1,0,0,0,0,0,0,1
2771,0.6,886,3.8,702,31,971,43.0,1528,767,20.3,59.6,1.3994,2004,7,4,5,1,0,0,0,0,0,0,1
2772,0.6,899,4.0,708,40,972,44.0,1559,780,21.3,56.7,1.4178,2004,7,4,6,1,0,0,0,0,0,0,1
2773,0.6,942,4.2,723,36,968,42.0,1573,698,23.0,54.6,1.5177,2004,7,4,7,1,0,0,0,0,0,0,1
2774,1.1,1022,6.1,817,64,835,69.0,1669,821,23.7,54.3,1.5731,2004,7,4,8,1,0,0,0,0,0,0,1
2775,1.0,1009,6.0,810,56,859,65.0,1634,772,25.4,49.3,1.5732,2004,7,4,9,1,0,0,0,0,0,0,1
2776,1.0,1025,5.9,809,56,877,68.0,1606,690,29.6,37.7,1.544,2004,7,4,10,1,0,0,0,0,0,0,1
2777,1.0,977,5.4,783,43,939,58.0,1543,586,33.9,26.2,1.3664,2004,7,4,11,1,0,0,0,0,0,0,1
2778,0.8,936,4.9,757,40,1007,52.0,1459,523,35.8,22.4,1.2933,2004,7,4,12,1,0,0,0,0,0,0,1
2779,0.7,884,3.9,703,34,1076,46.0,1394,488,37.9,18.8,1.222,2004,7,4,13,1,0,0,0,0,0,0,1
2780,0.4,809,3.2,664,28,1185,40.0,1270,427,38.5,14.8,0.9942,2004,7,4,14,1,0,0,0,0,0,0,1
2781,0.5,852,4.1,718,32,1109,47.0,1307,468,39.3,14.5,1.0149,2004,7,4,15,1,0,0,0,0,0,0,1
2782,0.6,872,4.0,708,39,1106,56.0,1331,489,38.9,15.6,1.0613,2004,7,4,16,1,0,0,0,0,0,0,1
2783,0.7,839,4.8,752,52,1102,64.0,1298,515,37.9,12.7,0.8211,2004,7,4,17,1,0,0,0,0,0,0,1
2784,0.9,854,5.5,788,60,1064,71.0,1310,562,35.8,13.4,0.7749,2004,7,4,18,1,0,0,0,0,0,0,1
2785,1.6,971,9.1,942,104,900,103.0,1541,776,32.3,19.7,0.9345,2004,7,4,19,1,0,0,0,0,0,0,1
2786,1.6,985,9.1,944,102,866,97.0,1541,833,30.1,23.5,0.9869,2004,7,4,20,1,0,0,0,0,0,0,1
2787,1.7,1027,10.1,981,120,817,108.0,1631,1023,28.2,28.7,1.0806,2004,7,4,21,1,0,0,0,0,0,0,1
2788,1.3,1012,7.4,876,89,853,87.0,1580,967,26.0,35.7,1.1842,2004,7,4,22,1,0,0,0,0,0,0,1
2789,1.9,1086,9.9,973,121,766,104.0,1656,1089,25.3,39.2,1.2452,2004,7,4,23,1,0,0,0,0,0,0,1
2790,1.5,1025,9.0,939,107,790,93.0,1635,1103,24.7,38.7,1.1845,2004,7,5,0,0,1,0,0,0,0,0,0
2791,0.6,848,3.7,692,41,1034,55.0,1412,734,25.5,35.7,1.1499,2004,7,5,1,0,1,0,0,0,0,0,0
2792,0.4,839,3.0,652,34,1075,49.0,1405,671,22.5,43.2,1.1589,2004,7,5,2,0,1,0,0,0,0,0,0
2793,0.3,814,2.5,618,37,1097,52.5,1400,696,21.6,46.1,1.1761,2004,7,5,3,0,1,0,0,0,0,0,0
2794,0.35,816,2.6,624,41,1073,56.0,1422,729,19.7,51.4,1.1688,2004,7,5,4,0,1,0,0,0,0,0,0
2795,0.4,799,2.4,613,38,1120,43.0,1387,641,21.6,45.7,1.1665,2004,7,5,5,0,1,0,0,0,0,0,0
2796,0.7,879,5.6,792,59,906,57.0,1521,825,21.1,47.3,1.1654,2004,7,5,6,0,1,0,0,0,0,0,0
2797,2.0,1104,14.3,1125,165,697,80.0,1815,1179,21.6,44.1,1.1269,2004,7,5,7,0,1,0,0,0,0,0,0
2798,3.9,1344,27.7,1496,287,519,134.0,2311,1651,23.7,37.9,1.0988,2004,7,5,8,0,1,0,0,0,0,0,0
2799,3.6,1226,19.1,1272,317,632,157.0,1901,1474,26.0,30.1,0.9953,2004,7,5,9,0,1,0,0,0,0,0,0
2800,3.2,1157,15.9,1176,330,691,175.0,1779,1370,30.6,23.2,1.001,2004,7,5,10,0,1,0,0,0,0,0,0
2801,2.2,1059,12.3,1060,204,798,147.0,1638,1141,34.1,19.1,1.0048,2004,7,5,11,0,1,0,0,0,0,0,0
2802,2.2,1076,12.2,1057,189,778,140.0,1633,1076,36.2,18.0,1.0636,2004,7,5,12,0,1,0,0,0,0,0,0
2803,2.1,1066,11.7,1041,165,783,137.0,1641,1036,37.4,17.3,1.0914,2004,7,5,13,0,1,0,0,0,0,0,0
2804,1.8,1049,10.4,994,139,813,123.0,1580,881,39.5,15.6,1.102,2004,7,5,14,0,1,0,0,0,0,0,0
2805,2.0,1097,12.7,1074,156,776,138.0,1671,960,40.4,14.9,1.1033,2004,7,5,15,0,1,0,0,0,0,0,0
2806,1.8,1087,11.1,1018,130,791,132.0,1624,883,40.1,16.1,1.1699,2004,7,5,16,0,1,0,0,0,0,0,0
2807,3.0,1269,19.0,1269,173,633,174.0,1942,1221,39.3,18.9,1.3251,2004,7,5,17,0,1,0,0,0,0,0,0
2808,4.3,1328,24.1,1405,302,584,203.0,2072,1518,37.3,19.9,1.2437,2004,7,5,18,0,1,0,0,0,0,0,0
2809,3.5,1200,19.1,1270,239,654,176.0,1906,1264,33.6,22.9,1.1747,2004,7,5,19,0,1,0,0,0,0,0,0
2810,2.5,1098,13.6,1105,139,732,125.0,1768,1061,30.7,28.9,1.2501,2004,7,5,20,0,1,0,0,0,0,0,0
2811,1.8,1058,10.7,1004,92,776,98.0,1684,947,28.8,32.8,1.2776,2004,7,5,21,0,1,0,0,0,0,0,0
2812,1.9,1081,11.3,1025,104,738,103.0,1757,1059,27.3,36.8,1.3207,2004,7,5,22,0,1,0,0,0,0,0,0
2813,1.9,1062,9.6,962,108,776,104.0,1674,1030,26.2,39.7,1.3249,2004,7,5,23,0,1,0,0,0,0,0,0
2814,1.9,1078,9.8,971,107,752,105.0,1694,1065,25.4,43.0,1.37,2004,7,6,0,0,0,1,0,0,0,0,0
2815,0.9,917,4.9,761,55,931,75.0,1497,893,25.8,41.0,1.3461,2004,7,6,1,0,0,1,0,0,0,0,0
2816,0.7,881,4.1,718,43,965,60.0,1510,837,23.3,48.4,1.3677,2004,7,6,2,0,0,1,0,0,0,0,0
2817,0.6,865,3.3,671,33,1012,48.0,1477,807,23.5,47.8,1.3607,2004,7,6,3,0,0,1,0,0,0,0,0
2818,0.4,829,2.2,602,23,1123,36.0,1410,596,23.5,46.7,1.3361,2004,7,6,4,0,0,1,0,0,0,0,0
2819,0.7,913,4.6,743,65,931,66.0,1540,884,21.8,52.3,1.3539,2004,7,6,5,0,0,1,0,0,0,0,0
2820,1.6,1077,10.2,985,165,742,97.0,1780,1170,21.8,52.5,1.3529,2004,7,6,6,0,0,1,0,0,0,0,0
2821,3.8,1337,23.3,1386,274,565,115.0,2196,1596,22.9,49.1,1.3546,2004,7,6,7,0,0,1,0,0,0,0,0
2823,3.4,1257,17.6,1227,308,611,162.0,1954,1608,26.7,39.4,1.3556,2004,7,6,9,0,0,1,0,0,0,0,0
2824,2.6,1227,14.3,1125,227,675,147.0,1835,1470,30.5,32.9,1.4135,2004,7,6,10,0,0,1,0,0,0,0,0
2825,2.2,1188,13.7,1108,178,693,132.0,1818,1275,34.2,27.2,1.4404,2004,7,6,11,0,0,1,0,0,0,0,0
2826,3.4,1301,19.3,1276,267,631,179.0,1953,1407,38.2,20.9,1.3701,2004,7,6,12,0,0,1,0,0,0,0,0
2827,3.4,1201,19.3,1278,278,657,174.0,1892,1302,39.6,16.9,1.2028,2004,7,6,13,0,0,1,0,0,0,0,0
2828,1.8,1058,11.3,1026,165,794,132.0,1622,931,39.9,15.8,1.141,2004,7,6,14,0,0,1,0,0,0,0,0
2829,2.0,1037,12.7,1075,172,789,151.0,1604,917,40.2,13.9,1.02,2004,7,6,15,0,0,1,0,0,0,0,0
2830,2.4,1055,15.3,1157,216,762,168.0,1674,985,39.6,13.2,0.9332,2004,7,6,16,0,0,1,0,0,0,0,0
2831,3.8,1179,22.5,1364,306,661,192.0,1845,1265,39.5,12.6,0.8894,2004,7,6,17,0,0,1,0,0,0,0,0
2832,4.4,1298,25.0,1430,317,632,194.0,1946,2475,37.9,13.9,0.9015,2004,7,6,18,0,0,1,0,0,0,0,0
2833,3.9,1213,21.1,1327,251,654,155.0,1864,2021,34.2,17.9,0.9444,2004,7,6,19,0,0,1,0,0,0,0,0
2834,4.0,1233,23.8,1398,230,613,159.0,1975,1834,32.6,20.6,0.9939,2004,7,6,20,0,0,1,0,0,0,0,0
2835,2.5,1086,14.9,1145,154,737,125.0,1717,1426,30.4,23.2,0.9889,2004,7,6,21,0,0,1,0,0,0,0,0
2836,2.1,1056,12.8,1078,137,765,108.0,1668,1272,28.8,25.1,0.9793,2004,7,6,22,0,0,1,0,0,0,0,0
2837,2.4,1138,14.3,1128,133,681,110.0,1737,1490,27.8,29.9,1.1018,2004,7,6,23,0,0,1,0,0,0,0,0
2838,2.1,1112,14.3,1128,117,675,99.0,1771,1440,26.9,32.6,1.1381,2004,7,7,0,0,0,0,1,0,0,0,0
2839,1.6,992,9.2,948,106,773,95.0,1609,1271,26.3,33.7,1.1377,2004,7,7,1,0,0,0,1,0,0,0,0
2840,0.8,895,5.1,767,55,931,69.0,1463,985,25.7,33.9,1.1065,2004,7,7,2,0,0,0,1,0,0,0,0
2841,0.5,843,3.0,655,41,1046,57.0,1377,826,24.8,36.0,1.1109,2004,7,7,3,0,0,0,1,0,0,0,0
2842,0.4,828,2.6,626,27,1073,45.0,1362,754,25.5,34.6,1.1096,2004,7,7,4,0,0,0,1,0,0,0,0
2843,0.5,894,4.0,709,46,997,53.0,1432,853,24.0,37.8,1.1077,2004,7,7,5,0,0,0,1,0,0,0,0
2844,1.3,1072,9.9,976,144,740,88.0,1673,1340,23.9,39.3,1.1522,2004,7,7,6,0,0,0,1,0,0,0,0
2845,4.1,1425,27.3,1486,392,512,136.0,2305,1869,24.8,38.4,1.1808,2004,7,7,7,0,0,0,1,0,0,0,0
2846,4.1,1428,27.9,1500,358,496,141.0,2275,2021,26.9,34.4,1.2036,2004,7,7,8,0,0,0,1,0,0,0,0
2847,4.0,1359,24.5,1415,381,572,189.0,2081,1902,29.6,28.7,1.1706,2004,7,7,9,0,0,0,1,0,0,0,0
2848,2.2,1182,14.2,1122,261,730,166.0,1707,1527,34.6,21.1,1.1398,2004,7,7,10,0,0,0,1,0,0,0,0
2849,2.0,1117,11.9,1045,207,761,154.0,1623,1260,38.3,17.0,1.1216,2004,7,7,11,0,0,0,1,0,0,0,0
2850,2.0,1119,13.1,1088,155,741,149.0,1640,1124,40.4,14.5,1.0736,2004,7,7,12,0,0,0,1,0,0,0,0
2851,2.2,1068,15.1,1152,193,739,142.0,1683,1309,42.6,9.6,0.8012,2004,7,7,13,0,0,0,1,0,0,0,0
2852,2.2,1090,14.1,1120,195,743,130.0,1629,1283,42.5,10.2,0.8478,2004,7,7,14,0,0,0,1,0,0,0,0
2853,1.8,1056,11.3,1024,159,792,121.0,1555,1068,41.0,11.6,0.8872,2004,7,7,15,0,0,0,1,0,0,0,0
2854,1.8,1098,10.8,1007,120,799,116.0,1546,937,41.3,13.0,1.0154,2004,7,7,16,0,0,0,1,0,0,0,0
2855,3.3,1318,21.5,1339,228,635,177.0,1925,1416,39.2,14.5,1.0106,2004,7,7,17,0,0,0,1,0,0,0,0
2856,4.3,1348,21.8,1347,348,599,233.0,1903,1611,36.9,17.9,1.096,2004,7,7,18,0,0,0,1,0,0,0,0
2858,4.3,1373,22.5,1364,282,597,184.0,2005,1745,33.7,22.6,1.1658,2004,7,7,20,0,0,0,1,0,0,0,0
2859,3.6,1397,21.8,1346,228,580,165.0,2017,1837,31.5,27.8,1.2671,2004,7,7,21,0,0,0,1,0,0,0,0
2860,2.4,1286,17.1,1214,168,620,132.0,1880,1759,31.1,29.3,1.3055,2004,7,7,22,0,0,0,1,0,0,0,0
2861,2.1,1222,15.4,1161,173,661,122.0,1827,1593,30.2,30.9,1.3026,2004,7,7,23,0,0,0,1,0,0,0,0
2862,1.2,1069,10.2,983,87,749,88.0,1627,1357,29.8,30.2,1.2502,2004,7,8,0,0,0,0,0,1,0,0,0
2863,0.9,1011,7.2,864,65,809,79.0,1532,1231,28.4,32.5,1.2361,2004,7,8,1,0,0,0,0,1,0,0,0
2864,0.6,962,5.8,803,43,853,60.0,1507,1066,27.5,34.0,1.231,2004,7,8,2,0,0,0,0,1,0,0,0
2865,0.5,919,4.2,723,43,910,60.0,1443,992,26.8,35.3,1.2243,2004,7,8,3,0,0,0,0,1,0,0,0
2866,0.55,969,5.1,769,43,866,60.0,1485,1063,24.5,40.4,1.2251,2004,7,8,4,0,0,0,0,1,0,0,0
2867,0.6,986,5.4,784,66,839,74.0,1503,1204,25.6,38.8,1.2545,2004,7,8,5,0,0,0,0,1,0,0,0
2868,0.6,990,6.2,821,57,848,62.0,1511,1079,27.5,34.6,1.2518,2004,7,8,6,0,0,0,0,1,0,0,0
2869,2.2,1296,16.9,1208,231,603,115.0,1914,1593,25.9,37.4,1.2289,2004,7,8,7,0,0,0,0,1,0,0,0
2870,3.2,1371,23.2,1384,219,545,119.0,2082,1745,28.5,32.5,1.2441,2004,7,8,8,0,0,0,0,1,0,0,0
2871,3.0,1385,18.0,1240,288,596,155.0,1919,1847,29.5,32.7,1.3229,2004,7,8,9,0,0,0,0,1,0,0,0
2872,2.7,1381,17.6,1227,312,595,162.0,1903,1845,29.8,33.1,1.3693,2004,7,8,10,0,0,0,0,1,0,0,0
2873,3.2,1396,20.3,1306,361,587,189.0,1934,1886,33.4,26.8,1.3586,2004,7,8,11,0,0,0,0,1,0,0,0
2874,1.4,1070,10.6,1000,147,801,115.0,1538,1039,40.3,15.8,1.1604,2004,7,8,12,0,0,0,0,1,0,0,0
2875,1.3,1076,9.9,972,111,819,109.0,1525,923,41.8,15.0,1.1989,2004,7,8,13,0,0,0,0,1,0,0,0
2876,1.4,1126,10.7,1004,98,788,108.0,1609,926,41.1,15.7,1.2071,2004,7,8,14,0,0,0,0,1,0,0,0
2877,2.1,1225,16.5,1196,156,673,145.0,1775,1277,41.9,14.8,1.1944,2004,7,8,15,0,0,0,0,1,0,0,0
2878,2.4,1202,16.9,1206,213,671,167.0,1807,1301,40.9,14.6,1.114,2004,7,8,16,0,0,0,0,1,0,0,0
2879,3.1,1308,20.5,1310,250,628,200.0,1891,1385,39.1,16.9,1.1705,2004,7,8,17,0,0,0,0,1,0,0,0
2880,3.5,1440,19.4,1281,253,580,178.0,2021,1474,36.4,27.3,1.6308,2004,7,8,18,0,0,0,0,1,0,0,0
2882,4.5,1387,24.6,1419,309,559,192.0,2113,1677,33.6,26.4,1.3515,2004,7,8,20,0,0,0,0,1,0,0,0
2883,2.9,1268,16.9,1206,201,648,137.0,1900,1434,32.2,27.6,1.3044,2004,7,8,21,0,0,0,0,1,0,0,0
2884,2.6,1237,15.8,1175,173,660,128.0,1834,1424,30.5,29.7,1.2742,2004,7,8,22,0,0,0,0,1,0,0,0
2885,2.7,1302,16.6,1198,156,628,121.0,1934,1504,29.4,35.6,1.4383,2004,7,8,23,0,0,0,0,1,0,0,0
2886,3.2,1347,19.5,1282,190,575,136.0,1996,1661,29.1,34.8,1.38,2004,7,9,0,0,0,0,0,0,1,0,0
2887,2.3,1355,16.6,1198,129,564,109.0,1905,1714,27.7,41.9,1.537,2004,7,9,1,0,0,0,0,0,1,0,0
2888,1.0,1023,6.2,822,65,823,74.0,1585,1050,27.9,41.6,1.5425,2004,7,9,2,0,0,0,0,0,1,0,0
2889,0.5,903,2.7,631,47,1070,57.0,1458,550,27.8,43.7,1.6039,2004,7,9,3,0,0,0,0,0,1,0,0
2890,0.4,876,2.3,605,29,1144,40.0,1432,456,27.4,42.2,1.5177,2004,7,9,4,0,0,0,0,0,1,0,0
2891,0.6,932,3.9,707,58,1011,61.0,1509,554,26.6,42.8,1.4713,2004,7,9,5,0,0,0,0,0,1,0,0
2892,1.0,1020,7.2,866,92,847,83.0,1636,744,26.9,40.3,1.4041,2004,7,9,6,0,0,0,0,0,1,0,0
2893,2.9,1264,18.1,1241,228,609,129.0,1989,1280,27.0,37.3,1.3081,2004,7,9,7,0,0,0,0,0,1,0,0
2894,2.7,1179,15.1,1153,172,654,122.0,1877,1096,27.0,35.3,1.2396,2004,7,9,8,0,0,0,0,0,1,0,0
2895,1.8,1079,9.7,966,154,785,115.0,1640,927,27.4,32.0,1.1545,2004,7,9,9,0,0,0,0,0,1,0,0
2896,1.8,1036,9.4,955,166,829,130.0,1527,840,30.5,24.7,1.0592,2004,7,9,10,0,0,0,0,0,1,0,0
2897,1.7,1002,9.6,964,149,828,137.0,1546,786,32.9,20.1,0.9902,2004,7,9,11,0,0,0,0,0,1,0,0
2898,1.5,995,9.5,959,111,856,116.0,1544,690,33.9,18.4,0.9587,2004,7,9,12,0,0,0,0,0,1,0,0
2899,1.7,1008,9.6,962,145,845,129.0,1545,742,34.4,19.3,1.0325,2004,7,9,13,0,0,0,0,0,1,0,0
2900,1.3,978,9.6,962,105,846,117.0,1527,680,34.2,19.6,1.0399,2004,7,9,14,0,0,0,0,0,1,0,0
2901,1.5,989,10.3,990,113,822,138.0,1577,705,33.2,20.4,1.0195,2004,7,9,15,0,0,0,0,0,1,0,0
2902,1.5,961,10.2,985,115,845,139.0,1554,677,32.4,19.1,0.915,2004,7,9,16,0,0,0,0,0,1,0,0
2903,2.3,1009,14.0,1116,202,779,180.0,1602,877,32.2,17.1,0.8124,2004,7,9,17,0,0,0,0,0,1,0,0
2904,2.2,970,14.0,1117,180,786,162.0,1579,844,31.0,17.1,0.7526,2004,7,9,18,0,0,0,0,0,1,0,0
2905,2.8,1097,16.6,1199,190,699,158.0,1738,1006,28.3,24.9,0.9412,2004,7,9,19,0,0,0,0,0,1,0,0
2906,2.7,1065,13.6,1105,207,723,162.0,1672,987,26.6,30.2,1.033,2004,7,9,20,0,0,0,0,0,1,0,0
2907,1.7,1036,10.2,986,113,776,112.0,1614,868,24.8,36.8,1.1357,2004,7,9,21,0,0,0,0,0,1,0,0
2908,1.5,1049,9.5,958,98,794,104.0,1648,861,23.7,43.4,1.2495,2004,7,9,22,0,0,0,0,0,1,0,0
2909,2.3,1147,11.8,1043,152,727,125.0,1719,1042,23.0,46.2,1.2815,2004,7,9,23,0,0,0,0,0,1,0,0
2910,2.3,1118,13.0,1082,161,694,127.0,1792,1080,22.7,47.7,1.2977,2004,7,10,0,1,0,0,0,0,0,1,0
2911,1.5,1016,9.6,963,91,776,95.0,1661,811,22.2,49.5,1.3081,2004,7,10,1,1,0,0,0,0,0,1,0
2912,1.0,940,6.7,845,57,845,70.0,1539,704,21.6,51.9,1.3254,2004,7,10,2,1,0,0,0,0,0,1,0
2913,0.5,836,2.9,643,39,1114,51.5,1405,522,22.3,50.4,1.3379,2004,7,10,3,1,0,0,0,0,0,1,0
2914,0.3,831,2.6,626,22,1126,33.0,1406,484,22.4,49.7,1.3333,2004,7,10,4,1,0,0,0,0,0,1,0
2915,0.4,877,4.0,711,41,1018,45.0,1475,580,21.7,52.0,1.3313,2004,7,10,5,1,0,0,0,0,0,1,0
2916,0.5,872,4.3,725,53,976,56.0,1471,668,21.1,53.2,1.3181,2004,7,10,6,1,0,0,0,0,0,1,0
2917,0.9,958,5.9,805,92,886,74.0,1551,835,22.0,51.0,1.3296,2004,7,10,7,1,0,0,0,0,0,1,0
2918,1.1,959,6.8,848,91,859,84.0,1572,739,25.0,41.6,1.301,2004,7,10,8,1,0,0,0,0,0,1,0
2919,1.4,997,8.8,933,89,799,93.0,1612,763,26.7,36.4,1.2596,2004,7,10,9,1,0,0,0,0,0,1,0
2920,1.1,916,6.7,843,81,891,97.0,1511,614,29.1,29.7,1.1751,2004,7,10,10,1,0,0,0,0,0,1,0
2921,0.9,895,6.4,831,66,946,83.0,1473,566,31.2,23.4,1.0487,2004,7,10,11,1,0,0,0,0,0,1,0
2922,0.8,855,6.0,812,53,982,71.0,1416,508,32.4,20.5,0.9806,2004,7,10,12,1,0,0,0,0,0,1,0
2923,0.8,861,6.0,811,61,997,78.0,1409,509,33.3,19.2,0.9634,2004,7,10,13,1,0,0,0,0,0,1,0
2924,0.6,821,5.0,766,48,1071,62.0,1323,457,33.1,16.8,0.8391,2004,7,10,14,1,0,0,0,0,0,1,0
2925,0.6,835,4.4,731,39,1108,54.0,1323,438,33.1,18.3,0.9081,2004,7,10,15,1,0,0,0,0,0,1,0
2926,0.5,813,4.4,732,41,1118,59.0,1303,427,32.4,18.0,0.8599,2004,7,10,16,1,0,0,0,0,0,1,0
2927,0.7,833,5.5,786,48,1064,69.0,1328,453,31.8,18.7,0.8624,2004,7,10,17,1,0,0,0,0,0,1,0
2928,0.8,859,5.8,803,50,1032,67.0,1363,479,30.3,21.4,0.9064,2004,7,10,18,1,0,0,0,0,0,1,0
2929,0.9,887,5.3,778,51,978,58.0,1387,500,27.2,28.2,1.0013,2004,7,10,19,1,0,0,0,0,0,1,0
2930,1.3,970,8.0,900,70,856,77.0,1559,647,26.1,33.7,1.1228,2004,7,10,20,1,0,0,0,0,0,1,0
2931,1.3,990,7.2,866,89,866,94.0,1551,728,24.7,38.8,1.1929,2004,7,10,21,1,0,0,0,0,0,1,0
2932,1.4,1022,8.0,899,100,846,97.0,1588,820,23.4,43.2,1.229,2004,7,10,22,1,0,0,0,0,0,1,0
2933,1.9,1075,10.4,993,139,781,110.0,1682,946,23.1,44.2,1.2317,2004,7,10,23,1,0,0,0,0,0,1,0
2934,2.3,1088,11.6,1035,176,751,116.0,1713,1018,22.7,45.3,1.2299,2004,7,11,0,1,0,0,0,0,0,0,1
2935,1.0,925,6.4,831,71,880,74.0,1513,789,21.6,47.5,1.2118,2004,7,11,1,1,0,0,0,0,0,0,1
2936,0.5,853,4.1,716,37,994,51.0,1423,647,22.0,45.8,1.1965,2004,7,11,2,1,0,0,0,0,0,0,1
2937,1.0,918,6.4,830,33,875,45.5,1548,785,20.4,51.3,1.2131,2004,7,11,3,1,0,0,0,0,0,0,1
2938,0.4,796,2.7,636,30,1092,40.0,1387,576,20.6,50.3,1.2041,2004,7,11,4,1,0,0,0,0,0,0,1
2939,0.3,796,2.6,628,29,1136,36.0,1385,555,20.6,50.6,1.2119,2004,7,11,5,1,0,0,0,0,0,0,1
2940,0.2,795,2.3,606,25,1152,35.0,1369,552,21.3,48.8,1.2189,2004,7,11,6,1,0,0,0,0,0,0,1
2941,0.4,842,3.1,656,40,1080,48.0,1427,620,20.4,52.6,1.247,2004,7,11,7,1,0,0,0,0,0,0,1
2942,0.3,850,3.1,659,32,1077,38.0,1402,557,23.5,44.0,1.2596,2004,7,11,8,1,0,0,0,0,0,0,1
2943,0.6,884,4.0,709,43,1027,54.0,1442,556,25.7,37.9,1.2334,2004,7,11,9,1,0,0,0,0,0,0,1
2944,0.6,907,4.6,741,44,983,57.0,1486,573,27.9,33.6,1.2433,2004,7,11,10,1,0,0,0,0,0,0,1
2945,0.6,846,3.9,703,35,1034,54.0,1380,514,29.0,28.3,1.1116,2004,7,11,11,1,0,0,0,0,0,0,1
2946,0.5,827,3.8,697,32,1070,46.0,1371,478,29.5,25.9,1.0489,2004,7,11,12,1,0,0,0,0,0,0,1
2947,0.4,804,2.8,636,21,1185,36.0,1321,424,31.8,22.3,1.0366,2004,7,11,13,1,0,0,0,0,0,0,1
2948,0.2,775,2.5,619,10,1254,19.0,1272,386,32.2,20.0,0.9488,2004,7,11,14,1,0,0,0,0,0,0,1
2949,0.4,802,3.0,651,22,1206,34.0,1282,403,32.4,19.3,0.922,2004,7,11,15,1,0,0,0,0,0,0,1
2950,0.6,844,4.7,751,46,1064,63.0,1327,462,33.0,17.7,0.8758,2004,7,11,16,1,0,0,0,0,0,0,1
2951,0.9,881,5.0,765,66,1029,86.0,1359,489,32.0,19.8,0.9273,2004,7,11,17,1,0,0,0,0,0,0,1
2952,0.7,877,4.5,736,49,1077,65.0,1347,463,29.6,24.1,0.9831,2004,7,11,18,1,0,0,0,0,0,0,1
2953,1.2,931,7.7,885,86,892,101.0,1467,585,26.9,27.1,0.948,2004,7,11,19,1,0,0,0,0,0,0,1
2954,1.6,1011,9.7,967,111,818,116.0,1565,748,25.3,30.9,0.9815,2004,7,11,20,1,0,0,0,0,0,0,1
2955,1.8,1035,11.0,1015,143,757,124.0,1651,940,24.2,35.9,1.0684,2004,7,11,21,1,0,0,0,0,0,0,1
2956,2.4,1153,11.8,1042,184,733,136.0,1700,1022,23.2,43.2,1.2104,2004,7,11,22,1,0,0,0,0,0,0,1
2957,1.5,1020,8.7,929,134,805,108.0,1615,929,22.7,43.9,1.1962,2004,7,11,23,1,0,0,0,0,0,0,1
2958,0.9,954,7.5,879,78,837,82.0,1550,834,21.6,44.0,1.1244,2004,7,12,0,0,1,0,0,0,0,0,0
2959,0.8,903,5.7,800,50,911,68.0,1478,751,20.7,46.4,1.1198,2004,7,12,1,0,1,0,0,0,0,0,0
2960,0.2,779,2.0,581,13,1204,22.0,1323,505,21.2,46.2,1.1482,2004,7,12,2,0,1,0,0,0,0,0,0
2961,0.1,761,1.4,540,18,1269,28.0,1303,486,22.7,42.3,1.1491,2004,7,12,3,0,1,0,0,0,0,0,0
2962,0.30000000000000004,780,1.8,568,24,1200,34.0,1331,501,19.9,51.3,1.1803,2004,7,12,4,0,1,0,0,0,0,0,0
2963,0.5,835,3.3,672,43,1053,43.0,1423,628,20.0,51.8,1.1967,2004,7,12,5,0,1,0,0,0,0,0,0
2964,1.4,1004,9.4,955,146,758,84.0,1671,1043,18.5,57.4,1.2076,2004,7,12,6,0,1,0,0,0,0,0,0
2965,3.3,1272,21.1,1328,333,567,108.0,2085,1463,19.6,54.3,1.2278,2004,7,12,7,0,1,0,0,0,0,0,0
2966,3.6,1173,17.2,1217,298,625,112.0,1945,1358,21.3,49.7,1.2452,2004,7,12,8,0,1,0,0,0,0,0,0
2967,1.7,986,8.5,922,178,820,104.0,1586,971,21.7,46.3,1.1867,2004,7,12,9,0,1,0,0,0,0,0,0
2968,1.5,942,6.8,849,177,907,107.0,1496,894,23.4,39.4,1.1172,2004,7,12,10,0,1,0,0,0,0,0,0
2969,1.6,957,7.4,875,172,891,102.0,1525,871,25.7,33.0,1.0763,2004,7,12,11,0,1,0,0,0,0,0,0
2970,2.1,1024,12.1,1052,183,779,104.0,1690,952,28.5,27.3,1.0479,2004,7,12,12,0,1,0,0,0,0,0,0
2971,2.1,962,9.6,963,164,835,96.0,1592,843,27.0,27.9,0.9812,2004,7,12,13,0,1,0,0,0,0,0,0
2972,1.6,958,7.4,873,122,868,80.0,1550,750,24.2,36.9,1.0966,2004,7,12,14,0,1,0,0,0,0,0,0
2973,1.3,933,6.4,831,105,888,72.0,1514,710,26.0,34.9,1.1509,2004,7,12,15,0,1,0,0,0,0,0,0
2974,1.6,942,8.3,912,144,842,106.0,1551,814,24.8,33.1,1.0222,2004,7,12,16,0,1,0,0,0,0,0,0
2975,3.1,1073,14.0,1117,220,693,119.0,1762,1052,24.0,36.3,1.0708,2004,7,12,17,0,1,0,0,0,0,0,0
2976,3.3,1086,15.3,1159,207,686,119.0,1782,1060,23.6,35.5,1.0187,2004,7,12,18,0,1,0,0,0,0,0,0
2977,3.4,1091,15.4,1161,210,682,128.0,1797,1153,23.6,35.7,1.0282,2004,7,12,19,0,1,0,0,0,0,0,0
2978,2.8,980,10.9,1009,175,786,112.0,1625,986,23.3,34.5,0.9768,2004,7,12,20,0,1,0,0,0,0,0,0
2979,1.5,904,7.5,877,117,890,95.0,1488,781,22.5,36.8,0.988,2004,7,12,21,0,1,0,0,0,0,0,0
2980,1.3,865,5.2,773,93,991,85.0,1414,653,21.3,38.7,0.9686,2004,7,12,22,0,1,0,0,0,0,0,0
2981,1.6,898,7.1,863,118,911,101.0,1493,777,20.9,39.4,0.9596,2004,7,12,23,0,1,0,0,0,0,0,0
2982,1.5,945,7.6,883,132,837,94.0,1563,1015,19.8,47.7,1.093,2004,7,13,0,0,0,1,0,0,0,0,0
2983,1.0,854,5.0,764,88,932,76.0,1476,922,19.3,51.4,1.1387,2004,7,13,1,0,0,1,0,0,0,0,0
2984,0.5,751,2.0,587,43,1165,50.0,1353,678,18.4,53.4,1.117,2004,7,13,2,0,0,1,0,0,0,0,0
2985,0.4,723,1.5,544,43,1274,50.5,1315,584,18.8,51.1,1.1,2004,7,13,3,0,0,1,0,0,0,0,0
2986,0.6,754,2.5,620,44,1102,51.0,1372,725,16.3,59.8,1.1042,2004,7,13,4,0,0,1,0,0,0,0,0
2987,0.7,758,3.3,670,50,1070,42.0,1365,688,16.6,56.8,1.0629,2004,7,13,5,0,0,1,0,0,0,0,0
2988,1.3,873,7.3,871,101,871,62.0,1528,887,16.2,57.4,1.0515,2004,7,13,6,0,0,1,0,0,0,0,0
2989,4.0,1176,23.8,1398,339,567,111.0,2120,1494,17.3,54.3,1.0631,2004,7,13,7,0,0,1,0,0,0,0,0
2990,5.0,1257,27.6,1495,379,524,129.0,2245,1647,19.2,48.8,1.0751,2004,7,13,8,0,0,1,0,0,0,0,0
2991,3.6,1137,16.7,1200,321,648,135.0,1821,1489,21.7,42.4,1.0859,2004,7,13,9,0,0,1,0,0,0,0,0
2992,2.8,1064,14.3,1126,272,711,139.0,1656,1361,26.4,29.9,1.0138,2004,7,13,10,0,0,1,0,0,0,0,0
2993,2.6,1026,13.3,1094,278,769,134.0,1629,1224,31.3,19.1,0.8634,2004,7,13,11,0,0,1,0,0,0,0,0
2994,2.7,986,14.5,1133,253,773,141.0,1619,1174,33.7,15.4,0.7913,2004,7,13,12,0,0,1,0,0,0,0,0
2995,2.3,908,11.5,1031,187,857,112.0,1469,901,34.5,13.3,0.7158,2004,7,13,13,0,0,1,0,0,0,0,0
2996,2.0,888,10.8,1007,149,870,105.0,1448,794,33.8,13.9,0.7172,2004,7,13,14,0,0,1,0,0,0,0,0
2997,1.3,843,6.4,830,89,995,72.0,1339,577,30.1,19.4,0.8157,2004,7,13,15,0,0,1,0,0,0,0,0
2998,1.7,905,8.8,931,124,876,90.0,1460,776,28.3,21.3,0.8054,2004,7,13,16,0,0,1,0,0,0,0,0
2999,2.8,1023,14.3,1127,206,760,126.0,1635,982,31.9,18.3,0.8523,2004,7,13,17,0,0,1,0,0,0,0,0
3000,3.8,1125,19.4,1279,241,662,154.0,1840,1256,32.0,20.1,0.9364,2004,7,13,18,0,0,1,0,0,0,0,0
3001,4.9,1211,27.1,1483,303,586,173.0,2092,1483,28.9,24.1,0.9495,2004,7,13,19,0,0,1,0,0,0,0,0
3002,4.3,1140,19.7,1289,294,634,162.0,1884,1390,27.3,27.1,0.967,2004,7,13,20,0,0,1,0,0,0,0,0
3003,2.6,1029,13.6,1105,203,737,128.0,1666,1195,26.0,28.5,0.9484,2004,7,13,21,0,0,1,0,0,0,0,0
3004,2.4,981,12.1,1054,176,768,120.0,1592,1135,25.2,28.6,0.9008,2004,7,13,22,0,0,1,0,0,0,0,0
3005,1.9,971,11.0,1014,155,788,111.0,1585,1115,24.3,31.1,0.9316,2004,7,13,23,0,0,1,0,0,0,0,0
3006,1.4,927,8.8,930,108,840,89.0,1522,1026,23.6,33.8,0.9685,2004,7,14,0,0,0,0,1,0,0,0,0
3007,1.1,868,6.7,846,72,925,69.0,1448,836,23.0,33.8,0.9406,2004,7,14,1,0,0,0,1,0,0,0,0
3008,0.9,863,6.3,824,65,905,70.0,1469,925,22.2,38.4,1.0126,2004,7,14,2,0,0,0,1,0,0,0,0
3009,0.7,820,4.1,716,52,994,64.5,1380,933,20.4,42.6,1.0083,2004,7,14,3,0,0,0,1,0,0,0,0
3010,0.5,777,2.9,645,39,1076,59.0,1334,781,20.5,42.3,1.0091,2004,7,14,4,0,0,0,1,0,0,0,0
3011,0.8,855,5.0,762,79,942,73.0,1444,959,18.8,49.0,1.0505,2004,7,14,5,0,0,0,1,0,0,0,0
3012,1.3,960,9.9,973,140,769,89.0,1616,1155,18.8,49.4,1.0624,2004,7,14,6,0,0,0,1,0,0,0,0
3013,4.7,1310,27.5,1492,427,527,142.0,2194,1686,19.9,46.5,1.071,2004,7,14,7,0,0,0,1,0,0,0,0
3015,3.7,1211,19.8,1290,311,606,156.0,1913,1643,24.0,36.4,1.0706,2004,7,14,9,0,0,0,1,0,0,0,0
3016,2.8,1068,15.7,1171,275,711,148.0,1717,1360,30.2,22.8,0.9616,2004,7,14,10,0,0,0,1,0,0,0,0
3017,1.8,932,11.3,1026,195,851,122.0,1523,944,33.4,17.1,0.8627,2004,7,14,11,0,0,0,1,0,0,0,0
3018,1.9,949,12.6,1069,144,819,106.0,1547,905,35.1,15.0,0.8381,2004,7,14,12,0,0,0,1,0,0,0,0
3019,2.0,944,11.9,1045,162,829,106.0,1525,884,34.1,16.0,0.8408,2004,7,14,13,0,0,0,1,0,0,0,0
3020,2.0,966,14.4,1131,200,800,127.0,1612,968,35.7,13.6,0.7836,2004,7,14,14,0,0,0,1,0,0,0,0
3021,2.1,940,12.4,1063,176,848,113.0,1539,929,35.3,13.8,0.7767,2004,7,14,15,0,0,0,1,0,0,0,0
3022,2.1,934,11.7,1041,203,865,136.0,1496,936,32.3,16.7,0.7946,2004,7,14,16,0,0,0,1,0,0,0,0
3023,3.2,1052,18.4,1252,237,739,153.0,1729,1107,36.0,13.3,0.7773,2004,7,14,17,0,0,0,1,0,0,0,0
3024,4.0,1109,22.9,1374,263,676,172.0,1795,1225,35.8,13.7,0.7868,2004,7,14,18,0,0,0,1,0,0,0,0
3025,4.6,1169,25.0,1430,300,636,190.0,1901,1372,32.3,18.4,0.8753,2004,7,14,19,0,0,0,1,0,0,0,0
3026,3.0,1093,15.5,1163,189,717,160.0,1705,1139,29.7,25.0,1.0246,2004,7,14,20,0,0,0,1,0,0,0,0
3027,2.9,1084,16.7,1200,185,686,159.0,1753,1505,27.8,26.6,0.9748,2004,7,14,21,0,0,0,1,0,0,0,0
3028,1.9,970,11.2,1023,134,787,123.0,1552,1074,26.3,27.3,0.9238,2004,7,14,22,0,0,0,1,0,0,0,0
3029,1.4,951,9.0,939,96,849,101.0,1488,868,25.3,30.0,0.9508,2004,7,14,23,0,0,0,1,0,0,0,0
3030,2.1,1038,12.1,1053,122,744,116.0,1631,1095,24.0,34.9,1.0271,2004,7,15,0,0,0,0,0,1,0,0,0
3031,1.2,950,8.9,937,64,802,80.0,1566,989,23.4,38.6,1.0968,2004,7,15,1,0,0,0,0,1,0,0,0
3032,0.6,831,3.7,695,30,1033,51.0,1355,658,23.5,38.3,1.0972,2004,7,15,2,0,0,0,0,1,0,0,0
3033,0.4,813,3.1,656,26,1070,44.0,1332,603,22.0,42.6,1.1146,2004,7,15,3,0,0,0,0,1,0,0,0
3034,0.4,797,2.5,621,23,1105,37.0,1303,562,21.6,44.0,1.1225,2004,7,15,4,0,0,0,0,1,0,0,0
3035,0.4,824,3.1,660,36,1033,46.0,1342,618,21.4,45.6,1.1493,2004,7,15,5,0,0,0,0,1,0,0,0
3036,0.7,879,5.7,796,58,912,64.0,1454,747,21.1,47.1,1.1641,2004,7,15,6,0,0,0,0,1,0,0,0
3037,2.3,1132,15.6,1166,168,652,108.0,1827,1229,21.3,48.4,1.2119,2004,7,15,7,0,0,0,0,1,0,0,0
3038,4.0,1291,25.2,1434,306,526,151.0,2239,1494,22.9,47.9,1.3208,2004,7,15,8,0,0,0,0,1,0,0,0
3039,2.8,1193,15.4,1160,231,630,153.0,1927,1281,24.4,45.5,1.3721,2004,7,15,9,0,0,0,0,1,0,0,0
3040,1.6,1057,8.4,914,157,796,116.0,1665,954,27.6,38.0,1.3818,2004,7,15,10,0,0,0,0,1,0,0,0
3041,1.6,1027,8.0,899,132,822,116.0,1563,810,31.1,29.6,1.318,2004,7,15,11,0,0,0,0,1,0,0,0
3042,2.0,1084,12.1,1052,136,736,130.0,1677,882,33.4,24.7,1.2516,2004,7,15,12,0,0,0,0,1,0,0,0
3043,2.0,1032,12.6,1071,127,742,131.0,1619,840,35.7,18.9,1.0865,2004,7,15,13,0,0,0,0,1,0,0,0
3044,1.7,977,10.6,998,125,810,131.0,1554,743,36.2,18.1,1.0724,2004,7,15,14,0,0,0,0,1,0,0,0
3045,2.0,1039,12.6,1069,138,773,135.0,1646,880,37.1,17.7,1.094,2004,7,15,15,0,0,0,0,1,0,0,0
3046,2.2,1056,14.3,1127,163,734,152.0,1694,928,36.5,18.1,1.0887,2004,7,15,16,0,0,0,0,1,0,0,0
3047,3.2,1164,20.3,1306,259,648,198.0,1886,1218,35.5,19.1,1.0888,2004,7,15,17,0,0,0,0,1,0,0,0
3048,3.6,1124,20.5,1309,236,655,183.0,1845,1170,33.7,20.0,1.0275,2004,7,15,18,0,0,0,0,1,0,0,0
3049,3.8,1152,22.1,1355,245,628,175.0,1879,1620,30.5,22.7,0.9763,2004,7,15,19,0,0,0,0,1,0,0,0
3050,4.8,1223,23.8,1399,344,592,193.0,1940,1508,28.7,26.2,1.0144,2004,7,15,20,0,0,0,0,1,0,0,0
3051,2.8,1058,14.7,1139,188,696,140.0,1699,1318,26.7,28.9,0.9981,2004,7,15,21,0,0,0,0,1,0,0,0
3052,2.6,1049,15.1,1152,149,693,128.0,1730,1189,25.7,31.6,1.0285,2004,7,15,22,0,0,0,0,1,0,0,0
3053,1.9,1010,10.8,1006,102,779,100.0,1589,1000,24.5,35.7,1.0807,2004,7,15,23,0,0,0,0,1,0,0,0
3054,1.7,981,10.2,985,99,779,97.0,1572,1020,24.3,36.3,1.0852,2004,7,16,0,0,0,0,0,0,1,0,0
3055,1.0,886,6.5,834,48,904,67.0,1440,767,23.8,36.9,1.0748,2004,7,16,1,0,0,0,0,0,1,0,0
3056,0.7,821,3.9,706,36,1021,58.0,1360,674,23.7,37.3,1.076,2004,7,16,2,0,0,0,0,0,1,0,0
3057,0.5,784,2.8,641,33,1114,51.5,1319,588,22.2,40.6,1.0729,2004,7,16,3,0,0,0,0,0,1,0,0
3058,0.4,771,2.1,593,30,1155,45.0,1291,545,21.6,42.2,1.0762,2004,7,16,4,0,0,0,0,0,1,0,0
3059,0.6,819,3.4,677,56,1048,62.0,1379,685,20.3,46.8,1.1,2004,7,16,5,0,0,0,0,0,1,0,0
3060,0.7,836,4.7,747,51,961,59.0,1384,702,20.7,45.9,1.1088,2004,7,16,6,0,0,0,0,0,1,0,0
3061,2.4,1114,15.8,1174,172,667,102.0,1819,1188,20.5,47.7,1.1419,2004,7,16,7,0,0,0,0,0,1,0,0
3062,4.4,1319,26.6,1470,316,520,154.0,2276,1589,22.4,46.6,1.247,2004,7,16,8,0,0,0,0,0,1,0,0
3063,3.1,1211,14.8,1143,269,632,157.0,1860,1331,24.2,48.5,1.4452,2004,7,16,9,0,0,0,0,0,1,0,0
3064,2.0,1051,9.3,950,196,802,138.0,1593,1040,28.8,33.0,1.2825,2004,7,16,10,0,0,0,0,0,1,0,0
3065,2.1,1108,12.0,1049,206,749,142.0,1701,1137,32.8,25.2,1.2325,2004,7,16,11,0,0,0,0,0,1,0,0
3066,2.1,1014,10.9,1012,156,795,125.0,1548,851,34.4,19.9,1.0647,2004,7,16,12,0,0,0,0,0,1,0,0
3067,2.1,1003,11.9,1047,120,769,120.0,1578,782,36.5,16.7,1.0045,2004,7,16,13,0,0,0,0,0,1,0,0
3068,2.2,1021,13.2,1092,161,764,150.0,1606,908,37.5,14.3,0.9099,2004,7,16,14,0,0,0,0,0,1,0,0
3069,1.6,986,8.9,937,114,833,120.0,1473,806,38.0,15.5,1.0119,2004,7,16,15,0,0,0,0,0,1,0,0
3070,2.4,1098,13.0,1084,191,754,173.0,1648,985,38.1,16.5,1.0828,2004,7,16,16,0,0,0,0,0,1,0,0
3071,3.3,1157,18.2,1245,236,665,187.0,1782,1211,37.3,17.3,1.084,2004,7,16,17,0,0,0,0,0,1,0,0
3072,4.0,1190,23.7,1395,287,606,206.0,1914,1411,35.9,17.7,1.0316,2004,7,16,18,0,0,0,0,0,1,0,0
3073,4.1,1183,21.6,1341,266,628,187.0,1881,1395,32.4,21.5,1.0303,2004,7,16,19,0,0,0,0,0,1,0,0
3074,4.2,1231,21.6,1341,274,626,170.0,1937,1578,30.3,25.6,1.0879,2004,7,16,20,0,0,0,0,0,1,0,0
3075,2.9,1102,16.5,1195,196,690,149.0,1762,1325,28.5,27.8,1.0665,2004,7,16,21,0,0,0,0,0,1,0,0
3076,2.3,1041,12.3,1060,144,748,124.0,1629,1185,26.9,30.5,1.0671,2004,7,16,22,0,0,0,0,0,1,0,0
3077,2.2,1090,13.6,1103,142,695,119.0,1686,1235,25.7,33.5,1.0918,2004,7,16,23,0,0,0,0,0,1,0,0
3078,2.1,1074,12.8,1078,124,685,108.0,1673,1317,24.7,36.9,1.1302,2004,7,17,0,1,0,0,0,0,0,1,0
3079,1.6,977,9.4,956,93,765,93.0,1581,1114,23.6,39.2,1.1306,2004,7,17,1,1,0,0,0,0,0,1,0
3080,1.2,949,8.3,910,71,816,77.0,1552,1015,22.2,43.0,1.1363,2004,7,17,2,1,0,0,0,0,0,1,0
3081,1.2,912,6.7,842,63,863,76.5,1489,1015,21.2,45.8,1.1353,2004,7,17,3,1,0,0,0,0,0,1,0
3082,0.9,863,4.6,746,56,919,76.0,1415,961,21.3,45.9,1.1471,2004,7,17,4,1,0,0,0,0,0,1,0
3083,0.6,834,3.6,689,46,988,58.0,1367,796,21.6,45.0,1.151,2004,7,17,5,1,0,0,0,0,0,1,0
3084,0.7,865,5.0,764,51,917,63.0,1430,826,21.3,46.5,1.1608,2004,7,17,6,1,0,0,0,0,0,1,0
3085,1.3,974,8.2,908,83,793,75.0,1546,1057,21.1,46.9,1.1585,2004,7,17,7,1,0,0,0,0,0,1,0
3086,2.0,1079,10.7,1004,175,713,111.0,1628,1302,22.8,43.0,1.1731,2004,7,17,8,1,0,0,0,0,0,1,0
3087,1.9,1084,10.3,990,148,734,116.0,1633,1284,25.0,38.3,1.198,2004,7,17,9,1,0,0,0,0,0,1,0
3088,2.2,1107,12.9,1080,167,714,138.0,1675,1348,30.9,26.9,1.1835,2004,7,17,10,1,0,0,0,0,0,1,0
3089,1.9,1040,11.0,1015,120,775,117.0,1543,1025,35.1,19.2,1.0664,2004,7,17,11,1,0,0,0,0,0,1,0
3090,1.5,1019,8.3,913,78,840,94.0,1428,759,36.9,17.2,1.0576,2004,7,17,12,1,0,0,0,0,0,1,0
3091,1.4,1003,8.2,907,76,862,91.0,1427,680,39.3,13.9,0.9715,2004,7,17,13,1,0,0,0,0,0,1,0
3092,1.0,925,5.2,772,45,1001,60.0,1308,516,40.3,12.6,0.9302,2004,7,17,14,1,0,0,0,0,0,1,0
3093,1.0,910,4.6,743,54,1039,66.0,1282,500,39.7,13.5,0.965,2004,7,17,15,1,0,0,0,0,0,1,0
3094,1.4,1012,7.2,868,70,884,87.0,1435,700,41.1,13.1,1.0124,2004,7,17,16,1,0,0,0,0,0,1,0
3095,1.6,1100,9.4,954,87,809,106.0,1512,1360,40.1,14.9,1.0828,2004,7,17,17,1,0,0,0,0,0,1,0
3096,1.6,1046,8.0,901,69,849,94.0,1464,722,37.4,17.0,1.0757,2004,7,17,18,1,0,0,0,0,0,1,0
3097,2.1,1083,10.7,1003,95,787,112.0,1524,842,34.0,19.2,1.0073,2004,7,17,19,1,0,0,0,0,0,1,0
3098,2.0,1050,9.6,962,107,810,120.0,1496,879,31.7,21.6,0.9959,2004,7,17,20,1,0,0,0,0,0,1,0
3099,1.9,1050,8.7,927,88,830,106.0,1475,836,29.7,24.2,0.9926,2004,7,17,21,1,0,0,0,0,0,1,0
3100,2.3,1142,11.6,1035,100,746,112.0,1611,1062,27.9,27.6,1.0252,2004,7,17,22,1,0,0,0,0,0,1,0
3101,2.4,1165,11.8,1043,125,717,120.0,1644,1188,26.8,29.9,1.0402,2004,7,17,23,1,0,0,0,0,0,1,0
3102,2.2,1136,10.5,995,132,727,114.0,1591,1236,25.8,33.0,1.0826,2004,7,18,0,1,0,0,0,0,0,0,1
3103,1.2,986,5.5,790,57,869,70.0,1422,853,26.3,33.1,1.1199,2004,7,18,1,1,0,0,0,0,0,0,1
3104,1.1,971,5.5,790,46,871,64.0,1447,875,24.3,38.1,1.1398,2004,7,18,2,1,0,0,0,0,0,0,1
3105,0.8,908,3.8,701,40,971,59.5,1381,704,24.7,36.4,1.1158,2004,7,18,3,1,0,0,0,0,0,0,1
3106,0.7,882,2.9,648,34,1023,55.0,1338,666,23.3,39.5,1.1176,2004,7,18,4,1,0,0,0,0,0,0,1
3107,0.6,900,3.4,674,33,974,50.0,1355,679,21.1,45.6,1.1246,2004,7,18,5,1,0,0,0,0,0,0,1
3108,0.7,935,4.1,716,50,915,62.0,1415,877,20.2,48.5,1.1319,2004,7,18,6,1,0,0,0,0,0,0,1
3109,0.4,939,4.1,718,39,927,53.0,1395,826,21.3,45.5,1.1405,2004,7,18,7,1,0,0,0,0,0,0,1
3110,0.6,982,4.7,750,84,893,85.0,1417,881,22.6,31.0,0.8372,2004,7,18,8,1,0,0,0,0,0,0,1
3111,0.9,1088,7.1,862,93,786,102.0,1519,1110,25.7,34.8,1.1292,2004,7,18,9,1,0,0,0,0,0,0,1
3112,0.9,1065,7.4,872,82,831,97.0,1481,927,31.6,23.8,1.0842,2004,7,18,10,1,0,0,0,0,0,0,1
3113,0.8,1016,7.3,868,73,889,91.0,1407,665,36.3,16.3,0.9727,2004,7,18,11,1,0,0,0,0,0,0,1
3114,0.4,930,4.2,723,43,1035,62.0,1263,474,37.9,15.0,0.9728,2004,7,18,12,1,0,0,0,0,0,0,1
3115,0.3,928,4.1,716,39,1060,57.0,1252,459,39.4,13.7,0.9639,2004,7,18,13,1,0,0,0,0,0,0,1
3116,0.1,889,3.8,698,27,1132,40.0,1234,437,40.2,12.3,0.8983,2004,7,18,14,1,0,0,0,0,0,0,1
3117,0.5,966,5.8,802,46,968,60.0,1383,607,41.3,11.9,0.9252,2004,7,18,15,1,0,0,0,0,0,0,1
3118,0.4,973,5.6,792,53,977,70.0,1356,620,41.4,11.8,0.9282,2004,7,18,16,1,0,0,0,0,0,0,1
3119,0.3,950,4.8,754,38,1003,53.0,1325,551,40.1,13.6,0.9953,2004,7,18,17,1,0,0,0,0,0,0,1
3120,0.4,982,5.3,780,39,974,54.0,1374,532,37.6,16.4,1.0458,2004,7,18,18,1,0,0,0,0,0,0,1
3121,0.6,990,6.1,814,49,929,58.0,1399,578,33.9,20.3,1.0522,2004,7,18,19,1,0,0,0,0,0,0,1
3122,0.8,1017,7.4,873,68,874,73.0,1464,721,31.6,22.9,1.0469,2004,7,18,20,1,0,0,0,0,0,0,1
3123,1.2,1067,9.0,938,102,825,99.0,1520,912,29.7,24.8,1.016,2004,7,18,21,1,0,0,0,0,0,0,1
3124,1.6,1147,11.7,1040,123,745,102.0,1635,1155,29.0,27.0,1.063,2004,7,18,22,1,0,0,0,0,0,0,1
3125,1.2,1132,11.0,1014,106,728,101.0,1628,1279,27.9,30.4,1.1249,2004,7,18,23,1,0,0,0,0,0,0,1
3126,0.5,976,6.0,814,66,855,77.0,1448,1018,28.0,30.6,1.1396,2004,7,19,0,0,1,0,0,0,0,0,0
3127,0.3,920,4.3,730,43,944,55.0,1393,842,26.8,32.3,1.1235,2004,7,19,1,0,1,0,0,0,0,0,0
3128,0.1,879,2.8,642,33,1031,51.0,1343,740,26.6,33.0,1.1338,2004,7,19,2,0,1,0,0,0,0,0,0
3129,0.1,854,2.3,604,33,1090,50.5,1317,625,23.7,38.6,1.1159,2004,7,19,3,0,1,0,0,0,0,0,0
3130,0.1,880,2.9,649,33,1022,50.0,1374,739,22.2,42.8,1.1317,2004,7,19,4,0,1,0,0,0,0,0,0
3131,0.3,925,4.1,717,75,936,75.0,1455,970,21.2,46.3,1.1501,2004,7,19,5,0,1,0,0,0,0,0,0
3132,0.8,1044,8.3,912,111,758,89.0,1604,1177,21.4,46.5,1.172,2004,7,19,6,0,1,0,0,0,0,0,0
3133,2.3,1279,16.6,1197,250,599,112.0,1906,1518,22.9,43.0,1.1826,2004,7,19,7,0,1,0,0,0,0,0,0
3134,3.4,1403,25.6,1443,313,508,142.0,2234,1811,25.2,38.6,1.2215,2004,7,19,8,0,1,0,0,0,0,0,0
3135,2.5,1282,17.7,1230,263,594,145.0,1924,1696,27.1,34.9,1.231,2004,7,19,9,0,1,0,0,0,0,0,0
3136,2.4,1262,16.2,1187,282,633,165.0,1842,1603,32.4,24.8,1.1886,2004,7,19,10,0,1,0,0,0,0,0,0
3137,2.1,1195,15.1,1153,226,678,159.0,1732,1370,36.8,18.0,1.0945,2004,7,19,11,0,1,0,0,0,0,0,0
3138,2.1363636363636362,1173,14.3,1127,176,709,159.0,1678,1194,39.1,16.0,1.11,2004,7,19,12,0,1,0,0,0,0,0,0
3139,2.172727272727273,1102,10.8,1007,120,777,131.0,1534,880,39.2,16.4,1.1439,2004,7,19,13,0,1,0,0,0,0,0,0
3140,2.209090909090909,1076,10.1,982,96,799,123.0,1523,748,40.5,14.9,1.111,2004,7,19,14,0,1,0,0,0,0,0,0
3141,2.2454545454545456,1078,10.9,1012,115,777,129.0,1523,868,41.4,13.8,1.0786,2004,7,19,15,0,1,0,0,0,0,0,0
3142,2.2818181818181817,1100,11.0,1014,108,761,126.0,1533,959,40.5,14.9,1.114,2004,7,19,16,0,1,0,0,0,0,0,0
3143,2.3181818181818183,1234,16.8,1205,142,658,149.0,1781,1160,39.6,17.0,1.2064,2004,7,19,17,0,1,0,0,0,0,0,0
3144,2.3545454545454545,1323,20.7,1316,219,586,200.0,1911,1453,37.7,19.8,1.2715,2004,7,19,18,0,1,0,0,0,0,0,0
3145,2.390909090909091,1263,19.5,1283,193,610,174.0,1863,1400,34.3,24.2,1.2857,2004,7,19,19,0,1,0,0,0,0,0,0
3146,2.4272727272727272,1216,14.6,1136,128,658,131.0,1737,1265,31.7,28.1,1.2912,2004,7,19,20,0,1,0,0,0,0,0,0
3147,2.463636363636364,1247,14.3,1127,127,664,135.0,1761,1366,30.2,30.8,1.3008,2004,7,19,21,0,1,0,0,0,0,0,0
3148,2.5,1264,15.9,1177,132,628,134.0,1820,1593,29.4,33.0,1.3343,2004,7,19,22,0,1,0,0,0,0,0,0
3149,2.536363636363636,1111,10.3,988,77,728,96.0,1619,1336,29.2,33.1,1.3202,2004,7,19,23,0,1,0,0,0,0,0,0
3150,2.5727272727272728,1068,8.8,931,72,762,94.0,1576,1317,27.6,36.6,1.332,2004,7,20,0,0,0,1,0,0,0,0,0
3151,2.609090909090909,1015,6.8,850,57,802,79.0,1531,1173,27.2,36.9,1.3147,2004,7,20,1,0,0,1,0,0,0,0,0
3152,2.6454545454545455,989,6.3,827,56,827,79.0,1513,1163,25.4,41.0,1.3079,2004,7,20,2,0,0,1,0,0,0,0,0
3153,2.6818181818181817,930,3.9,708,60,924,84.0,1440,1012,25.2,41.5,1.3106,2004,7,20,3,0,0,1,0,0,0,0,0
3154,2.7181818181818183,952,4.1,717,64,879,89.0,1481,1164,23.4,47.4,1.3475,2004,7,20,4,0,0,1,0,0,0,0,0
3155,2.7545454545454544,981,4.7,747,52,856,69.0,1493,1090,25.1,44.0,1.3794,2004,7,20,5,0,0,1,0,0,0,0,0
3156,2.790909090909091,1138,9.9,974,122,683,91.0,1716,1338,23.9,46.5,1.3637,2004,7,20,6,0,0,1,0,0,0,0,0
3157,2.827272727272727,1472,24.8,1424,314,499,135.0,2257,1808,24.8,43.2,1.3387,2004,7,20,7,0,0,1,0,0,0,0,0
3159,2.9,1480,26.2,1460,357,494,189.0,2238,2028,29.4,33.6,1.3526,2004,7,20,9,0,0,1,0,0,0,0,0
3160,2.9363636363636365,1367,21.6,1342,308,567,193.0,2002,1758,34.8,23.4,1.2781,2004,7,20,10,0,0,1,0,0,0,0,0
3161,2.9727272727272727,1245,16.1,1181,184,645,164.0,1747,1350,38.1,18.5,1.2108,2004,7,20,11,0,0,1,0,0,0,0,0
3162,3.009090909090909,1194,13.0,1083,128,685,139.0,1632,1060,38.9,18.0,1.2318,2004,7,20,12,0,0,1,0,0,0,0,0
3163,3.0454545454545454,1156,13.4,1096,125,713,130.0,1615,954,39.8,16.0,1.1444,2004,7,20,13,0,0,1,0,0,0,0,0
3164,3.0818181818181816,1107,13.7,1106,135,727,129.0,1615,1024,41.7,12.5,0.9941,2004,7,20,14,0,0,1,0,0,0,0,0
3165,3.118181818181818,1127,14.0,1117,158,714,132.0,1625,1092,42.8,12.3,1.0326,2004,7,20,15,0,0,1,0,0,0,0,0
3166,3.1545454545454543,1083,10.4,994,106,771,101.0,1544,927,41.4,14.2,1.1128,2004,7,20,16,0,0,1,0,0,0,0,0
3167,3.1909090909090905,1289,17.5,1225,163,632,145.0,1796,1274,41.3,15.5,1.21,2004,7,20,17,0,0,1,0,0,0,0,0
3168,3.227272727272727,1209,12.9,1082,143,685,133.0,1662,978,38.3,19.4,1.2851,2004,7,20,18,0,0,1,0,0,0,0,0
3169,3.2636363636363637,1221,14.9,1145,96,648,110.0,1753,1050,34.7,23.3,1.2653,2004,7,20,19,0,0,1,0,0,0,0,0
3170,3.3,1255,15.5,1164,127,638,126.0,1793,1301,32.6,26.3,1.2754,2004,7,20,20,0,0,1,0,0,0,0,0
3171,3.336363636363636,1163,11.2,1022,95,695,102.0,1644,1141,30.9,29.0,1.275,2004,7,20,21,0,0,1,0,0,0,0,0
3172,3.3727272727272726,1234,14.3,1126,104,644,104.0,1782,1252,30.1,30.2,1.2711,2004,7,20,22,0,0,1,0,0,0,0,0
3173,3.409090909090909,1240,14.2,1124,131,645,112.0,1799,1300,29.0,33.4,1.3149,2004,7,20,23,0,0,1,0,0,0,0,0
3174,3.4454545454545453,1128,10.0,978,92,733,89.0,1683,1193,28.3,36.8,1.3906,2004,7,21,0,0,0,0,1,0,0,0,0
3175,3.4818181818181815,1057,7.6,881,53,784,67.0,1574,1081,27.6,38.2,1.3911,2004,7,21,1,0,0,0,1,0,0,0,0
3176,3.5181818181818176,1026,5.8,801,45,816,63.0,1545,1094,25.8,43.1,1.4113,2004,7,21,2,0,0,0,1,0,0,0,0
3177,3.5545454545454542,925,3.1,656,32,967,48.5,1440,917,27.4,39.1,1.4072,2004,7,21,3,0,0,0,1,0,0,0,0
3178,3.590909090909091,917,2.7,635,19,1006,34.0,1421,727,26.3,40.9,1.3803,2004,7,21,4,0,0,0,1,0,0,0,0
3179,3.627272727272727,1011,5.4,782,75,828,73.0,1562,1116,23.3,50.1,1.41,2004,7,21,5,0,0,0,1,0,0,0,0
3180,3.663636363636363,1079,7.3,869,84,751,76.0,1634,1223,23.1,49.7,1.3863,2004,7,21,6,0,0,0,1,0,0,0,0
3181,3.6999999999999997,1322,18.4,1250,160,562,102.0,1999,1556,24.2,46.4,1.3834,2004,7,21,7,0,0,0,1,0,0,0,0
3182,3.7363636363636363,1526,27.7,1495,286,471,140.0,2405,1904,25.8,42.2,1.3774,2004,7,21,8,0,0,0,1,0,0,0,0
3183,3.7727272727272725,1338,16.9,1207,212,576,150.0,1951,1697,28.1,37.3,1.3922,2004,7,21,9,0,0,0,1,0,0,0,0
3184,3.8090909090909086,1421,22.1,1354,279,545,194.0,2063,1854,33.9,26.8,1.397,2004,7,21,10,0,0,0,1,0,0,0,0
3185,3.8454545454545452,1197,17.0,1209,207,656,162.0,1770,1306,38.0,17.2,1.1227,2004,7,21,11,0,0,0,1,0,0,0,0
3186,3.8818181818181814,1116,12.4,1063,140,736,138.0,1571,980,38.9,15.9,1.0896,2004,7,21,12,0,0,0,1,0,0,0,0
3187,3.918181818181818,1115,11.5,1031,110,741,123.0,1561,870,40.4,15.0,1.1125,2004,7,21,13,0,0,0,1,0,0,0,0
3188,3.954545454545454,1018,7.5,880,67,865,86.0,1421,613,40.1,15.2,1.1065,2004,7,21,14,0,0,0,1,0,0,0,0
3189,3.9909090909090903,1109,10.3,989,98,778,107.0,1537,819,42.0,14.2,1.1517,2004,7,21,15,0,0,0,1,0,0,0,0
3190,4.027272727272727,1105,10.2,984,97,767,106.0,1532,868,42.7,14.4,1.2092,2004,7,21,16,0,0,0,1,0,0,0,0
3191,4.0636363636363635,1128,11.5,1032,87,733,99.0,1576,876,41.6,14.5,1.1483,2004,7,21,17,0,0,0,1,0,0,0,0
3192,4.1,1301,17.0,1210,124,623,140.0,1813,1153,39.6,18.8,1.3413,2004,7,21,18,0,0,0,1,0,0,0,0
3193,3.8,1416,21.5,1339,165,544,163.0,1998,1492,36.1,25.5,1.4949,2004,7,21,19,0,0,0,1,0,0,0,0
3194,3.4,1301,18.6,1256,164,593,144.0,1914,1382,33.3,29.9,1.5079,2004,7,21,20,0,0,0,1,0,0,0,0
3195,2.9,1261,15.3,1158,122,628,120.0,1837,1303,31.2,33.2,1.4831,2004,7,21,21,0,0,0,1,0,0,0,0
3196,3.1,1295,17.0,1211,134,602,120.0,1917,1404,30.1,35.8,1.5034,2004,7,21,22,0,0,0,1,0,0,0,0
3197,3.5,1239,14.4,1129,121,637,106.0,1839,1308,28.9,39.1,1.537,2004,7,21,23,0,0,0,1,0,0,0,0
3198,2.4,1229,13.6,1103,112,627,95.0,1866,1320,27.8,43.3,1.5929,2004,7,22,0,0,0,0,0,1,0,0,0
3199,1.6,1125,9.6,963,62,713,70.0,1719,1179,26.9,46.1,1.608,2004,7,22,1,0,0,0,0,1,0,0,0
3200,1.3,1044,6.4,832,50,794,67.0,1580,1160,26.4,47.1,1.5947,2004,7,22,2,0,0,0,0,1,0,0,0
3201,0.9,976,4.8,754,61,842,68.5,1545,1070,25.2,51.4,1.621,2004,7,22,3,0,0,0,0,1,0,0,0
3202,1.0,1015,5.4,781,72,796,70.0,1595,1181,23.8,55.4,1.6073,2004,7,22,4,0,0,0,0,1,0,0,0
3203,0.8,954,4.1,715,48,867,50.0,1527,1010,24.9,50.6,1.5755,2004,7,22,5,0,0,0,0,1,0,0,0
3204,1.1,1032,6.3,826,58,781,60.0,1627,1075,25.0,49.2,1.5418,2004,7,22,6,0,0,0,0,1,0,0,0
3205,4.4,1518,26.9,1476,306,469,127.0,2388,1839,24.7,50.9,1.5593,2004,7,22,7,0,0,0,0,1,0,0,0
3207,3.6666666666666665,1362,17.5,1225,252,551,158.0,2003,1826,28.1,42.0,1.5735,2004,7,22,9,0,0,0,0,1,0,0,0
3208,3.3,1394,19.9,1294,266,555,190.0,2031,1834,34.0,29.9,1.5614,2004,7,22,10,0,0,0,0,1,0,0,0
3209,2.1,1205,12.6,1070,159,682,127.0,1735,1268,37.3,22.9,1.4373,2004,7,22,11,0,0,0,0,1,0,0,0
3210,2.1,1210,14.0,1118,144,658,130.0,1742,1422,40.1,19.0,1.3849,2004,7,22,12,0,0,0,0,1,0,0,0
3211,2.0,1138,12.2,1055,117,712,125.0,1624,1028,42.0,15.8,1.2759,2004,7,22,13,0,0,0,0,1,0,0,0
3212,1.5,1079,11.1,1019,108,749,113.0,1559,929,42.8,14.3,1.2003,2004,7,22,14,0,0,0,0,1,0,0,0
3216,3.6,1339,22.0,1352,225,569,187.0,1990,1469,40.6,18.2,1.368,2004,7,22,18,0,0,0,0,1,0,0,0
3217,4.0,1342,23.0,1377,261,567,181.0,2017,1515,37.1,21.3,1.3223,2004,7,22,19,0,0,0,0,1,0,0,0
3218,3.7,1317,21.1,1327,228,575,158.0,1996,1510,34.5,25.5,1.368,2004,7,22,20,0,0,0,0,1,0,0,0
3219,2.5,1210,15.0,1148,137,639,112.0,1849,1327,32.2,30.4,1.4433,2004,7,22,21,0,0,0,0,1,0,0,0
3220,2.3,1220,13.6,1105,116,643,100.0,1838,1318,30.4,35.4,1.5144,2004,7,22,22,0,0,0,0,1,0,0,0
3221,2.5,1276,14.6,1135,143,625,105.0,1887,1436,29.4,38.7,1.5581,2004,7,22,23,0,0,0,0,1,0,0,0
3222,2.7,1270,16.3,1189,157,592,107.0,1917,1608,28.6,38.7,1.4921,2004,7,23,0,0,0,0,0,0,1,0,0
3223,1.3,1053,8.8,933,72,743,72.0,1658,1257,27.7,40.5,1.4835,2004,7,23,1,0,0,0,0,0,1,0,0
3224,0.8,956,6.0,813,42,846,59.0,1544,1094,28.0,39.8,1.4803,2004,7,23,2,0,0,0,0,0,1,0,0
3225,0.9,954,5.5,790,38,826,57.0,1564,1066,24.8,48.5,1.4953,2004,7,23,3,0,0,0,0,0,1,0,0
3226,0.5,912,3.9,706,34,891,55.0,1500,1022,25.6,45.8,1.4801,2004,7,23,4,0,0,0,0,0,1,0,0
3227,0.8,973,5.8,802,74,806,70.0,1597,1139,23.6,51.5,1.4852,2004,7,23,5,0,0,0,0,0,1,0,0
3228,1.0,1037,8.2,906,75,743,59.0,1707,1158,25.1,46.5,1.4615,2004,7,23,6,0,0,0,0,0,1,0,0
3229,2.9,1306,20.1,1299,199,519,95.0,2116,1602,24.5,48.3,1.4593,2004,7,23,7,0,0,0,0,0,1,0,0
3230,3.8,1367,25.5,1441,262,470,120.0,2283,1770,26.6,42.8,1.4675,2004,7,23,8,0,0,0,0,0,1,0,0
3231,3.5,1335,21.6,1340,236,519,133.0,2141,1651,29.0,37.6,1.4866,2004,7,23,9,0,0,0,0,0,1,0,0
3232,2.4,1250,15.5,1166,186,626,133.0,1925,1435,34.2,28.5,1.5071,2004,7,23,10,0,0,0,0,0,1,0,0
3233,1.8,1142,11.2,1021,132,712,120.0,1670,1159,37.3,22.9,1.4369,2004,7,23,11,0,0,0,0,0,1,0,0
3234,2.1,1168,15.4,1160,140,671,132.0,1784,1193,40.1,17.5,1.2721,2004,7,23,12,0,0,0,0,0,1,0,0
3235,2.1,1125,14.6,1137,143,691,135.0,1696,1094,42.2,14.6,1.192,2004,7,23,13,0,0,0,0,0,1,0,0
3236,1.5,1083,12.5,1066,99,725,121.0,1621,912,41.9,15.2,1.2173,2004,7,23,14,0,0,0,0,0,1,0,0
3237,1.5,1080,12.3,1059,107,733,123.0,1622,908,43.1,13.8,1.1803,2004,7,23,15,0,0,0,0,0,1,0,0
3238,1.8,1085,13.2,1091,130,723,129.0,1638,1010,42.8,13.8,1.1681,2004,7,23,16,0,0,0,0,0,1,0,0
3239,2.1,1115,14.7,1140,133,682,129.0,1746,1020,41.1,16.5,1.2701,2004,7,23,17,0,0,0,0,0,1,0,0
3240,3.0,1259,19.9,1295,188,600,156.0,1990,1280,38.7,20.3,1.3743,2004,7,23,18,0,0,0,0,0,1,0,0
3241,2.8,1241,19.1,1271,155,606,131.0,1971,1287,35.8,24.1,1.3924,2004,7,23,19,0,0,0,0,0,1,0,0
3242,2.5,1156,14.8,1144,154,651,115.0,1832,1216,33.1,28.3,1.4121,2004,7,23,20,0,0,0,0,0,1,0,0
3243,1.4,1055,8.6,922,95,784,79.0,1634,990,30.1,33.9,1.4257,2004,7,23,21,0,0,0,0,0,1,0,0
3244,1.7,1144,11.0,1014,110,712,86.0,1744,1146,29.0,36.6,1.4431,2004,7,23,22,0,0,0,0,0,1,0,0
3245,1.8,1169,13.0,1084,116,655,91.0,1831,1273,28.5,38.4,1.468,2004,7,23,23,0,0,0,0,0,1,0,0
3246,2.4,1195,15.2,1156,153,621,99.0,1897,1346,27.8,39.9,1.4682,2004,7,24,0,1,0,0,0,0,0,1,0
3247,1.9,1158,12.1,1052,111,649,83.0,1785,1353,27.0,42.8,1.503,2004,7,24,1,1,0,0,0,0,0,1,0
3248,1.4,1075,9.9,973,79,695,74.0,1748,1231,26.4,44.5,1.5119,2004,7,24,2,1,0,0,0,0,0,1,0
3249,0.8,973,6.0,810,63,820,69.0,1599,1002,25.8,46.6,1.5269,2004,7,24,3,1,0,0,0,0,0,1,0
3250,0.7,989,6.3,825,47,774,64.0,1602,1126,25.1,48.5,1.5266,2004,7,24,4,1,0,0,0,0,0,1,0
3251,0.8,967,5.5,789,61,810,61.0,1597,995,24.6,52.2,1.5881,2004,7,24,5,1,0,0,0,0,0,1,0
3252,0.7,968,5.8,803,56,806,62.0,1586,1003,24.4,50.5,1.5243,2004,7,24,6,1,0,0,0,0,0,1,0
3253,1.0,1062,8.1,902,69,733,65.0,1715,1055,25.2,49.1,1.5546,2004,7,24,7,1,0,0,0,0,0,1,0
3254,1.7,1143,10.0,979,109,677,79.0,1829,1156,26.6,50.8,1.7419,2004,7,24,8,1,0,0,0,0,0,1,0
3255,1.9,1152,9.9,976,111,672,90.0,1800,1179,28.0,46.9,1.748,2004,7,24,9,1,0,0,0,0,0,1,0
3256,2.3,1238,13.1,1088,150,636,116.0,1883,1306,32.7,34.5,1.6798,2004,7,24,10,1,0,0,0,0,0,1,0
3257,1.7,1103,9.2,946,87,737,89.0,1686,934,36.6,26.5,1.599,2004,7,24,11,1,0,0,0,0,0,1,0
3258,1.3,1043,6.7,843,64,799,68.0,1628,689,37.8,26.3,1.6951,2004,7,24,12,1,0,0,0,0,0,1,0
3259,1.2,1058,6.5,833,47,804,53.0,1623,626,38.3,27.1,1.797,2004,7,24,13,1,0,0,0,0,0,1,0
3260,0.8,960,3.4,676,34,983,34.0,1488,488,35.4,32.4,1.837,2004,7,24,14,1,0,0,0,0,0,1,0
3261,0.9,972,3.8,699,37,982,38.0,1505,495,37.3,28.8,1.8087,2004,7,24,15,1,0,0,0,0,0,1,0
3262,1.1,1012,5.2,775,49,899,53.0,1547,562,36.6,28.2,1.697,2004,7,24,16,1,0,0,0,0,0,1,0
3263,1.2,1021,6.0,814,54,858,62.0,1545,615,35.1,29.6,1.6452,2004,7,24,17,1,0,0,0,0,0,1,0
3264,1.3,1034,6.0,812,70,866,82.0,1563,660,32.3,33.4,1.59,2004,7,24,18,1,0,0,0,0,0,1,0
3265,1.4,1026,5.6,791,76,875,88.0,1549,664,29.9,37.9,1.5745,2004,7,24,19,1,0,0,0,0,0,1,0
3266,1.2,966,4.4,735,59,932,70.0,1494,567,28.2,41.9,1.5776,2004,7,24,20,1,0,0,0,0,0,1,0
3267,0.9,948,3.7,697,44,983,53.0,1475,506,27.2,45.9,1.6316,2004,7,24,21,1,0,0,0,0,0,1,0
3268,1.1,984,5.0,762,47,870,57.0,1557,560,27.3,45.7,1.6308,2004,7,24,22,1,0,0,0,0,0,1,0
3269,1.5,1077,7.1,859,71,790,73.0,1673,724,27.0,47.1,1.6573,2004,7,24,23,1,0,0,0,0,0,1,0
3270,1.7,1163,7.9,893,90,706,83.0,1760,977,23.7,69.3,2.0042,2004,7,25,0,1,0,0,0,0,0,0,1
3271,0.9,965,3.7,692,45,927,52.0,1549,653,23.8,63.5,1.8495,2004,7,25,1,1,0,0,0,0,0,0,1
3272,0.7,941,3.6,687,44,949,52.0,1530,642,24.7,56.9,1.739,2004,7,25,2,1,0,0,0,0,0,0,1
3273,0.4,851,2.1,589,29,1119,39.0,1432,501,25.0,53.1,1.6541,2004,7,25,3,1,0,0,0,0,0,0,1
3274,0.35,870,2.0,581,15,1119,26.0,1463,450,24.1,59.6,1.7657,2004,7,25,4,1,0,0,0,0,0,0,1
3275,0.3,834,1.3,527,10,1242,17.0,1458,427,22.5,69.1,1.8578,2004,7,25,5,1,0,0,0,0,0,0,1
3276,0.4,859,1.7,561,19,1162,28.0,1476,470,23.4,64.4,1.835,2004,7,25,6,1,0,0,0,0,0,0,1
3277,0.4,843,1.5,544,20,1242,29.0,1442,447,24.4,57.9,1.7476,2004,7,25,7,1,0,0,0,0,0,0,1
3278,0.5,851,1.6,551,30,1224,37.0,1443,463,24.5,56.9,1.7225,2004,7,25,8,1,0,0,0,0,0,0,1
3279,0.5,853,1.7,557,24,1215,31.0,1435,454,24.9,54.8,1.7063,2004,7,25,9,1,0,0,0,0,0,0,1
3280,0.7,908,2.7,632,35,1095,46.0,1494,500,27.0,47.4,1.6661,2004,7,25,10,1,0,0,0,0,0,0,1
3281,0.9,928,3.6,687,48,1025,66.0,1491,528,27.6,43.7,1.5877,2004,7,25,11,1,0,0,0,0,0,0,1
3282,0.8,905,3.0,652,41,1076,54.0,1446,490,28.2,42.6,1.6062,2004,7,25,12,1,0,0,0,0,0,0,1
3283,0.8,901,2.9,646,37,1105,50.0,1446,488,29.1,40.8,1.6203,2004,7,25,13,1,0,0,0,0,0,0,1
3284,0.7,869,2.5,619,32,1163,44.0,1417,475,29.8,38.6,1.5911,2004,7,25,14,1,0,0,0,0,0,0,1
3285,0.8,891,3.1,655,43,1107,52.0,1452,486,31.5,34.5,1.5666,2004,7,25,15,1,0,0,0,0,0,0,1
3286,0.7,855,2.3,606,28,1214,37.0,1403,438,31.2,36.3,1.6217,2004,7,25,16,1,0,0,0,0,0,0,1
3287,0.8,911,3.0,654,38,1102,51.0,1466,477,30.0,41.3,1.7259,2004,7,25,17,1,0,0,0,0,0,0,1
3288,1.2,989,4.0,713,72,954,78.0,1552,626,27.6,47.5,1.7266,2004,7,25,18,1,0,0,0,0,0,0,1
3289,1.6,1048,6.3,826,89,853,90.0,1637,747,28.8,41.3,1.6164,2004,7,25,19,1,0,0,0,0,0,0,1
3290,1.6,1049,6.6,839,103,846,110.0,1636,858,28.5,41.6,1.5959,2004,7,25,20,1,0,0,0,0,0,0,1
3291,1.5,1035,7.3,868,77,833,86.0,1653,775,27.7,43.4,1.5833,2004,7,25,21,1,0,0,0,0,0,0,1
3292,1.5,1034,6.8,850,84,831,88.0,1643,803,27.3,44.1,1.5751,2004,7,25,22,1,0,0,0,0,0,0,1
3293,1.5,1022,6.3,826,82,857,91.0,1627,777,26.9,45.5,1.5926,2004,7,25,23,1,0,0,0,0,0,0,1
3294,1.5,1007,5.9,809,81,876,93.0,1611,770,26.6,47.2,1.616,2004,7,26,0,0,1,0,0,0,0,0,0
3295,1.2,945,4.8,755,50,935,68.0,1553,663,26.0,48.0,1.5882,2004,7,26,1,0,1,0,0,0,0,0,0
3296,0.8,880,2.9,649,30,1056,48.0,1465,529,26.2,45.7,1.5324,2004,7,26,2,0,1,0,0,0,0,0,0
3297,0.8,837,2.2,597,22,1129,35.0,1414,478,25.9,46.3,1.524,2004,7,26,3,0,1,0,0,0,0,0,0
3298,0.8,822,1.8,569,14,1204,22.0,1396,429,25.6,46.8,1.5111,2004,7,26,4,0,1,0,0,0,0,0,0
3299,0.8,860,2.5,623,51,1097,59.0,1466,552,25.3,47.6,1.5159,2004,7,26,5,0,1,0,0,0,0,0,0
3300,0.8,1023,6.8,847,120,830,102.0,1663,916,25.4,48.5,1.5507,2004,7,26,6,0,1,0,0,0,0,0,0
3301,0.8,1150,11.2,1020,180,686,116.0,1842,1169,26.5,46.3,1.5768,2004,7,26,7,0,1,0,0,0,0,0,0
3302,0.8,1088,9.7,965,168,734,109.0,1744,1049,27.9,42.7,1.5754,2004,7,26,8,0,1,0,0,0,0,0,0
3303,0.8,993,7.2,866,111,832,98.0,1637,823,28.8,38.9,1.5184,2004,7,26,9,0,1,0,0,0,0,0,0
3304,0.8,962,6.8,849,111,861,97.0,1559,804,31.7,31.5,1.4487,2004,7,26,10,0,1,0,0,0,0,0,0
3305,0.8,974,8.1,905,97,838,97.0,1596,805,33.9,26.9,1.3964,2004,7,26,11,0,1,0,0,0,0,0,0
3306,0.8,998,8.3,913,90,834,90.0,1635,826,34.7,26.5,1.4408,2004,7,26,12,0,1,0,0,0,0,0,0
3307,0.8,964,8.6,923,87,834,92.0,1590,782,35.4,24.8,1.4017,2004,7,26,13,0,1,0,0,0,0,0,0
3308,0.8,903,5.3,780,67,975,76.0,1464,593,35.2,24.1,1.351,2004,7,26,14,0,1,0,0,0,0,0,0
3309,0.8,973,8.1,903,84,866,97.0,1563,698,36.3,22.8,1.3564,2004,7,26,15,0,1,0,0,0,0,0,0
3310,0.8,976,8.2,907,86,867,101.0,1546,719,35.4,23.8,1.3443,2004,7,26,16,0,1,0,0,0,0,0,0
3311,0.8,1026,12.0,1048,124,767,118.0,1651,912,34.6,23.5,1.2691,2004,7,26,17,0,1,0,0,0,0,0,0
3312,0.8,1163,17.6,1227,144,659,129.0,1931,1129,33.0,28.2,1.3921,2004,7,26,18,0,1,0,0,0,0,0,0
3313,0.8,1082,14.5,1134,130,709,131.0,1763,1089,32.5,27.9,1.3373,2004,7,26,19,0,1,0,0,0,0,0,0
3314,0.8,1029,11.8,1042,122,756,130.0,1697,1062,30.5,29.9,1.2875,2004,7,26,20,0,1,0,0,0,0,0,0
3315,0.8,991,9.4,953,82,815,106.0,1616,924,29.1,33.1,1.3126,2004,7,26,21,0,1,0,0,0,0,0,0
3316,0.8,950,7.0,856,62,881,92.0,1549,780,28.4,35.8,1.3665,2004,7,26,22,0,1,0,0,0,0,0,0
3317,0.8,997,8.0,898,65,813,97.0,1613,856,27.7,37.9,1.3842,2004,7,26,23,0,1,0,0,0,0,0,0
3318,0.8,912,6.0,810,52,873,80.0,1511,861,28.3,35.5,1.3414,2004,7,27,0,0,0,1,0,0,0,0,0
3319,0.8,861,4.3,729,22,942,40.0,1479,684,27.1,38.6,1.3632,2004,7,27,1,0,0,1,0,0,0,0,0
3320,0.8,838,4.1,719,27,949,49.0,1466,707,25.8,40.9,1.3377,2004,7,27,2,0,0,1,0,0,0,0,0
3321,0.8,784,2.0,587,28,1128,47.5,1392,554,26.0,40.6,1.3467,2004,7,27,3,0,0,1,0,0,0,0,0
3322,0.8,800,2.4,615,29,1064,46.0,1396,614,24.6,43.4,1.3248,2004,7,27,4,0,0,1,0,0,0,0,0
3323,0.8,825,2.7,634,29,1035,37.0,1402,606,25.1,42.3,1.326,2004,7,27,5,0,0,1,0,0,0,0,0
3324,0.8,996,6.9,853,135,796,92.0,1621,1023,23.1,48.8,1.3638,2004,7,27,6,0,0,1,0,0,0,0,0
3325,0.8,1086,9.2,947,181,724,115.0,1724,1134,24.7,46.8,1.4337,2004,7,27,7,0,0,1,0,0,0,0,0
3326,0.8,1041,9.6,962,119,728,102.0,1694,936,24.6,45.1,1.3714,2004,7,27,8,0,0,1,0,0,0,0,0
3327,0.8,991,9.1,944,116,765,104.0,1608,868,26.2,38.5,1.2932,2004,7,27,9,0,0,1,0,0,0,0,0
3328,0.8,999,9.3,953,143,780,109.0,1600,879,29.3,31.0,1.2445,2004,7,27,10,0,0,1,0,0,0,0,0
3329,0.8,981,8.5,918,126,839,108.0,1572,785,31.2,26.6,1.192,2004,7,27,11,0,0,1,0,0,0,0,0
3330,0.8,926,6.9,853,94,894,90.0,1478,651,31.1,26.2,1.1619,2004,7,27,12,0,0,1,0,0,0,0,0
3331,0.8,939,6.9,853,96,890,81.0,1528,679,31.7,26.4,1.2153,2004,7,27,13,0,0,1,0,0,0,0,0
3332,0.8,915,6.4,828,90,928,87.0,1474,630,31.7,25.6,1.179,2004,7,27,14,0,0,1,0,0,0,0,0
3333,0.8,883,6.2,820,93,942,82.0,1413,594,32.6,22.5,1.0901,2004,7,27,15,0,0,1,0,0,0,0,0
3334,0.8,926,7.3,869,101,925,99.0,1470,655,32.8,22.2,1.0835,2004,7,27,16,0,0,1,0,0,0,0,0
3335,0.8,989,10.7,1004,123,818,119.0,1577,783,32.4,22.4,1.0701,2004,7,27,17,0,0,1,0,0,0,0,0
3336,0.8,1003,11.9,1045,136,781,128.0,1602,865,31.4,22.7,1.027,2004,7,27,18,0,0,1,0,0,0,0,0
3337,0.8,933,10.6,1001,109,819,111.0,1536,776,28.4,24.7,0.9404,2004,7,27,19,0,0,1,0,0,0,0,0
3338,0.8,912,9.3,951,124,846,114.0,1479,861,27.7,24.2,0.882,2004,7,27,20,0,0,1,0,0,0,0,0
3339,0.8,888,6.7,843,82,892,100.0,1438,729,26.1,28.3,0.9456,2004,7,27,21,0,0,1,0,0,0,0,0
3340,0.8,858,7.2,866,69,874,88.0,1421,715,25.3,28.4,0.9041,2004,7,27,22,0,0,1,0,0,0,0,0
3341,0.8,837,5.9,809,60,940,78.0,1355,615,25.2,27.7,0.874,2004,7,27,23,0,0,1,0,0,0,0,0
3342,0.8,902,8.7,929,90,835,101.0,1482,824,24.5,28.0,0.8489,2004,7,28,0,0,0,0,1,0,0,0,0
3343,0.8,860,6.8,847,58,873,77.0,1426,748,23.6,31.9,0.9195,2004,7,28,1,0,0,0,1,0,0,0,0
3344,0.8,794,3.8,698,53,999,78.0,1336,767,22.8,34.7,0.9514,2004,7,28,2,0,0,0,1,0,0,0,0
3345,0.8,742,2.2,602,49,1156,71.5,1283,513,23.6,33.2,0.9577,2004,7,28,3,0,0,0,1,0,0,0,0
3346,0.8,779,3.2,663,45,1022,65.0,1337,671,20.5,41.2,0.9802,2004,7,28,4,0,0,0,1,0,0,0,0
3347,0.8,798,3.9,706,61,977,74.0,1363,798,20.6,41.5,0.9982,2004,7,28,5,0,0,0,1,0,0,0,0
3348,0.8,851,6.3,827,76,875,83.0,1449,912,20.2,42.5,0.9949,2004,7,28,6,0,0,0,1,0,0,0,0
3349,0.8,1048,13.6,1105,144,670,96.0,1726,1151,20.9,40.4,0.9884,2004,7,28,7,0,0,0,1,0,0,0,0
3350,0.8,1210,26.7,1472,221,515,120.0,2112,1525,22.4,38.0,1.0201,2004,7,28,8,0,0,0,1,0,0,0,0
3351,0.8,1172,22.8,1372,282,575,147.0,1964,1465,26.0,29.7,0.9831,2004,7,28,9,0,0,0,1,0,0,0,0
3352,0.8,1026,16.2,1186,235,719,148.0,1662,1138,31.4,18.6,0.8398,2004,7,28,10,0,0,0,1,0,0,0,0
3353,0.8,914,10.4,994,113,872,91.0,1481,763,34.2,15.8,0.8371,2004,7,28,11,0,0,0,1,0,0,0,0
3354,0.8,938,11.3,1025,93,829,94.0,1517,753,35.4,15.3,0.8649,2004,7,28,12,0,0,0,1,0,0,0,0
3355,0.8,908,9.6,962,88,877,95.0,1409,665,34.6,15.5,0.8435,2004,7,28,13,0,0,0,1,0,0,0,0
3356,0.8,892,7.8,889,87,909,92.0,1383,597,33.9,16.2,0.8454,2004,7,28,14,0,0,0,1,0,0,0,0
3357,0.8,949,10.7,1003,109,830,113.0,1473,730,35.3,15.0,0.8463,2004,7,28,15,0,0,0,1,0,0,0,0
3358,0.8,956,10.8,1007,106,838,111.0,1464,730,36.8,13.7,0.8335,2004,7,28,16,0,0,0,1,0,0,0,0
3359,0.8,1070,17.3,1218,182,704,166.0,1697,1108,34.4,16.4,0.8761,2004,7,28,17,0,0,0,1,0,0,0,0
3360,0.8,1103,17.7,1232,163,679,154.5,1732,1085,35.3,16.8,0.9448,2004,7,28,18,0,0,0,1,0,0,0,0
3361,0.8,1074,15.5,1166,144,687,143.0,1713,1013,32.3,20.7,0.9875,2004,7,28,19,0,0,0,1,0,0,0,0
3362,0.8,1086,13.6,1105,144,710,131.0,1682,1109,29.6,26.1,1.0682,2004,7,28,20,0,0,0,1,0,0,0,0
3363,0.8,960,9.6,964,84,780,102.0,1532,913,28.6,27.2,1.048,2004,7,28,21,0,0,0,1,0,0,0,0
3364,0.8,974,9.5,958,74,783,94.0,1528,908,27.6,27.4,0.9926,2004,7,28,22,0,0,0,1,0,0,0,0
3365,0.8,939,8.5,918,80,805,96.0,1472,923,26.3,29.0,0.9807,2004,7,28,23,0,0,0,1,0,0,0,0
3366,0.8,954,9.0,940,78,776,88.0,1518,959,25.4,30.1,0.9602,2004,7,29,0,0,0,0,0,1,0,0,0
3367,0.8,925,7.8,890,50,808,72.0,1480,898,24.7,32.1,0.9878,2004,7,29,1,0,0,0,0,1,0,0,0
3368,0.8,797,2.6,624,18,1074,33.0,1276,546,25.7,30.9,1.0048,2004,7,29,2,0,0,0,0,1,0,0,0
3369,0.8,787,2.4,610,19,1087,33.0,1259,543,25.1,32.6,1.0203,2004,7,29,3,0,0,0,0,1,0,0,0
3370,0.8,774,1.9,577,21,1158,33.0,1265,488,23.9,34.4,1.0079,2004,7,29,4,0,0,0,0,1,0,0,0
3371,0.8,838,3.7,693,62,995,60.0,1371,704,21.4,40.3,1.0157,2004,7,29,5,0,0,0,0,1,0,0,0
3372,0.8,918,7.1,860,74,807,72.0,1488,943,21.2,41.2,1.0246,2004,7,29,6,0,0,0,0,1,0,0,0
3373,0.8,1125,16.6,1199,171,601,97.0,1850,1304,21.6,40.9,1.0468,2004,7,29,7,0,0,0,0,1,0,0,0
3374,0.8,1281,26.6,1469,287,491,136.0,2179,1669,24.0,36.6,1.0763,2004,7,29,8,0,0,0,0,1,0,0,0
3375,0.8,1145,17.9,1238,230,600,140.0,1809,1507,26.8,29.5,1.0209,2004,7,29,9,0,0,0,0,1,0,0,0
3376,0.8,1088,17.9,1238,261,654,171.0,1709,1359,31.8,19.4,0.8936,2004,7,29,10,0,0,0,0,1,0,0,0
3377,0.8,1043,14.0,1117,178,742,150.0,1586,1076,34.4,16.6,0.8892,2004,7,29,11,0,0,0,0,1,0,0,0
3378,0.8,998,10.1,981,116,786,117.0,1480,797,35.3,16.7,0.9402,2004,7,29,12,0,0,0,0,1,0,0,0
3379,0.8,998,9.5,958,96,800,106.0,1484,677,36.4,16.8,1.0033,2004,7,29,13,0,0,0,0,1,0,0,0
3380,0.8,960,7.1,860,83,887,95.0,1417,559,34.8,19.5,1.0667,2004,7,29,14,0,0,0,0,1,0,0,0
3381,0.8,1062,12.3,1060,120,725,137.0,1601,830,38.6,16.1,1.0853,2004,7,29,15,0,0,0,0,1,0,0,0
3382,0.8,1050,11.7,1039,108,756,129.0,1558,734,38.5,16.5,1.1037,2004,7,29,16,0,0,0,0,1,0,0,0
3383,0.8,1096,12.8,1078,115,713,135.0,1600,801,37.4,18.1,1.1467,2004,7,29,17,0,0,0,0,1,0,0,0
3384,0.8,1081,14.0,1117,102,689,127.0,1668,828,35.7,19.8,1.1399,2004,7,29,18,0,0,0,0,1,0,0,0
3385,0.8,1096,13.9,1112,118,687,122.0,1694,865,32.0,24.9,1.1663,2004,7,29,19,0,0,0,0,1,0,0,0
3386,0.8,1051,11.7,1039,107,720,118.0,1641,916,29.7,28.1,1.1544,2004,7,29,20,0,0,0,0,1,0,0,0
3387,0.8,1106,13.8,1109,129,658,135.0,1752,1106,28.5,32.1,1.2296,2004,7,29,21,0,0,0,0,1,0,0,0
3388,0.8,1177,14.8,1142,133,601,134.0,1868,1226,27.6,40.5,1.4715,2004,7,29,22,0,0,0,0,1,0,0,0
3389,0.8,1111,11.9,1046,98,651,105.0,1754,1106,26.3,45.6,1.5349,2004,7,29,23,0,0,0,0,1,0,0,0
3390,0.8,1083,11.1,1019,110,677,104.0,1720,1087,25.7,46.1,1.5025,2004,7,30,0,0,0,0,0,0,1,0,0
3391,0.8,1005,8.0,900,62,747,81.0,1620,1000,25.1,46.3,1.4486,2004,7,30,1,0,0,0,0,0,1,0,0
3392,0.8,942,5.6,791,55,841,69.0,1551,859,23.5,51.3,1.467,2004,7,30,2,0,0,0,0,0,1,0,0
3393,0.8,907,7.1,863,45,782,60.0,1669,919,23.1,52.1,1.4518,2004,7,30,3,0,0,0,0,0,1,0,0
3394,0.8,867,3.5,680,35,932,51.0,1477,777,23.7,51.2,1.4795,2004,7,30,4,0,0,0,0,0,1,0,0
3395,0.8,882,4.1,716,52,894,52.0,1494,790,23.0,52.2,1.4516,2004,7,30,5,0,0,0,0,0,1,0,0
3396,0.8,894,4.9,761,36,862,48.0,1504,768,23.0,49.9,1.3849,2004,7,30,6,0,0,0,0,0,1,0,0
3397,0.8,1263,19.4,1279,182,559,105.0,2132,1388,23.0,50.9,1.4105,2004,7,30,7,0,0,0,0,0,1,0,0
3398,0.8,1380,26.3,1463,297,470,150.0,2322,1691,24.4,49.3,1.4814,2004,7,30,8,0,0,0,0,0,1,0,0
3399,0.8,1333,22.0,1350,237,511,160.0,2186,1655,26.8,46.6,1.6157,2004,7,30,9,0,0,0,0,0,1,0,0
3400,0.8,1264,18.1,1244,235,584,167.0,1972,1496,32.2,32.6,1.5412,2004,7,30,10,0,0,0,0,0,1,0,0
3401,0.8,1115,12.1,1053,158,686,141.0,1722,1086,34.8,26.0,1.4241,2004,7,30,11,0,0,0,0,0,1,0,0
3402,0.8,1078,9.4,956,89,742,104.0,1628,763,36.1,24.8,1.4628,2004,7,30,12,0,0,0,0,0,1,0,0
3403,0.8,1055,10.1,980,80,742,101.0,1610,688,37.7,21.8,1.3977,2004,7,30,13,0,0,0,0,0,1,0,0
3404,0.8,1031,10.5,995,93,752,118.0,1580,694,36.9,21.8,1.3384,2004,7,30,14,0,0,0,0,0,1,0,0
3405,0.8,1033,10.8,1006,96,749,121.0,1564,725,39.1,18.7,1.2884,2004,7,30,15,0,0,0,0,0,1,0,0
3406,0.8,1043,9.6,962,98,777,124.0,1554,686,39.3,18.9,1.318,2004,7,30,16,0,0,0,0,0,1,0,0
3407,0.8,1118,13.0,1084,104,684,127.0,1723,838,38.2,21.8,1.4312,2004,7,30,17,0,0,0,0,0,1,0,0
3408,0.8,1137,15.5,1165,121,649,137.0,1840,974,36.6,23.3,1.4042,2004,7,30,18,0,0,0,0,0,1,0,0
3409,0.8,1153,16.5,1194,116,628,137.0,1874,1038,33.3,28.7,1.4454,2004,7,30,19,0,0,0,0,0,1,0,0
3410,0.8,1145,14.5,1134,121,647,135.0,1828,1108,30.9,34.2,1.5064,2004,7,30,20,0,0,0,0,0,1,0,0
3411,0.8,1149,13.2,1092,114,667,118.0,1808,1135,29.1,38.9,1.5384,2004,7,30,21,0,0,0,0,0,1,0,0
3412,0.8,1149,14.8,1143,112,620,111.0,1827,1143,28.1,40.3,1.5086,2004,7,30,22,0,0,0,0,0,1,0,0
3413,0.8,1052,10.7,1002,81,716,85.0,1667,908,27.0,41.6,1.4596,2004,7,30,23,0,0,0,0,0,1,0,0
3414,0.8,993,8.55,917,220,762,158.0,1616,843,26.35,44.2,1.4912999999999998,2004,7,31,0,1,0,0,0,0,0,1,0
3415,0.8,935,6.4,832,81,809,77.0,1566,778,25.7,46.8,1.523,2004,7,31,1,1,0,0,0,0,0,1,0
3416,0.8,935,5.5,787,43,864,56.0,1588,728,25.1,51.1,1.6044,2004,7,31,2,1,0,0,0,0,0,1,0
3417,0.8,930,5.2,772,34,854,46.5,1613,728,23.7,56.5,1.6341,2004,7,31,3,1,0,0,0,0,0,1,0
3418,0.8,880,3.9,704,26,913,37.0,1529,676,23.8,55.3,1.6068,2004,7,31,4,1,0,0,0,0,0,1,0
3419,0.8,916,4.7,748,40,878,49.0,1559,742,23.7,54.6,1.5823,2004,7,31,5,1,0,0,0,0,0,1,0
3420,1.2,975,7.3,871,72,771,71.0,1666,942,22.6,58.8,1.5903,2004,7,31,6,1,0,0,0,0,0,1,0
3421,1.0,948,6.4,829,68,801,71.0,1600,926,24.0,53.4,1.5748,2004,7,31,7,1,0,0,0,0,0,1,0
3422,1.5,1069,9.2,947,89,728,86.0,1763,1039,25.2,51.0,1.6131,2004,7,31,8,1,0,0,0,0,0,1,0
3423,2.8,1210,12.5,1067,151,642,125.0,1879,1158,27.3,47.1,1.6807,2004,7,31,9,1,0,0,0,0,0,1,0
3424,3.4,1272,15.7,1170,215,620,160.0,1957,1347,32.8,33.4,1.633,2004,7,31,10,1,0,0,0,0,0,1,0
3425,3.3,1240,15.9,1175,196,614,174.0,1895,1262,36.0,28.0,1.6304,2004,7,31,11,1,0,0,0,0,0,1,0
3426,2.9,1171,14.6,1135,161,654,146.0,1797,1073,38.5,23.8,1.5944,2004,7,31,12,1,0,0,0,0,0,1,0
3427,2.2,1072,11.7,1039,120,745,127.0,1611,817,39.8,20.5,1.4687,2004,7,31,13,1,0,0,0,0,0,1,0
3428,1.6,970,7.4,873,88,859,114.0,1423,606,38.1,22.0,1.4402,2004,7,31,14,1,0,0,0,0,0,1,0
3429,0.9,938,6.1,816,38,917,65.0,1418,506,40.0,20.0,1.4517,2004,7,31,15,1,0,0,0,0,0,1,0
3430,1.1,976,6.9,852,47,866,77.0,1467,559,40.4,19.8,1.4724,2004,7,31,16,1,0,0,0,0,0,1,0
3431,1.0,958,6.2,820,40,886,68.0,1452,530,39.1,20.7,1.427,2004,7,31,17,1,0,0,0,0,0,1,0
3432,1.3,1014,8.1,903,58,816,92.0,1554,612,37.3,24.3,1.5222,2004,7,31,18,1,0,0,0,0,0,1,0
3433,1.6,1091,10.2,987,71,737,104.0,1711,774,34.0,30.9,1.6158,2004,7,31,19,1,0,0,0,0,0,1,0
3434,1.8,1080,10.7,1004,90,724,114.0,1704,899,31.8,34.5,1.5911,2004,7,31,20,1,0,0,0,0,0,1,0
3435,2.2,1128,13.0,1082,95,675,105.0,1817,1066,30.1,37.7,1.5799,2004,7,31,21,1,0,0,0,0,0,1,0
3436,1.8,1105,11.4,1027,85,684,85.0,1758,1040,28.6,42.3,1.6251,2004,7,31,22,1,0,0,0,0,0,1,0
3437,2.3,1141,13.3,1095,119,642,92.0,1816,1139,27.7,44.6,1.6304,2004,7,31,23,1,0,0,0,0,0,1,0
3438,2.0,1104,11.2,1020,106,681,82.0,1771,1086,26.6,47.5,1.6265,2004,8,1,0,1,0,0,0,0,0,0,1
3439,1.8,1065,9.8,970,77,698,70.0,1724,1049,25.7,50.7,1.6491,2004,8,1,1,1,0,0,0,0,0,0,1
3440,0.9,971,6.2,821,28,820,40.0,1637,811,25.1,53.9,1.689,2004,8,1,2,1,0,0,0,0,0,0,1
3441,0.5,891,3.6,691,24,941,33.0,1553,629,24.8,58.7,1.8089,2004,8,1,3,1,0,0,0,0,0,0,1
3442,0.6,936,4.0,713,21,883,26.0,1584,723,23.5,63.6,1.8223,2004,8,1,4,1,0,0,0,0,0,0,1
3443,0.4,845,2.6,625,17,993,21.0,1513,646,24.3,59.4,1.7838,2004,8,1,5,1,0,0,0,0,0,0,1
3444,0.4,872,2.6,627,24,997,30.0,1530,670,23.3,62.0,1.7547,2004,8,1,6,1,0,0,0,0,0,0,1
3445,0.4,903,2.9,648,19,975,21.0,1559,603,24.1,63.1,1.8619,2004,8,1,7,1,0,0,0,0,0,0,1
3446,0.8,971,4.2,722,39,876,35.0,1624,687,25.0,60.7,1.892,2004,8,1,8,1,0,0,0,0,0,0,1
3447,0.8,1006,5.5,789,46,824,36.0,1657,733,27.3,52.4,1.8707,2004,8,1,9,1,0,0,0,0,0,0,1
3448,0.9,1012,5.8,804,53,832,48.0,1638,766,32.4,37.3,1.7808,2004,8,1,10,1,0,0,0,0,0,0,1
3449,0.7,975,4.5,737,32,896,39.0,1531,621,35.4,31.3,1.7736,2004,8,1,11,1,0,0,0,0,0,0,1
3450,0.6,944,4.3,730,30,933,34.0,1495,560,37.4,28.2,1.7808,2004,8,1,12,1,0,0,0,0,0,0,1
3451,0.5,857,3.5,685,24,1055,33.0,1331,451,39.2,20.2,1.4104,2004,8,1,13,1,0,0,0,0,0,0,1
3452,0.6,824,3.5,683,34,1119,42.0,1270,393,38.1,18.5,1.2141,2004,8,1,14,1,0,0,0,0,0,0,1
3453,0.7,868,3.9,707,63,1063,85.0,1325,417,40.2,17.7,1.2989,2004,8,1,15,1,0,0,0,0,0,0,1
3454,0.9,908,4.7,748,69,1020,92.0,1373,451,39.7,19.1,1.3646,2004,8,1,16,1,0,0,0,0,0,0,1
3455,0.9,912,5.3,776,61,991,84.0,1379,461,38.5,19.8,1.326,2004,8,1,17,1,0,0,0,0,0,0,1
3456,1.2,986,6.4,830,73,906,100.0,1482,536,36.6,24.6,1.4872,2004,8,1,18,1,0,0,0,0,0,0,1
3457,1.4,1037,8.0,900,75,817,95.0,1584,619,33.1,32.7,1.62,2004,8,1,19,1,0,0,0,0,0,0,1
3458,1.5,1088,9.2,948,69,743,77.0,1667,766,30.7,38.7,1.678,2004,8,1,20,1,0,0,0,0,0,0,1
3459,1.7,1093,9.1,944,71,711,85.0,1655,785,29.5,42.7,1.7316,2004,8,1,21,1,0,0,0,0,0,0,1
3460,1.7,1142,9.1,945,73,682,83.0,1736,793,27.8,52.6,1.9398,2004,8,1,22,1,0,0,0,0,0,0,1
3461,1.7,1170,9.5,959,86,666,88.0,1798,838,27.4,55.5,1.9998,2004,8,1,23,1,0,0,0,0,0,0,1
3462,1.9,1142,9.1,945,65,672,68.0,1775,799,27.3,57.1,2.0426,2004,8,2,0,0,1,0,0,0,0,0,0
3463,1.2,986,5.0,762,74,821,97.0,1573,553,26.7,60.1,2.067,2004,8,2,1,0,1,0,0,0,0,0,0
3464,0.7,942,3.7,696,45,916,51.0,1542,465,26.2,61.6,2.0575,2004,8,2,2,0,1,0,0,0,0,0,0
3465,0.3,882,2.2,595,23,1097,28.0,1463,406,25.5,62.8,2.0236,2004,8,2,3,0,1,0,0,0,0,0,0
3466,0.2,854,1.6,553,2,1203,5.0,1418,396,25.5,61.8,1.9831,2004,8,2,4,0,1,0,0,0,0,0,0
3467,0.4,910,2.7,630,29,1061,35.0,1504,468,25.1,62.4,1.9602,2004,8,2,5,0,1,0,0,0,0,0,0
3468,0.8,1005,5.6,791,42,829,56.0,1650,638,24.6,62.7,1.9158,2004,8,2,6,0,1,0,0,0,0,0,0
3469,1.9,1193,13.0,1085,146,610,110.0,1947,1097,25.7,58.9,1.9156,2004,8,2,7,0,1,0,0,0,0,0,0
3470,1.9,1297,17.8,1233,154,544,117.0,2129,1248,27.1,54.4,1.9206,2004,8,2,8,0,1,0,0,0,0,0,0
3471,1.9,1180,11.5,1031,163,633,124.0,1866,1067,28.4,50.7,1.9329,2004,8,2,9,0,1,0,0,0,0,0,0
3472,1.9,1134,11.1,1017,144,689,115.0,1774,964,32.7,36.9,1.7953,2004,8,2,10,0,1,0,0,0,0,0,0
3473,1.9,1113,11.0,1013,125,702,119.0,1781,903,34.0,32.7,1.7146,2004,8,2,11,0,1,0,0,0,0,0,0
3474,1.7,1084,10.7,1004,90,706,107.0,1761,839,35.6,29.2,1.6684,2004,8,2,12,0,1,0,0,0,0,0,0
3475,1.4,1009,8.5,921,76,778,99.0,1635,692,37.1,25.6,1.5868,2004,8,2,13,0,1,0,0,0,0,0,0
3476,1.2,1002,8.7,928,73,798,95.0,1636,629,36.1,26.4,1.5505,2004,8,2,14,0,1,0,0,0,0,0,0
3477,1.4,1007,9.4,956,73,763,105.0,1654,666,37.9,23.8,1.5392,2004,8,2,15,0,1,0,0,0,0,0,0
3478,1.4,996,9.5,959,80,779,117.0,1636,684,38.0,22.2,1.4483,2004,8,2,16,0,1,0,0,0,0,0,0
3479,1.9,1050,12.9,1082,121,705,157.0,1731,816,36.9,22.7,1.3887,2004,8,2,17,0,1,0,0,0,0,0,0
3480,2.2,1100,13.7,1107,129,676,173.0,1801,876,35.5,25.7,1.4626,2004,8,2,18,0,1,0,0,0,0,0,0
3481,1.9,1085,12.2,1057,103,689,139.0,1775,836,32.8,32.2,1.5779,2004,8,2,19,0,1,0,0,0,0,0,0
3482,1.7,1079,11.8,1042,87,697,116.0,1773,846,30.5,38.2,1.6376,2004,8,2,20,0,1,0,0,0,0,0,0
3483,1.2,1086,9.9,974,58,707,91.0,1733,795,28.8,43.5,1.6989,2004,8,2,21,0,1,0,0,0,0,0,0
3484,0.3,1092,10.7,1005,64,669,98.0,1746,836,28.0,46.2,1.721,2004,8,2,22,0,1,0,0,0,0,0,0
3485,0.1,1097,9.4,956,58,708,93.0,1724,818,27.1,49.4,1.7398,2004,8,2,23,0,1,0,0,0,0,0,0
3486,0.1,1075,8.1,904,44,720,74.0,1692,777,26.4,52.2,1.7708,2004,8,3,0,0,0,1,0,0,0,0,0
3487,0.1077922077922078,1008,6.6,838,28,774,50.0,1640,733,26.2,52.3,1.7561,2004,8,3,1,0,0,1,0,0,0,0,0
3488,0.1155844155844156,895,3.3,672,19,941,36.0,1469,703,27.1,47.4,1.6809,2004,8,3,2,0,0,1,0,0,0,0,0
3489,0.12337662337662339,838,1.7,559,33,1186,45.5,1428,559,28.0,45.2,1.6832,2004,8,3,3,0,0,1,0,0,0,0,0
3490,0.13116883116883118,866,2.3,603,48,1077,55.0,1459,589,25.8,50.9,1.6605,2004,8,3,4,0,0,1,0,0,0,0,0
3491,0.13896103896103895,872,2.5,617,77,1026,86.0,1456,585,27.2,47.2,1.6803,2004,8,3,5,0,0,1,0,0,0,0,0
3492,0.14675324675324675,922,3.2,664,110,973,137.0,1503,644,27.0,48.3,1.6946,2004,8,3,6,0,0,1,0,0,0,0,0
3493,0.15454545454545454,1362,19.3,1277,282,529,140.0,2188,1392,25.9,51.5,1.7,2004,8,3,7,0,0,1,0,0,0,0,0
3494,0.16233766233766234,1349,21.3,1333,275,487,142.0,2256,1533,27.4,48.6,1.7447,2004,8,3,8,0,0,1,0,0,0,0,0
3495,0.17012987012987013,1298,17.2,1215,253,539,185.0,2068,1404,29.1,45.5,1.7998,2004,8,3,9,0,0,1,0,0,0,0,0
3496,0.17792207792207793,1234,15.2,1154,211,596,173.0,1965,1204,32.8,36.9,1.803,2004,8,3,10,0,0,1,0,0,0,0,0
3497,0.18571428571428572,1147,10.6,999,176,697,158.0,1788,915,34.7,32.1,1.741,2004,8,3,11,0,0,1,0,0,0,0,0
3498,0.19350649350649352,1173,12.3,1061,153,650,127.0,1858,940,33.7,35.1,1.8022,2004,8,3,12,0,0,1,0,0,0,0,0
3499,0.2012987012987013,1118,10.5,995,144,689,111.0,1779,863,35.1,32.4,1.7996,2004,8,3,13,0,0,1,0,0,0,0,0
3500,0.2090909090909091,1078,9.3,951,127,722,114.0,1718,747,35.4,30.9,1.7505,2004,8,3,14,0,0,1,0,0,0,0,0
3501,0.2168831168831169,1076,9.3,951,112,730,109.0,1675,704,36.5,28.7,1.7256,2004,8,3,15,0,0,1,0,0,0,0,0
3502,0.2246753246753247,1103,11.0,1014,130,684,123.0,1749,791,38.0,24.7,1.6073,2004,8,3,16,0,0,1,0,0,0,0,0
3503,0.23246753246753246,1117,12.1,1052,148,671,137.0,1780,824,37.5,24.4,1.5515,2004,8,3,17,0,0,1,0,0,0,0,0
3504,0.24025974025974026,1166,13.7,1108,140,622,134.0,1854,913,35.5,28.9,1.6468,2004,8,3,18,0,0,1,0,0,0,0,0
3505,0.24805194805194805,1157,12.9,1082,125,631,114.0,1854,907,31.9,37.5,1.7442,2004,8,3,19,0,0,1,0,0,0,0,0
3506,0.2558441558441559,1136,10.3,990,111,672,100.0,1807,918,30.1,45.0,1.8891,2004,8,3,20,0,0,1,0,0,0,0,0
3507,0.26363636363636367,1122,9.5,959,102,685,92.0,1798,914,28.8,48.9,1.9105,2004,8,3,21,0,0,1,0,0,0,0,0
3508,0.27142857142857146,1121,10.3,989,108,659,97.0,1821,955,28.8,48.8,1.9039,2004,8,3,22,0,0,1,0,0,0,0,0
3509,0.27922077922077926,1150,11.2,1020,132,645,111.0,1835,1063,28.0,49.0,1.8237,2004,8,3,23,0,0,1,0,0,0,0,0
3510,0.28701298701298705,1074,9.2,949,104,678,89.0,1751,982,27.5,51.5,1.8664,2004,8,4,0,0,0,0,1,0,0,0,0
3511,0.29480519480519485,1039,8.0,899,92,714,87.0,1717,914,27.3,51.5,1.844,2004,8,4,1,0,0,0,1,0,0,0,0
3512,0.30259740259740264,963,5.8,804,78,791,69.0,1658,861,26.7,53.3,1.8366,2004,8,4,2,0,0,0,1,0,0,0,0
3513,0.3103896103896104,889,4.0,710,78,889,70.39393939393939,1566,713,25.9,55.1,1.8117,2004,8,4,3,0,0,0,1,0,0,0,0
3514,0.3181818181818182,868,3.0,652,79,962,71.78787878787878,1526,740,27.0,51.8,1.8147,2004,8,4,4,0,0,0,1,0,0,0,0
3515,0.32597402597402597,877,3.0,654,80,987,73.18181818181819,1529,801,26.8,50.9,1.7693,2004,8,4,5,0,0,0,1,0,0,0,0
3516,0.33376623376623377,1056,7.8,893,81,733,74.57575757575758,1743,1132,25.0,57.0,1.7792,2004,8,4,6,0,0,0,1,0,0,0,0
3517,0.34155844155844156,1288,19.3,1278,81,521,75.96969696969697,2182,1473,26.2,52.8,1.7729,2004,8,4,7,0,0,0,1,0,0,0,0
3518,0.34935064935064936,1381,26.0,1454,82,455,77.36363636363636,2404,1607,28.3,47.6,1.7981,2004,8,4,8,0,0,0,1,0,0,0,0
3519,0.3571428571428571,1113,10.6,1001,83,663,78.75757575757575,1783,1146,29.9,42.1,1.7474,2004,8,4,9,0,0,0,1,0,0,0,0
3520,0.3649350649350649,1062,8.2,909,84,764,80.15151515151516,1687,867,33.0,35.4,1.7504,2004,8,4,10,0,0,0,1,0,0,0,0
3521,0.3727272727272727,1094,9.9,976,85,719,81.54545454545455,1753,869,35.6,30.6,1.7493,2004,8,4,11,0,0,0,1,0,0,0,0
3522,0.3805194805194805,1050,8.6,923,85,747,82.93939393939394,1662,744,37.1,27.9,1.7309,2004,8,4,12,0,0,0,1,0,0,0,0
3523,0.3883116883116883,1056,8.7,926,86,748,84.33333333333333,1643,702,37.9,25.7,1.6651,2004,8,4,13,0,0,0,1,0,0,0,0
3524,0.39610389610389607,944,6.0,814,87,852,85.72727272727272,1489,554,37.2,23.6,1.4764,2004,8,4,14,0,0,0,1,0,0,0,0
3525,0.40389610389610386,1003,8.0,901,88,813,87.12121212121212,1589,661,39.1,21.7,1.5031,2004,8,4,15,0,0,0,1,0,0,0,0
3526,0.41168831168831166,1018,7.6,881,89,828,88.51515151515152,1590,630,39.3,22.0,1.5366,2004,8,4,16,0,0,0,1,0,0,0,0
3527,0.41948051948051945,1108,10.7,1003,89,727,89.9090909090909,1710,803,38.2,23.8,1.5666,2004,8,4,17,0,0,0,1,0,0,0,0
3528,0.42727272727272725,1049,8.7,927,90,750,91.30303030303031,1659,727,34.0,33.2,1.7395,2004,8,4,18,0,0,0,1,0,0,0,0
3529,0.43506493506493504,1078,8.0,897,91,732,92.6969696969697,1751,894,25.5,58.6,1.8891,2004,8,4,19,0,0,0,1,0,0,0,0
3530,0.44285714285714284,999,7.2,867,92,785,94.0909090909091,1644,864,27.2,46.0,1.6376,2004,8,4,20,0,0,0,1,0,0,0,0
3531,0.45064935064935063,943,5.7,798,92,846,95.48484848484848,1571,743,27.6,45.2,1.6479,2004,8,4,21,0,0,0,1,0,0,0,0
3532,0.4584415584415584,987,5.5,790,93,838,96.87878787878788,1608,830,25.4,52.7,1.6867,2004,8,4,22,0,0,0,1,0,0,0,0
3533,0.4662337662337662,939,4.6,743,94,894,98.27272727272728,1539,675,26.1,49.4,1.6491,2004,8,4,23,0,0,0,1,0,0,0,0
3534,0.474025974025974,1015,6.6,840,95,783,99.66666666666667,1664,839,25.0,53.6,1.6721,2004,8,5,0,0,0,0,0,1,0,0,0
3535,0.4818181818181818,935,4.5,737,96,869,101.06060606060606,1548,758,25.4,52.9,1.698,2004,8,5,1,0,0,0,0,1,0,0,0
3536,0.4896103896103896,908,3.8,700,96,922,102.45454545454545,1547,644,25.4,54.4,1.7384,2004,8,5,2,0,0,0,0,1,0,0,0
3537,0.4974025974025974,853,2.3,605,97,1032,103.84848484848484,1488,615,25.4,54.6,1.7432,2004,8,5,3,0,0,0,0,1,0,0,0
3538,0.5051948051948052,851,2.1,592,98,1054,105.24242424242425,1482,578,24.5,57.1,1.7327,2004,8,5,4,0,0,0,0,1,0,0,0
3539,0.512987012987013,957,3.9,705,99,857,106.63636363636364,1578,843,22.8,63.7,1.7392,2004,8,5,5,0,0,0,0,1,0,0,0
3540,0.5207792207792208,1059,6.5,836,100,742,108.03030303030303,1675,1113,22.6,64.1,1.7358,2004,8,5,6,0,0,0,0,1,0,0,0
3541,0.5285714285714286,1261,14.5,1134,100,557,109.42424242424244,2015,1388,24.3,58.0,1.7429,2004,8,5,7,0,0,0,0,1,0,0,0
3542,0.5363636363636364,1215,15.1,1150,101,574,110.81818181818181,1962,1310,26.5,50.4,1.7215,2004,8,5,8,0,0,0,0,1,0,0,0
3543,0.5441558441558442,1097,9.0,940,102,676,112.21212121212122,1727,1056,28.1,45.4,1.697,2004,8,5,9,0,0,0,0,1,0,0,0
3544,0.551948051948052,1135,11.4,1030,103,662,113.60606060606061,1789,1104,31.7,36.7,1.6843,2004,8,5,10,0,0,0,0,1,0,0,0
3545,0.5597402597402598,1117,11.2,1020,104,706,115.0,1731,973,35.8,28.7,1.6626,2004,8,5,11,0,0,0,0,1,0,0,0
3546,0.5675324675324676,1108,10.2,985,98,727,108.0,1708,1001,36.8,27.2,1.6623,2004,8,5,12,0,0,0,0,1,0,0,0
3547,0.5753246753246753,1038,8.2,906,66,808,86.0,1567,747,38.3,24.5,1.622,2004,8,5,13,0,0,0,0,1,0,0,0
3548,0.5831168831168831,985,6.6,838,60,850,84.0,1541,653,34.2,30.8,1.6299,2004,8,5,14,0,0,0,0,1,0,0,0
3549,0.5909090909090909,1100,6.4,832,85,767,97.0,1695,934,28.7,51.4,1.9871,2004,8,5,15,0,0,0,0,1,0,0,0
3550,0.5987012987012987,1067,7.0,855,90,748,102.0,1700,811,23.9,69.1,2.0202,2004,8,5,16,0,0,0,0,1,0,0,0
3551,0.6064935064935064,1140,9.6,963,122,669,102.0,1815,918,21.5,78.8,1.9939,2004,8,5,17,0,0,0,0,1,0,0,0
3552,0.6142857142857142,1113,9.4,954,117,682,99.0,1801,899,21.6,78.5,1.994,2004,8,5,18,0,0,0,0,1,0,0,0
3553,0.622077922077922,1124,10.2,984,115,678,97.0,1826,902,21.5,78.4,1.9818,2004,8,5,19,0,0,0,0,1,0,0,0
3554,0.6298701298701298,1056,7.7,886,127,732,101.0,1721,900,20.8,80.9,1.9637,2004,8,5,20,0,0,0,0,1,0,0,0
3555,0.6376623376623376,1002,5.4,783,79,805,92.0,1623,875,20.7,81.8,1.9717,2004,8,5,21,0,0,0,0,1,0,0,0
3556,0.6454545454545454,971,5.5,789,61,816,70.0,1594,879,23.1,70.1,1.9582,2004,8,5,22,0,0,0,0,1,0,0,0
3557,0.6532467532467532,1001,5.7,799,67,829,72.0,1619,859,22.7,68.4,1.8627,2004,8,5,23,0,0,0,0,1,0,0,0
3558,0.661038961038961,1058,7.2,867,93,731,80.0,1685,1048,22.1,72.6,1.9105,2004,8,6,0,0,0,0,0,0,1,0,0
3559,0.6688311688311688,1030,6.8,848,77,734,71.0,1691,1048,21.8,74.1,1.915,2004,8,6,1,0,0,0,0,0,1,0,0
3560,0.6766233766233766,950,5.0,762,60,827,69.0,1616,959,21.9,72.8,1.8944,2004,8,6,2,0,0,0,0,0,1,0,0
3561,0.6844155844155844,912,4.1,716,52,875,62.0,1586,898,21.7,73.2,1.8763,2004,8,6,3,0,0,0,0,0,1,0,0
3562,0.6922077922077922,893,3.4,676,45,930,55.0,1567,859,21.4,75.5,1.9033,2004,8,6,4,0,0,0,0,0,1,0,0
3563,0.7,938,4.4,734,65,847,57.0,1607,947,21.4,75.5,1.9069,2004,8,6,5,0,0,0,0,0,1,0,0
3564,1.2,1065,7.7,889,94,722,56.0,1760,1081,21.9,74.9,1.9396,2004,8,6,6,0,0,0,0,0,1,0,0
3565,2.3,1240,13.6,1102,205,588,72.0,1989,1257,22.0,75.9,1.9817,2004,8,6,7,0,0,0,0,0,1,0,0
3566,3.0,1307,19.1,1270,240,516,84.0,2191,1404,22.5,74.9,2.019,2004,8,6,8,0,0,0,0,0,1,0,0
3567,2.9,1229,16.3,1188,237,557,97.0,2033,1412,24.5,66.2,2.0011,2004,8,6,9,0,0,0,0,0,1,0,0
3568,2.6,1220,14.2,1122,245,601,107.0,1974,1428,25.6,61.2,1.9808,2004,8,6,10,0,0,0,0,0,1,0,0
3569,2.6,1218,15.6,1168,206,607,117.0,2000,1451,29.3,48.4,1.9367,2004,8,6,11,0,0,0,0,0,1,0,0
3570,2.6,1171,14.4,1129,156,631,120.0,1911,1346,33.5,36.0,1.8395,2004,8,6,12,0,0,0,0,0,1,0,0
3571,2.1,1067,10.5,995,126,717,110.0,1730,1093,35.6,29.8,1.7045,2004,8,6,13,0,0,0,0,0,1,0,0
3572,1.7,1054,10.2,985,108,735,104.0,1742,940,33.7,33.4,1.7186,2004,8,6,14,0,0,0,0,0,1,0,0
3573,1.9,1051,10.7,1003,102,711,110.0,1715,909,34.1,33.3,1.7509,2004,8,6,15,0,0,0,0,0,1,0,0
3574,2.5,1103,11.6,1035,110,672,111.0,1834,1005,31.5,43.5,1.9797,2004,8,6,16,0,0,0,0,0,1,0,0
3575,1.1,970,7.9,894,57,761,64.0,1649,756,32.5,40.6,1.9481,2004,8,6,17,0,0,0,0,0,1,0,0
3576,2.1,1100,11.7,1038,109,668,92.0,1873,1080,29.8,45.2,1.8642,2004,8,6,18,0,0,0,0,0,1,0,0
3577,2.6,1129,14.6,1137,151,606,114.0,1952,1220,27.7,49.9,1.8189,2004,8,6,19,0,0,0,0,0,1,0,0
3578,2.6,1126,13.2,1089,153,620,116.0,1886,1208,26.4,54.6,1.8459,2004,8,6,20,0,0,0,0,0,1,0,0
3579,1.7,1019,9.8,971,103,692,94.0,1760,1057,25.5,58.0,1.8611,2004,8,6,21,0,0,0,0,0,1,0,0
3580,1.5,1011,8.8,930,76,728,77.0,1723,1009,25.1,59.9,1.8797,2004,8,6,22,0,0,0,0,0,1,0,0
3581,1.8,1039,10.4,991,93,685,74.0,1820,1088,24.1,63.5,1.8828,2004,8,6,23,0,0,0,0,0,1,0,0
3582,1.4,974,8.5,920,75,718,62.0,1755,1062,23.8,65.0,1.8897,2004,8,7,0,1,0,0,0,0,0,1,0
3583,1.2,925,6.4,831,57,789,57.0,1662,975,23.4,64.9,1.843,2004,8,7,1,1,0,0,0,0,0,1,0
3584,0.7,810,3.4,674,32,976,45.0,1530,793,24.4,58.6,1.7714,2004,8,7,2,1,0,0,0,0,0,1,0
3585,0.6,800,2.6,627,37,1032,47.0,1519,787,23.3,63.3,1.7895,2004,8,7,3,1,0,0,0,0,0,1,0
3586,0.7,813,2.9,645,42,990,49.0,1530,802,21.9,67.1,1.7414,2004,8,7,4,1,0,0,0,0,0,1,0
3587,0.5,788,2.3,604,37,1068,45.0,1507,754,23.6,61.2,1.7588,2004,8,7,5,1,0,0,0,0,0,1,0
3588,0.6,815,3.3,670,44,971,44.0,1538,774,22.6,63.4,1.7136,2004,8,7,6,1,0,0,0,0,0,1,0
3589,0.9,868,5.1,771,51,840,43.0,1608,860,22.9,62.6,1.7253,2004,8,7,7,1,0,0,0,0,0,1,0
3590,1.2,951,7.7,886,74,742,51.0,1705,988,23.3,61.8,1.7504,2004,8,7,8,1,0,0,0,0,0,1,0
3591,2.0,1075,10.5,996,115,649,84.0,1838,1113,25.4,56.2,1.7961,2004,8,7,9,1,0,0,0,0,0,1,0
3592,1.9,1058,10.9,1012,109,676,96.0,1782,1063,30.6,41.9,1.8104,2004,8,7,10,1,0,0,0,0,0,1,0
3593,1.7,1012,8.4,914,80,760,88.0,1653,858,33.5,34.0,1.73,2004,8,7,11,1,0,0,0,0,0,1,0
3594,1.2,929,6.0,811,57,862,67.0,1541,642,35.5,29.8,1.7004,2004,8,7,12,1,0,0,0,0,0,1,0
3595,1.1,902,6.0,813,56,875,64.0,1518,588,37.5,24.7,1.5637,2004,8,7,13,1,0,0,0,0,0,1,0
3596,1.0,836,4.7,750,43,960,54.0,1390,484,35.1,25.2,1.402,2004,8,7,14,1,0,0,0,0,0,1,0
3597,1.0,858,5.3,776,43,947,56.0,1431,498,38.1,21.1,1.3863,2004,8,7,15,1,0,0,0,0,0,1,0
3598,1.0,886,5.8,803,51,939,68.0,1460,538,38.5,21.8,1.4653,2004,8,7,16,1,0,0,0,0,0,1,0
3599,1.2,974,6.5,833,46,864,67.0,1577,565,36.8,29.5,1.8037,2004,8,7,17,1,0,0,0,0,0,1,0
3600,1.6,1008,8.4,915,71,783,95.0,1643,672,34.9,33.4,1.8384,2004,8,7,18,1,0,0,0,0,0,1,0
3601,1.6,990,8.3,912,65,777,86.0,1648,689,32.2,37.4,1.7655,2004,8,7,19,1,0,0,0,0,0,1,0
3602,1.6,981,8.4,917,78,740,93.0,1649,714,29.7,41.7,1.7081,2004,8,7,20,1,0,0,0,0,0,1,0
3603,1.3,954,6.4,828,51,793,68.0,1589,631,27.7,47.4,1.7344,2004,8,7,21,1,0,0,0,0,0,1,0
3604,1.9,1030,10.3,988,84,686,95.0,1751,829,27.3,49.4,1.7602,2004,8,7,22,1,0,0,0,0,0,1,0
3605,1.9,1033,10.9,1011,89,681,93.0,1768,875,26.3,51.3,1.7251,2004,8,7,23,1,0,0,0,0,0,1,0
3606,1.5,963,7.4,872,65,767,69.0,1617,803,25.7,54.1,1.7546,2004,8,8,0,1,0,0,0,0,0,0,1
3607,1.1,918,5.8,805,43,816,55.0,1571,759,25.4,55.1,1.7628,2004,8,8,1,1,0,0,0,0,0,0,1
3608,0.8,868,4.5,736,32,894,39.0,1548,638,24.9,57.3,1.7822,2004,8,8,2,1,0,0,0,0,0,0,1
3609,0.9,886,4.6,744,27,869,36.0,1590,700,24.1,61.8,1.8339,2004,8,8,3,1,0,0,0,0,0,0,1
3610,0.6,813,2.4,609,22,1017,33.0,1473,615,23.9,61.2,1.7871,2004,8,8,4,1,0,0,0,0,0,0,1
3611,0.6,815,2.4,616,21,1080,29.0,1532,596,23.8,61.3,1.7881,2004,8,8,5,1,0,0,0,0,0,0,1
3612,0.7,815,2.6,627,27,1049,36.0,1518,650,23.4,61.7,1.7495,2004,8,8,6,1,0,0,0,0,0,0,1
3613,0.6,835,2.8,638,31,1024,38.0,1506,655,24.3,58.4,1.7508,2004,8,8,7,1,0,0,0,0,0,0,1
3614,1.0,921,4.5,738,46,901,47.0,1585,779,25.1,56.6,1.7798,2004,8,8,8,1,0,0,0,0,0,0,1
3615,1.2,963,5.2,774,62,839,64.0,1621,758,27.3,51.3,1.835,2004,8,8,9,1,0,0,0,0,0,0,1
3616,1.0,935,4.2,724,43,936,49.0,1574,598,29.5,45.9,1.8662,2004,8,8,10,1,0,0,0,0,0,0,1
3617,1.3,1007,4.8,751,53,849,64.0,1649,643,27.6,52.4,1.9055,2004,8,8,11,1,0,0,0,0,0,0,1
3619,0.8,901,3.6,689,36,964,45.0,1543,522,32.2,40.3,1.8999,2004,8,8,13,1,0,0,0,0,0,0,1
3620,0.6,851,2.6,627,21,1129,30.0,1433,419,31.6,38.9,1.7838,2004,8,8,14,1,0,0,0,0,0,0,1
3621,0.7,877,3.0,655,27,1061,35.0,1471,444,33.0,37.3,1.8481,2004,8,8,15,1,0,0,0,0,0,0,1
3622,0.8,909,3.6,690,29,1039,37.0,1488,474,35.1,32.1,1.7841,2004,8,8,16,1,0,0,0,0,0,0,1
3623,0.9,908,4.1,715,38,988,46.0,1479,495,35.0,31.1,1.7173,2004,8,8,17,1,0,0,0,0,0,0,1
3624,1.0,926,5.0,763,41,949,54.0,1491,504,33.8,32.1,1.6596,2004,8,8,18,1,0,0,0,0,0,0,1
3625,1.5,1010,6.5,836,66,848,79.0,1577,616,31.1,38.8,1.7295,2004,8,8,19,1,0,0,0,0,0,0,1
3626,1.5,1031,7.3,868,63,798,79.0,1634,690,29.0,46.1,1.8141,2004,8,8,20,1,0,0,0,0,0,0,1
3627,1.7,1070,8.1,905,88,745,98.0,1702,846,28.1,50.6,1.8969,2004,8,8,21,1,0,0,0,0,0,0,1
3628,1.9,1124,10.4,992,87,660,93.0,1791,1013,27.1,54.7,1.9284,2004,8,8,22,1,0,0,0,0,0,0,1
3629,1.7,1066,9.0,940,86,683,89.0,1744,978,26.6,56.4,1.9349,2004,8,8,23,1,0,0,0,0,0,0,1
3630,1.2,1001,6.5,836,49,771,57.0,1662,821,25.8,60.4,1.9759,2004,8,9,0,0,1,0,0,0,0,0,0
3631,1.1,967,6.3,824,40,774,51.0,1637,862,25.5,61.6,1.9804,2004,8,9,1,0,1,0,0,0,0,0,0
3632,0.8,901,4.4,733,27,888,39.0,1605,755,24.9,63.5,1.9647,2004,8,9,2,0,1,0,0,0,0,0,0
3633,0.5,835,2.8,638,25,997,34.5,1526,715,24.3,65.1,1.9475,2004,8,9,3,0,1,0,0,0,0,0,0
3634,0.6,820,2.2,598,23,1065,30.0,1511,684,23.8,65.7,1.9079,2004,8,9,4,0,1,0,0,0,0,0,0
3635,0.7,896,3.7,694,58,941,46.0,1583,853,23.2,68.0,1.9045,2004,8,9,5,0,1,0,0,0,0,0,0
3636,1.2,996,7.4,872,87,756,55.0,1727,990,23.2,67.5,1.899,2004,8,9,6,0,1,0,0,0,0,0,0
3637,2.3,1159,15.1,1151,143,579,63.0,2005,1206,24.3,63.3,1.8929,2004,8,9,7,0,1,0,0,0,0,0,0
3638,2.5,1185,15.1,1152,96,578,42.0,2003,1274,25.5,59.7,1.9193,2004,8,9,8,0,1,0,0,0,0,0,0
3639,2.4,1168,14.7,1138,16,585,5.0,1946,1336,27.7,52.5,1.9138,2004,8,9,9,0,1,0,0,0,0,0,0
3640,1.4,1044,9.8,970,54,715,39.0,1751,1068,31.8,38.9,1.8005,2004,8,9,10,0,1,0,0,0,0,0,0
3641,1.2,983,8.0,897,42,800,39.0,1608,804,32.7,34.1,1.6592,2004,8,9,11,0,1,0,0,0,0,0,0
3642,1.6,1032,8.3,912,72,764,71.0,1661,826,34.3,31.5,1.6745,2004,8,9,12,0,1,0,0,0,0,0,0
3643,1.4,1019,7.7,889,54,787,65.0,1630,745,34.2,31.5,1.6675,2004,8,9,13,0,1,0,0,0,0,0,0
3644,1.2,982,6.7,844,52,835,71.0,1567,638,33.9,32.3,1.6809,2004,8,9,14,0,1,0,0,0,0,0,0
3645,1.5,1016,7.5,880,64,783,72.0,1617,684,34.4,31.9,1.7005,2004,8,9,15,0,1,0,0,0,0,0,0
3646,1.4,1031,7.72,889,70,772,76.0,1630,751,33.48,33.86,1.7037399999999998,2004,8,9,16,0,1,0,0,0,0,0,0
3647,1.5,1046,7.9399999999999995,898,65,761,75.0,1644,818,32.56,35.82,1.70698,2004,8,9,17,0,1,0,0,0,0,0,0
3648,1.7,1061,8.16,907,80,751,86.0,1657,885,31.64,37.78,1.7102199999999999,2004,8,9,18,0,1,0,0,0,0,0,0
3649,2.2,1076,8.379999999999999,916,88,740,96.0,1671,952,30.72,39.74,1.71346,2004,8,9,19,0,1,0,0,0,0,0,0
3650,1.9,1091,8.6,925,81,730,95.0,1685,1020,29.8,41.7,1.7167,2004,8,9,20,0,1,0,0,0,0,0,0
3651,1.6,1109,9.7,965,59,696,74.0,1742,1100,28.8,45.9,1.7884,2004,8,9,21,0,1,0,0,0,0,0,0
3652,1.5,1098,9.1,944,69,687,76.0,1772,1086,28.2,51.1,1.9221,2004,8,9,22,0,1,0,0,0,0,0,0
3653,1.4,1088,9.1,945,58,674,66.0,1765,1060,27.5,54.4,1.9705,2004,8,9,23,0,1,0,0,0,0,0,0
3654,1.0,1035,7.0,859,33,732,49.0,1680,996,27.4,55.0,1.9827,2004,8,10,0,0,0,1,0,0,0,0,0
3655,0.7,942,4.9,758,17,824,29.0,1567,856,28.1,51.6,1.9269,2004,8,10,1,0,0,1,0,0,0,0,0
3656,0.5,902,3.5,680,6,919,11.0,1535,722,26.3,56.5,1.9027,2004,8,10,2,0,0,1,0,0,0,0,0
3657,0.5,919,3.9,704,13,861,18.0,1603,860,24.4,65.0,1.9612,2004,8,10,3,0,0,1,0,0,0,0,0
3658,0.5,875,3.2,665,20,919,25.0,1559,772,24.4,63.6,1.9218,2004,8,10,4,0,0,1,0,0,0,0,0
3659,0.7,927,4.7,747,58,830,34.0,1633,910,23.5,67.4,1.9305,2004,8,10,5,0,0,1,0,0,0,0,0
3660,1.2,1032,7.6,883,106,718,42.0,1742,1051,23.4,65.7,1.872,2004,8,10,6,0,0,1,0,0,0,0,0
3661,2.2,1193,14.7,1139,143,563,47.0,2009,1257,24.5,61.3,1.8522,2004,8,10,7,0,0,1,0,0,0,0,0
3662,2.9,1268,18.7,1259,167,519,62.0,2114,1410,26.0,55.8,1.8536,2004,8,10,8,0,0,1,0,0,0,0,0
3663,2.6,1238,14.8,1144,188,565,81.0,1939,1433,28.5,48.5,1.8607,2004,8,10,9,0,0,1,0,0,0,0,0
3664,2.6,1230,14.5,1133,164,604,90.0,1909,1413,33.6,35.7,1.8229,2004,8,10,10,0,0,1,0,0,0,0,0
3665,2.2,1161,12.7,1074,128,646,95.0,1777,1206,36.5,28.9,1.7359,2004,8,10,11,0,0,1,0,0,0,0,0
3666,1.5,1048,9.2,949,88,764,86.0,1607,831,39.0,23.7,1.6346,2004,8,10,12,0,0,1,0,0,0,0,0
3667,0.9,929,4.8,752,51,955,64.0,1385,544,38.8,23.7,1.6093,2004,8,10,13,0,0,1,0,0,0,0,0
3668,1.0,950,5.4,783,52,914,62.0,1443,525,38.0,24.0,1.5686,2004,8,10,14,0,0,1,0,0,0,0,0
3669,1.1,1013,7.2,864,59,819,75.0,1544,644,40.5,23.3,1.7416,2004,8,10,15,0,0,1,0,0,0,0,0
3670,1.2,1034,6.7,845,67,841,88.0,1566,702,39.8,25.4,1.8213,2004,8,10,16,0,0,1,0,0,0,0,0
3671,1.8,1082,9.7,965,105,760,126.0,1649,844,39.6,23.3,1.6535,2004,8,10,17,0,0,1,0,0,0,0,0
3672,1.8,1110,10.9,1012,91,720,96.0,1725,905,38.8,24.7,1.6772,2004,8,10,18,0,0,1,0,0,0,0,0
3673,1.7,1118,10.6,999,69,706,79.0,1766,878,34.7,35.9,1.9528,2004,8,10,19,0,0,1,0,0,0,0,0
3674,1.7,1136,9.7,967,65,703,67.0,1801,927,32.3,43.6,2.07,2004,8,10,20,0,0,1,0,0,0,0,0
3675,1.6,1106,8.6,924,58,725,62.0,1757,910,30.7,48.1,2.0821,2004,8,10,21,0,0,1,0,0,0,0,0
3676,1.7,1151,10.2,984,67,678,64.0,1823,1024,29.5,50.6,2.0492,2004,8,10,22,0,0,1,0,0,0,0,0
3677,1.8,1144,10.5,997,64,669,63.0,1816,1021,28.8,52.0,2.0297,2004,8,10,23,0,0,1,0,0,0,0,0
3678,1.5,1118,8.8,930,65,697,60.0,1748,1027,28.2,55.0,2.0697,2004,8,11,0,0,0,0,1,0,0,0,0
3679,1.2,1066,6.6,839,47,740,49.0,1700,993,27.2,59.1,2.0997,2004,8,11,1,0,0,0,1,0,0,0,0
3680,0.8,991,5.3,778,29,797,36.0,1665,910,26.7,60.7,2.0977,2004,8,11,2,0,0,0,1,0,0,0,0
3681,0.5,906,3.0,650,22,961,30.0,1581,768,26.9,60.3,2.1074,2004,8,11,3,0,0,0,1,0,0,0,0
3682,0.5,903,3.2,662,16,932,24.0,1590,760,26.4,61.6,2.0931,2004,8,11,4,0,0,0,1,0,0,0,0
3683,0.7,941,3.5,685,50,895,32.0,1632,834,25.9,63.6,2.102,2004,8,11,5,0,0,0,1,0,0,0,0
3684,1.1,1074,7.2,866,78,717,42.0,1768,1075,26.1,63.7,2.117,2004,8,11,6,0,0,0,1,0,0,0,0
3685,1.4,1114,9.5,958,89,663,42.0,1836,1167,26.8,60.5,2.1008,2004,8,11,7,0,0,0,1,0,0,0,0
3686,1.7,1162,11.1,1019,97,622,51.0,1904,1178,27.9,56.5,2.0895,2004,8,11,8,0,0,0,1,0,0,0,0
3687,1.8,1165,9.7,967,93,651,58.0,1825,1120,29.8,51.1,2.1054,2004,8,11,9,0,0,0,1,0,0,0,0
3688,1.8,1179,9.5,957,105,680,67.0,1819,1131,33.6,41.0,2.0995,2004,8,11,10,0,0,0,1,0,0,0,0
3689,1.7,1144,8.3,913,89,715,68.0,1782,972,35.1,38.1,2.1144,2004,8,11,11,0,0,0,1,0,0,0,0
3690,1.3,1066,6.0,813,63,792,56.0,1657,764,36.2,34.9,2.0578,2004,8,11,12,0,0,0,1,0,0,0,0
3691,1.3,1056,5.8,802,52,824,47.0,1620,670,38.0,30.7,2.0022,2004,8,11,13,0,0,0,1,0,0,0,0
3692,1.0,995,5.1,769,48,882,46.0,1576,615,36.6,30.8,1.8617,2004,8,11,14,0,0,0,1,0,0,0,0
3693,1.0,967,4.5,740,50,926,50.0,1526,557,38.8,25.4,1.7282,2004,8,11,15,0,0,0,1,0,0,0,0
3694,1.4,1048,6.6,839,80,845,65.0,1607,700,38.7,25.8,1.7426,2004,8,11,16,0,0,0,1,0,0,0,0
3695,1.6,1092,8.0,901,78,777,69.0,1691,734,37.4,29.9,1.8848,2004,8,11,17,0,0,0,1,0,0,0,0
3696,1.4,1056,7.6,883,64,799,63.0,1672,684,36.2,31.1,1.8371,2004,8,11,18,0,0,0,1,0,0,0,0
3697,1.7,1100,10.1,982,84,720,69.0,1760,823,33.8,34.5,1.7788,2004,8,11,19,0,0,0,1,0,0,0,0
3698,1.4,1057,7.8,890,72,778,57.0,1701,801,31.4,40.7,1.8377,2004,8,11,20,0,0,0,1,0,0,0,0
3699,1.5,1068,8.4,917,70,736,59.0,1728,916,30.8,45.0,1.9733,2004,8,11,21,0,0,0,1,0,0,0,0
3700,1.4,1050,7.7,887,59,770,54.0,1696,820,29.4,50.0,2.0181,2004,8,11,22,0,0,0,1,0,0,0,0
3701,1.5,1074,7.6,884,63,764,57.0,1726,838,28.1,54.1,2.029,2004,8,11,23,0,0,0,1,0,0,0,0
3702,1.6,1053,7.9,895,58,745,46.0,1727,882,27.3,57.8,2.0646,2004,8,12,0,0,0,0,0,1,0,0,0
3703,1.2,1003,6.3,825,68,794,65.0,1716,801,26.7,60.6,2.0942,2004,8,12,1,0,0,0,0,1,0,0,0
3704,0.9,933,3.8,701,57,906,62.0,1638,690,25.9,64.5,2.1247,2004,8,12,2,0,0,0,0,1,0,0,0
3705,0.6,869,2.4,614,36,1001,43.5,1565,674,25.6,63.5,2.0566,2004,8,12,3,0,0,0,0,1,0,0,0
3706,0.6499999999999999,864,2.5,617,15,1027,25.0,1561,622,26.7,61.0,2.101,2004,8,12,4,0,0,0,0,1,0,0,0
3707,0.7,931,4.2,721,47,888,37.0,1651,799,25.8,64.6,2.1195,2004,8,12,5,0,0,0,0,1,0,0,0
3708,0.7,921,4.5,738,39,893,41.0,1623,818,26.5,60.6,2.063,2004,8,12,6,0,0,0,0,1,0,0,0
3709,1.7,1139,11.0,1013,87,672,60.0,1932,1034,26.4,61.7,2.0929,2004,8,12,7,0,0,0,0,1,0,0,0
3711,1.9,1126,9.5,957,122,694,71.0,1841,1034,29.4,53.1,2.1362,2004,8,12,9,0,0,0,0,1,0,0,0
3712,1.5,1066,6.9,855,101,803,61.0,1712,929,33.4,39.9,2.0177,2004,8,12,10,0,0,0,0,1,0,0,0
3713,1.6,1069,7.2,867,92,785,65.0,1717,880,33.2,39.2,1.9642,2004,8,12,11,0,0,0,0,1,0,0,0
3714,1.3,975,5.5,788,70,851,54.0,1629,701,34.5,35.1,1.8856,2004,8,12,12,0,0,0,0,1,0,0,0
3715,1.1,955,5.1,766,58,898,58.0,1597,620,37.1,30.5,1.8962,2004,8,12,13,0,0,0,0,1,0,0,0
3716,1.0,949,5.0,764,44,898,56.0,1579,573,35.9,32.1,1.8697,2004,8,12,14,0,0,0,0,1,0,0,0
3717,1.0,941,5.6,792,44,897,60.0,1582,544,37.3,28.0,1.7537,2004,8,12,15,0,0,0,0,1,0,0,0
3718,1.1,942,5.7,800,52,877,69.0,1567,581,38.1,26.3,1.7252,2004,8,12,16,0,0,0,0,1,0,0,0
3719,1.3,974,7.0,855,53,836,67.0,1607,610,37.1,27.2,1.6844,2004,8,12,17,0,0,0,0,1,0,0,0
3720,1.5,1012,8.1,904,65,794,79.0,1653,695,35.2,31.2,1.7485,2004,8,12,18,0,0,0,0,1,0,0,0
3721,1.6,1017,8.7,929,67,772,86.0,1702,709,32.1,38.7,1.819,2004,8,12,19,0,0,0,0,1,0,0,0
3722,1.5,1006,7.9,896,67,797,79.0,1697,736,30.3,45.1,1.9129,2004,8,12,20,0,0,0,0,1,0,0,0
3723,1.3,1008,7.5,878,53,792,67.0,1691,722,29.3,50.2,2.0127,2004,8,12,21,0,0,0,0,1,0,0,0
3724,1.2,989,6.0,814,53,845,65.0,1657,680,28.6,53.7,2.0691,2004,8,12,22,0,0,0,0,1,0,0,0
3725,1.6,1080,8.5,920,60,739,67.0,1761,772,27.8,57.4,2.1107,2004,8,12,23,0,0,0,0,1,0,0,0
3726,1.4,1033,7.0,856,60,774,62.0,1736,769,27.4,59.4,2.1395,2004,8,13,0,0,0,0,0,0,1,0,0
3727,1.1,968,5.6,794,39,836,48.0,1688,654,27.2,59.3,2.1059,2004,8,13,1,0,0,0,0,0,1,0,0
3728,0.7,853,2.6,626,22,1045,33.0,1557,516,26.7,61.0,2.1005,2004,8,13,2,0,0,0,0,0,1,0,0
3729,0.4,810,1.5,544,14,1264,22.0,1485,447,26.0,62.7,2.0737,2004,8,13,3,0,0,0,0,0,1,0,0
3730,0.5,817,1.7,558,7,1232,11.0,1485,452,25.4,63.1,2.0184,2004,8,13,4,0,0,0,0,0,1,0,0
3731,0.5,840,2.0,586,25,1154,34.0,1499,492,26.1,60.3,2.012,2004,8,13,5,0,0,0,0,0,1,0,0
3732,0.8,940,4.0,709,47,956,52.0,1641,588,25.2,67.1,2.1164,2004,8,13,6,0,0,0,0,0,1,0,0
3733,1.6,1076,8.6,924,101,720,80.0,1806,909,26.0,61.9,2.0511,2004,8,13,7,0,0,0,0,0,1,0,0
3734,1.6,1086,10.1,981,100,688,86.0,1818,1007,27.0,57.5,2.0183,2004,8,13,8,0,0,0,0,0,1,0,0
3735,1.4,1031,8.7,929,79,759,77.0,1722,809,30.5,44.4,1.9076,2004,8,13,9,0,0,0,0,0,1,0,0
3736,1.5,1016,7.9,896,91,766,93.0,1704,820,33.4,35.1,1.781,2004,8,13,10,0,0,0,0,0,1,0,0
3737,1.2,953,5.8,801,83,868,109.0,1573,657,35.7,29.0,1.6716,2004,8,13,11,0,0,0,0,0,1,0,0
3738,1.1,918,5.3,779,65,896,89.0,1537,551,35.8,27.7,1.6041,2004,8,13,12,0,0,0,0,0,1,0,0
3739,0.8,892,4.2,724,55,971,71.0,1490,511,36.3,27.4,1.6264,2004,8,13,13,0,0,0,0,0,1,0,0
3740,0.7,841,3.3,673,40,1061,56.0,1394,451,33.6,28.8,1.4695,2004,8,13,14,0,0,0,0,0,1,0,0
3741,0.7,799,4.0,709,48,1078,68.0,1332,462,35.2,20.5,1.1418,2004,8,13,15,0,0,0,0,0,1,0,0
3742,0.7,838,4.3,726,46,1056,61.0,1382,440,35.0,22.4,1.2371,2004,8,13,16,0,0,0,0,0,1,0,0
3743,1.0,870,4.6,745,54,998,70.0,1400,472,34.0,25.2,1.314,2004,8,13,17,0,0,0,0,0,1,0,0
3744,1.0,892,5.1,771,55,965,76.0,1465,494,32.0,28.2,1.3204,2004,8,13,18,0,0,0,0,0,1,0,0
3745,1.2,926,5.9,805,60,901,78.0,1511,524,29.4,34.4,1.3899,2004,8,13,19,0,0,0,0,0,1,0,0
3746,1.1,919,5.7,796,62,870,80.0,1538,560,28.1,41.1,1.535,2004,8,13,20,0,0,0,0,0,1,0,0
3747,1.0,932,4.7,746,51,912,71.0,1528,534,26.9,47.5,1.6595,2004,8,13,21,0,0,0,0,0,1,0,0
3748,1.2,957,5.1,767,57,867,74.0,1534,577,26.6,50.4,1.724,2004,8,13,22,0,0,0,0,0,1,0,0
3749,1.4,994,5.9,806,72,830,90.0,1580,674,25.9,52.9,1.7478,2004,8,13,23,0,0,0,0,0,1,0,0
3750,1.3,984,5.6,795,63,838,78.0,1570,676,25.4,54.6,1.7483,2004,8,14,0,1,0,0,0,0,0,1,0
3751,1.0,919,4.5,737,49,899,63.0,1534,611,25.1,55.7,1.7471,2004,8,14,1,1,0,0,0,0,0,1,0
3752,0.6,847,2.5,618,30,1075,42.0,1442,529,25.1,55.3,1.733,2004,8,14,2,1,0,0,0,0,0,1,0
3753,0.4,802,1.7,559,24,1232,34.5,1414,478,25.0,56.0,1.7428,2004,8,14,3,1,0,0,0,0,0,1,0
3754,0.4,795,1.8,569,18,1178,27.0,1426,497,25.2,55.0,1.7405,2004,8,14,4,1,0,0,0,0,0,1,0
3755,0.4,809,1.9,578,22,1170,29.0,1445,513,25.6,53.5,1.7291,2004,8,14,5,1,0,0,0,0,0,1,0
3756,0.5,835,2.6,626,39,1088,41.0,1471,563,24.7,55.9,1.7114,2004,8,14,6,1,0,0,0,0,0,1,0
3757,1.1,967,6.3,826,68,821,61.0,1639,822,24.0,57.2,1.6835,2004,8,14,7,1,0,0,0,0,0,1,0
3758,1.2,969,6.8,849,84,800,68.0,1626,890,25.0,53.2,1.663,2004,8,14,8,1,0,0,0,0,0,1,0
3759,0.9,913,4.7,749,54,911,58.0,1535,742,28.0,43.4,1.6162,2004,8,14,9,1,0,0,0,0,0,1,0
3760,0.9,933,4.7,748,51,948,52.0,1551,629,31.6,35.5,1.6269,2004,8,14,10,1,0,0,0,0,0,1,0
3761,1.0,922,4.0,712,52,924,57.0,1494,609,35.0,29.0,1.6017,2004,8,14,11,1,0,0,0,0,0,1,0
3762,0.8,914,4.3,726,44,959,51.0,1496,534,35.3,27.6,1.5512,2004,8,14,12,1,0,0,0,0,0,1,0
3763,0.8,873,3.8,699,47,999,53.0,1413,528,36.2,24.1,1.4235,2004,8,14,13,1,0,0,0,0,0,1,0
3764,0.7,831,3.4,676,37,1041,49.0,1350,463,34.8,24.5,1.3373,2004,8,14,14,1,0,0,0,0,0,1,0
3765,0.7,840,3.6,685,33,1051,44.0,1339,462,38.2,19.6,1.2915,2004,8,14,15,1,0,0,0,0,0,1,0
3766,0.7,874,3.6,686,36,1032,48.0,1402,501,38.9,20.3,1.382,2004,8,14,16,1,0,0,0,0,0,1,0
3767,0.7,896,3.6,687,33,1006,46.0,1438,493,36.9,27.1,1.6683,2004,8,14,17,1,0,0,0,0,0,1,0
3768,0.9,964,5.1,769,40,873,56.0,1546,572,35.2,32.1,1.7898,2004,8,14,18,1,0,0,0,0,0,1,0
3769,1.2,1001,6.6,838,56,801,73.0,1614,668,32.0,38.2,1.788,2004,8,14,19,1,0,0,0,0,0,1,0
3770,1.4,1005,7.3,868,71,779,85.0,1633,771,29.8,41.8,1.7269,2004,8,14,20,1,0,0,0,0,0,1,0
3771,1.2,979,6.1,818,57,797,72.0,1590,732,28.2,45.9,1.7272,2004,8,14,21,1,0,0,0,0,0,1,0
3772,1.0,935,5.2,774,43,825,53.0,1562,687,27.1,48.2,1.7075,2004,8,14,22,1,0,0,0,0,0,1,0
3773,0.9,939,4.9,758,40,858,47.0,1544,664,26.7,49.5,1.7048,2004,8,14,23,1,0,0,0,0,0,1,0
3774,0.7,878,3.5,684,26,947,37.0,1475,588,26.1,50.8,1.6917,2004,8,15,0,1,0,0,0,0,0,0,1
3775,0.5,848,3.0,650,24,989,34.0,1479,610,25.7,52.5,1.7077,2004,8,15,1,1,0,0,0,0,0,0,1
3776,0.5,826,2.7,631,24,1028,33.0,1473,593,24.8,55.4,1.7054,2004,8,15,2,1,0,0,0,0,0,0,1
3777,0.4,804,2.2,597,21,1077,30.0,1454,566,23.8,57.5,1.6723,2004,8,15,3,1,0,0,0,0,0,0,1
3778,0.4,789,2.0,584,18,1107,27.0,1457,571,22.4,62.2,1.6648,2004,8,15,4,1,0,0,0,0,0,0,1
3779,0.4,785,2.4,612,18,1054,27.0,1443,614,22.5,61.8,1.6654,2004,8,15,5,1,0,0,0,0,0,0,1
3780,0.4,772,2.0,584,19,1149,27.0,1414,566,22.7,59.2,1.6139,2004,8,15,6,1,0,0,0,0,0,0,1
3781,0.5,796,2.5,623,22,1064,28.0,1425,594,23.0,58.4,1.6223,2004,8,15,7,1,0,0,0,0,0,0,1
3782,0.7,875,3.5,682,34,983,36.0,1457,611,23.9,56.3,1.6489,2004,8,15,8,1,0,0,0,0,0,0,1
3783,1.1,955,6.0,811,61,841,59.0,1562,759,26.3,50.1,1.6889,2004,8,15,9,1,0,0,0,0,0,0,1
3784,1.0,938,5.3,778,46,896,56.0,1520,700,32.1,34.0,1.6039,2004,8,15,10,1,0,0,0,0,0,0,1
3785,1.2,954,6.3,826,56,870,70.0,1531,691,35.8,25.7,1.4861,2004,8,15,11,1,0,0,0,0,0,0,1
3786,1.1,875,4.8,753,31,978,36.0,1402,579,38.3,19.8,1.3067,2004,8,15,12,1,0,0,0,0,0,0,1
3787,0.6,810,3.2,664,11,1123,17.0,1312,478,37.3,20.5,1.286,2004,8,15,13,1,0,0,0,0,0,0,1
3788,0.4,746,2.6,624,8,1227,14.0,1209,410,36.3,18.4,1.0976,2004,8,15,14,1,0,0,0,0,0,0,1
3789,0.4,738,2.4,610,14,1281,24.0,1204,404,36.8,16.9,1.0347,2004,8,15,15,1,0,0,0,0,0,0,1
3790,0.5,771,3.0,652,21,1223,36.0,1239,440,37.9,15.9,1.0296,2004,8,15,16,1,0,0,0,0,0,0,1
3791,0.6,799,3.1,658,26,1216,43.0,1254,461,36.7,17.1,1.0398,2004,8,15,17,1,0,0,0,0,0,0,1
3792,0.8,831,3.4,679,37,1143,60.0,1291,526,33.8,21.9,1.1303,2004,8,15,18,1,0,0,0,0,0,0,1
3793,1.0,885,4.6,743,53,1016,81.0,1379,647,32.6,24.6,1.1885,2004,8,15,19,1,0,0,0,0,0,0,1
3794,1.1,883,4.4,731,56,988,87.0,1384,693,30.6,28.4,1.2247,2004,8,15,20,1,0,0,0,0,0,0,1
3795,1.1,906,5.5,790,51,936,85.0,1430,729,29.4,30.5,1.2288,2004,8,15,21,1,0,0,0,0,0,0,1
3796,1.6,982,8.2,906,79,784,91.0,1561,1002,28.4,34.4,1.314,2004,8,15,22,1,0,0,0,0,0,0,1
3797,0.9,892,5.0,766,38,880,55.0,1399,797,28.3,34.1,1.2951,2004,8,15,23,1,0,0,0,0,0,0,1
3798,0.7,841,4.0,711,25,956,42.0,1367,685,27.8,35.2,1.2968,2004,8,16,0,0,1,0,0,0,0,0,0
3799,0.7,859,3.7,693,24,988,43.0,1377,710,25.3,39.7,1.2656,2004,8,16,1,0,1,0,0,0,0,0,0
3800,0.5,810,3.1,657,11,1016,20.0,1337,629,24.5,41.5,1.2589,2004,8,16,2,0,1,0,0,0,0,0,0
3801,0.4,759,1.8,566,13,1175,21.5,1267,503,24.8,39.8,1.2231,2004,8,16,3,0,1,0,0,0,0,0,0
3802,0.3,749,1.5,543,16,1238,23.0,1244,462,23.3,41.9,1.1856,2004,8,16,4,0,1,0,0,0,0,0,0
3803,0.4,766,2.4,616,43,1163,43.0,1306,530,21.5,45.6,1.1558,2004,8,16,5,0,1,0,0,0,0,0,0
3804,0.9,865,5.4,783,86,893,68.0,1446,838,21.3,47.0,1.1793,2004,8,16,6,0,1,0,0,0,0,0,0
3805,1.3,924,8.5,920,92,767,62.0,1534,946,22.2,45.0,1.1867,2004,8,16,7,0,1,0,0,0,0,0,0
3806,1.6,973,10.9,1010,102,722,65.0,1616,1014,23.6,40.8,1.1746,2004,8,16,8,0,1,0,0,0,0,0,0
3807,2.1,1028,12.0,1048,171,719,93.0,1624,1135,27.1,32.4,1.1462,2004,8,16,9,0,1,0,0,0,0,0,0
3808,2.0,979,10.6,999,148,796,110.0,1515,1027,33.4,20.1,1.0142,2004,8,16,10,0,1,0,0,0,0,0,0
3809,1.4,892,7.4,874,119,923,106.0,1369,749,35.3,17.0,0.9546,2004,8,16,11,0,1,0,0,0,0,0,0
3810,1.4,892,7.3,869,71,953,77.0,1363,632,37.4,14.7,0.9295,2004,8,16,12,0,1,0,0,0,0,0,0
3811,0.9,836,4.6,741,53,1065,60.0,1277,479,38.6,14.6,0.9821,2004,8,16,13,0,1,0,0,0,0,0,0
3812,0.8,824,4.0,708,61,1091,67.0,1256,463,35.8,17.8,1.0274,2004,8,16,14,0,1,0,0,0,0,0,0
3813,0.8,825,3.8,702,53,1077,57.0,1267,458,38.4,16.4,1.0957,2004,8,16,15,0,1,0,0,0,0,0,0
3814,1.0,871,5.0,761,61,1015,60.0,1346,520,39.7,15.3,1.0963,2004,8,16,16,0,1,0,0,0,0,0,0
3815,1.3,903,6.9,853,72,930,69.0,1420,606,38.8,15.8,1.0706,2004,8,16,17,0,1,0,0,0,0,0,0
3816,1.3,944,7.0,857,67,880,77.0,1463,631,35.2,22.3,1.2467,2004,8,16,18,0,1,0,0,0,0,0,0
3817,1.3,969,6.8,850,70,857,77.0,1503,695,31.7,28.2,1.2962,2004,8,16,19,0,1,0,0,0,0,0,0
3818,1.6,1005,8.5,919,81,788,87.0,1543,871,30.4,30.9,1.3219,2004,8,16,20,0,1,0,0,0,0,0,0
3819,1.4,972,8.0,898,79,807,88.0,1508,879,29.5,32.1,1.3005,2004,8,16,21,0,1,0,0,0,0,0,0
3820,1.3,960,5.7,798,73,854,84.0,1459,780,28.0,34.9,1.2989,2004,8,16,22,0,1,0,0,0,0,0,0
3821,1.0,946,5.1,767,57,870,65.0,1443,728,28.2,36.6,1.3722,2004,8,16,23,0,1,0,0,0,0,0,0
3822,0.9,959,5.5,787,45,830,54.0,1460,821,26.5,40.7,1.3873,2004,8,17,0,0,0,1,0,0,0,0,0
3823,0.6,877,3.1,658,25,964,37.0,1349,663,28.3,36.7,1.3878,2004,8,17,1,0,0,1,0,0,0,0,0
3824,0.5,867,2.9,645,23,1001,36.0,1385,656,25.7,43.8,1.4233,2004,8,17,2,0,0,1,0,0,0,0,0
3825,0.5,836,2.6,626,20,1024,32.5,1397,639,24.3,49.0,1.4666,2004,8,17,3,0,0,1,0,0,0,0,0
3826,0.4,820,2.2,597,18,1069,29.0,1346,603,24.3,48.3,1.4449,2004,8,17,4,0,0,1,0,0,0,0,0
3827,0.4,828,2.5,618,23,1039,25.0,1354,560,23.6,49.2,1.4153,2004,8,17,5,0,0,1,0,0,0,0,0
3828,1.0,929,5.6,791,59,841,41.0,1493,789,22.2,53.9,1.4201,2004,8,17,6,0,0,1,0,0,0,0,0
3829,2.2,1118,12.9,1079,135,638,68.0,1761,1145,22.5,52.3,1.41,2004,8,17,7,0,0,1,0,0,0,0,0
3830,2.5,1155,16.0,1181,167,580,82.0,1850,1302,24.3,47.8,1.4321,2004,8,17,8,0,0,1,0,0,0,0,0
3831,2.3,1112,12.2,1058,190,654,137.0,1695,1297,27.3,40.7,1.4548,2004,8,17,9,0,0,1,0,0,0,0,0
3832,2.0,1094,10.0,979,142,717,119.0,1633,1192,33.3,28.2,1.4189,2004,8,17,10,0,0,1,0,0,0,0,0
3833,1.98,1022,7.8,890,140,803,117.4,1499,862,35.3,23.1,1.2989,2004,8,17,11,0,0,1,0,0,0,0,0
3834,1.96,968,5.9,805,138,875,115.8,1391,649,36.1,21.3,1.2502,2004,8,17,12,0,0,1,0,0,0,0,0
3835,1.94,978,6.6,840,136,852,114.2,1422,694,38.5,18.0,1.2055,2004,8,17,13,0,0,1,0,0,0,0,0
3836,1.92,947,4.8,751,134,922,112.6,1358,595,36.5,20.8,1.2446,2004,8,17,14,0,0,1,0,0,0,0,0
3837,1.9,997,5.9,808,132,870,111.0,1447,662,38.8,19.1,1.3035,2004,8,17,15,0,0,1,0,0,0,0,0
3838,1.88,1026,6.0,813,130,843,109.4,1463,692,38.8,19.8,1.3513,2004,8,17,16,0,0,1,0,0,0,0,0
3839,1.8599999999999999,973,5.0,764,128,914,107.8,1373,619,38.1,19.7,1.2928,2004,8,17,17,0,0,1,0,0,0,0,0
3840,1.8399999999999999,925,4.2,721,126,969,106.2,1317,484,36.1,20.7,1.2151,2004,8,17,18,0,0,1,0,0,0,0,0
3841,1.8199999999999998,957,5.0,766,124,929,104.6,1380,516,32.8,24.3,1.1894,2004,8,17,19,0,0,1,0,0,0,0,0
3842,1.8,1029,7.5,877,122,807,103.0,1489,776,30.4,29.8,1.2712,2004,8,17,20,0,0,1,0,0,0,0,0
3843,1.78,1109,9.3,952,120,735,101.4,1601,1041,29.1,33.6,1.3314,2004,8,17,21,0,0,1,0,0,0,0,0
3844,1.76,1105,10.0,977,118,692,99.8,1618,1138,28.6,35.7,1.3726,2004,8,17,22,0,0,1,0,0,0,0,0
3845,1.74,1039,8.2,906,116,728,98.2,1545,1091,28.0,36.1,1.3425,2004,8,17,23,0,0,1,0,0,0,0,0
3846,1.72,965,6.4,832,114,795,96.6,1455,978,25.8,39.5,1.2949,2004,8,18,0,0,0,0,1,0,0,0,0
3847,1.7,955,6.0,812,112,823,95.0,1464,936,25.1,40.1,1.2544,2004,8,18,1,0,0,0,1,0,0,0,0
3848,1.68,935,5.4,782,110,847,93.4,1428,867,24.4,42.5,1.2854,2004,8,18,2,0,0,0,1,0,0,0,0
3849,1.66,902,4.4,735,108,890,91.8,1410,781,23.0,46.2,1.2783,2004,8,18,3,0,0,0,1,0,0,0,0
3850,1.64,875,4.1,714,106,903,90.2,1379,746,22.5,46.7,1.261,2004,8,18,4,0,0,0,1,0,0,0,0
3851,1.6199999999999999,884,4.3,729,104,920,88.6,1389,837,22.9,45.7,1.2621,2004,8,18,5,0,0,0,1,0,0,0,0
3852,1.5999999999999999,942,6.3,825,102,870,87.0,1450,995,23.8,41.8,1.2149,2004,8,18,6,0,0,0,1,0,0,0,0
3853,1.5799999999999998,1077,10.9,1012,100,708,85.4,1633,1138,24.4,42.6,1.2866,2004,8,18,7,0,0,0,1,0,0,0,0
3854,1.56,1040,11.2,1022,98,713,83.8,1624,998,27.3,36.8,1.3189,2004,8,18,8,0,0,0,1,0,0,0,0
3855,1.54,982,6.5,836,96,840,82.19999999999999,1498,696,29.6,35.4,1.4426,2004,8,18,9,0,0,0,1,0,0,0,0
3856,1.52,995,5.7,800,94,896,80.6,1501,615,34.6,28.3,1.5338,2004,8,18,10,0,0,0,1,0,0,0,0
3857,1.5,1024,7.0,859,92,810,79.0,1576,710,33.1,32.6,1.6188,2004,8,18,11,0,0,0,1,0,0,0,0
3858,1.48,1029,5.6,791,90,855,77.4,1567,651,33.3,33.1,1.6642,2004,8,18,12,0,0,0,1,0,0,0,0
3859,1.46,1003,5.5,787,88,850,75.8,1518,636,34.6,30.1,1.6296,2004,8,18,13,0,0,0,1,0,0,0,0
3860,1.44,987,5.4,782,86,875,74.19999999999999,1514,593,34.9,29.5,1.6275,2004,8,18,14,0,0,0,1,0,0,0,0
3861,1.42,1023,7.0,859,84,810,72.6,1590,684,35.6,28.5,1.6293,2004,8,18,15,0,0,0,1,0,0,0,0
3862,1.4,1023,7.4,875,83,785,71.0,1590,711,36.4,27.1,1.6226,2004,8,18,16,0,0,0,1,0,0,0,0
3863,1.7,1064,9.1,942,94,735,78.0,1650,801,36.8,26.2,1.5984,2004,8,18,17,0,0,0,1,0,0,0,0
3864,1.5,1042,8.9,936,84,759,72.0,1630,770,36.4,26.8,1.6038,2004,8,18,18,0,0,0,1,0,0,0,0
3865,1.7,1059,9.2,947,90,733,74.0,1671,813,33.3,32.8,1.6527,2004,8,18,19,0,0,0,1,0,0,0,0
3866,1.6,1050,8.5,921,91,743,70.0,1683,851,31.3,39.5,1.7798,2004,8,18,20,0,0,0,1,0,0,0,0
3867,1.4,1025,7.9,896,70,738,55.0,1693,823,29.9,44.7,1.8511,2004,8,18,21,0,0,0,1,0,0,0,0
3868,1.4,1029,6.1,816,75,804,54.0,1624,778,29.1,48.4,1.9186,2004,8,18,22,0,0,0,1,0,0,0,0
3869,1.4,1055,6.4,831,72,769,53.0,1686,827,28.0,52.9,1.964,2004,8,18,23,0,0,0,1,0,0,0,0
3870,1.2,1001,5.7,799,59,800,46.0,1642,753,27.7,53.0,1.9423,2004,8,19,0,0,0,0,0,1,0,0,0
3871,0.9,936,4.4,730,48,864,38.0,1551,726,27.7,52.6,1.9202,2004,8,19,1,0,0,0,0,1,0,0,0
3872,0.6,863,2.3,608,41,1035,30.0,1465,597,28.3,49.5,1.8782,2004,8,19,2,0,0,0,0,1,0,0,0
3873,0.4,834,1.8,565,26,1187,23.0,1444,473,28.8,49.0,1.9112,2004,8,19,3,0,0,0,0,1,0,0,0
3874,0.5,841,1.9,578,11,1144,16.0,1464,463,27.7,52.5,1.923,2004,8,19,4,0,0,0,0,1,0,0,0
3875,0.5,871,2.4,611,11,1077,12.0,1494,526,27.5,53.0,1.9097,2004,8,19,5,0,0,0,0,1,0,0,0
3876,0.8,962,4.7,747,37,862,38.0,1605,712,27.1,54.4,1.9168,2004,8,19,6,0,0,0,0,1,0,0,0
3877,1.4,1083,7.8,889,72,725,56.0,1734,918,27.6,52.1,1.8936,2004,8,19,7,0,0,0,0,1,0,0,0
3878,1.2,1061,7.8,891,53,721,57.0,1697,894,29.0,48.5,1.9133,2004,8,19,8,0,0,0,0,1,0,0,0
3879,1.0,1012,6.3,824,31,803,39.0,1612,710,31.0,42.9,1.8909,2004,8,19,9,0,0,0,0,1,0,0,0
3880,1.2,1031,6.5,834,47,793,47.0,1640,737,32.5,39.4,1.8982,2004,8,19,10,0,0,0,0,1,0,0,0
3881,1.1,1011,6.1,816,33,830,35.0,1614,680,36.9,30.9,1.8934,2004,8,19,11,0,0,0,0,1,0,0,0
3882,1.2,1009,6.3,824,35,822,44.0,1606,670,36.2,30.6,1.8105,2004,8,19,12,0,0,0,0,1,0,0,0
3883,1.1,980,5.6,793,32,858,43.0,1549,654,37.7,27.7,1.778,2004,8,19,13,0,0,0,0,1,0,0,0
3884,1.0,961,5.8,803,23,852,34.0,1552,618,37.1,27.2,1.6874,2004,8,19,14,0,0,0,0,1,0,0,0
3885,1.0,966,5.4,784,27,870,36.0,1530,652,39.5,24.3,1.7216,2004,8,19,15,0,0,0,0,1,0,0,0
3886,1.2,1022,6.8,849,32,813,44.0,1583,732,39.9,23.8,1.7127,2004,8,19,16,0,0,0,0,1,0,0,0
3887,1.7,1091,9.3,953,51,723,63.0,1688,853,39.6,24.3,1.7255,2004,8,19,17,0,0,0,0,1,0,0,0
3888,1.7,1063,8.5,919,46,735,60.0,1676,821,37.2,29.1,1.8185,2004,8,19,18,0,0,0,0,1,0,0,0
3889,1.7,1116,9.3,952,62,702,66.0,1759,895,33.9,37.1,1.9264,2004,8,19,19,0,0,0,0,1,0,0,0
3890,1.7,1101,7.4,875,65,722,68.0,1748,927,31.6,43.6,1.9944,2004,8,19,20,0,0,0,0,1,0,0,0
3891,1.7035294117647057,1072,6.4,831,65,757,68.17241379310344,1677,857,30.3,47.3,2.0034,2004,8,19,21,0,0,0,0,1,0,0,0
3892,1.7070588235294117,1080,7.8,890,66,723,68.34482758620689,1702,869,29.8,49.1,2.0248,2004,8,19,22,0,0,0,0,1,0,0,0
3893,1.7105882352941175,1005,5.6,792,66,809,68.51724137931035,1638,725,29.0,51.7,2.0375,2004,8,19,23,0,0,0,0,1,0,0,0
3894,1.7141176470588235,998,5.3,776,67,810,68.6896551724138,1608,665,28.5,52.1,2.0036,2004,8,20,0,0,0,0,0,0,1,0,0
3895,1.7176470588235293,1000,5.0,763,67,807,68.86206896551724,1619,680,27.7,53.7,1.9661,2004,8,20,1,0,0,0,0,0,1,0,0
3896,1.7211764705882353,932,4.2,720,68,859,69.03448275862068,1562,605,27.4,53.5,1.9267,2004,8,20,2,0,0,0,0,0,1,0,0
3897,1.724705882352941,808,1.4,539,68,1206,69.20689655172414,1383,427,28.5,48.7,1.872,2004,8,20,3,0,0,0,0,0,1,0,0
3898,1.728235294117647,795,1.0,494,69,1398,69.37931034482759,1353,400,28.9,48.4,1.8982,2004,8,20,4,0,0,0,0,0,1,0,0
3899,1.7317647058823529,886,2.4,613,69,1075,69.55172413793103,1484,522,27.1,54.8,1.9309,2004,8,20,5,0,0,0,0,0,1,0,0
3900,1.7352941176470589,974,4.5,740,70,873,69.72413793103448,1595,703,26.1,59.0,1.9669,2004,8,20,6,0,0,0,0,0,1,0,0
3901,1.7388235294117647,1112,8.9,936,70,683,69.89655172413794,1792,965,26.7,58.0,2.0023,2004,8,20,7,0,0,0,0,0,1,0,0
3902,1.7423529411764704,1175,12.9,1080,71,591,70.06896551724138,1931,1102,27.9,54.9,2.0353,2004,8,20,8,0,0,0,0,0,1,0,0
3903,1.7458823529411764,1091,8.6,925,72,701,70.24137931034483,1753,1058,29.7,50.5,2.0767,2004,8,20,9,0,0,0,0,0,1,0,0
3904,1.7494117647058822,1066,7.8,890,72,747,70.41379310344827,1690,906,32.2,41.4,1.9624,2004,8,20,10,0,0,0,0,0,1,0,0
3905,1.7529411764705882,1031,7.7,887,73,777,70.58620689655173,1665,844,35.6,32.2,1.8408,2004,8,20,11,0,0,0,0,0,1,0,0
3906,1.756470588235294,1004,7.3,868,73,772,70.75862068965517,1632,763,35.7,31.4,1.8025,2004,8,20,12,0,0,0,0,0,1,0,0
3907,1.76,927,3.8,698,74,919,70.93103448275862,1537,555,35.5,34.9,1.9841,2004,8,20,13,0,0,0,0,0,1,0,0
3908,1.7635294117647058,924,3.3,673,74,960,71.10344827586206,1522,520,35.0,35.5,1.962,2004,8,20,14,0,0,0,0,0,1,0,0
3909,1.7670588235294118,912,3.3,671,75,964,71.27586206896552,1508,508,35.1,34.6,1.9255,2004,8,20,15,0,0,0,0,0,1,0,0
3910,1.7705882352941176,976,4.8,752,75,876,71.44827586206897,1561,545,36.8,30.5,1.8572,2004,8,20,16,0,0,0,0,0,1,0,0
3911,1.7741176470588236,989,5.7,798,76,840,71.62068965517241,1607,584,34.5,34.7,1.8667,2004,8,20,17,0,0,0,0,0,1,0,0
3912,1.7776470588235294,986,5.6,794,76,845,71.79310344827586,1619,590,33.0,38.1,1.8813,2004,8,20,18,0,0,0,0,0,1,0,0
3913,1.7811764705882354,984,5.7,800,77,836,71.96551724137932,1607,610,30.8,43.1,1.8761,2004,8,20,19,0,0,0,0,0,1,0,0
3914,1.7847058823529411,1000,7.0,857,77,767,72.13793103448276,1634,689,29.1,46.9,1.8652,2004,8,20,20,0,0,0,0,0,1,0,0
3915,1.788235294117647,996,6.8,848,78,763,72.3103448275862,1657,713,28.2,49.8,1.8795,2004,8,20,21,0,0,0,0,0,1,0,0
3916,1.791764705882353,1013,8.3,913,79,717,72.48275862068965,1685,785,27.5,50.4,1.823,2004,8,20,22,0,0,0,0,0,1,0,0
3917,1.7952941176470587,1004,6.9,851,79,767,72.65517241379311,1632,754,27.3,49.1,1.7503,2004,8,20,23,0,0,0,0,0,1,0,0
3918,1.7988235294117647,949,6.0,814,80,824,72.82758620689656,1563,653,26.7,46.7,1.6121,2004,8,21,0,1,0,0,0,0,0,1,0
3919,1.8023529411764705,895,5.4,783,80,863,73.0,1502,575,26.0,45.0,1.4913,2004,8,21,1,1,0,0,0,0,0,1,0
3920,1.8058823529411765,863,3.9,707,81,927,73.17241379310344,1407,537,25.0,47.3,1.4771,2004,8,21,2,1,0,0,0,0,0,1,0
3921,1.8094117647058823,786,2.0,587,81,1150,73.34482758620689,1300,413,25.3,44.3,1.4032,2004,8,21,3,1,0,0,0,0,0,1,0
3922,1.8129411764705883,792,2.2,597,82,1137,73.51724137931035,1320,417,24.3,46.3,1.3857,2004,8,21,4,1,0,0,0,0,0,1,0
3923,1.816470588235294,816,3.0,653,82,1058,73.6896551724138,1332,486,24.8,43.4,1.3347,2004,8,21,5,1,0,0,0,0,0,1,0
3924,1.82,826,3.5,682,83,1088,73.86206896551724,1342,532,24.5,40.6,1.2327,2004,8,21,6,1,0,0,0,0,0,1,0
3925,1.8235294117647058,826,3.8,698,83,1017,74.0344827586207,1331,542,25.7,36.9,1.1991,2004,8,21,7,1,0,0,0,0,0,1,0
3926,1.8270588235294118,809,3.2,664,84,1061,74.20689655172414,1323,459,26.8,35.0,1.2175,2004,8,21,8,1,0,0,0,0,0,1,0
3927,1.8305882352941176,809,2.6,624,85,1131,74.37931034482759,1309,415,28.0,34.9,1.3008,2004,8,21,9,1,0,0,0,0,0,1,0
3928,1.8341176470588234,853,3.5,681,85,1031,74.55172413793103,1368,457,29.0,34.1,1.3445,2004,8,21,10,1,0,0,0,0,0,1,0
3929,1.8376470588235294,814,3.1,657,86,1086,74.72413793103448,1332,429,30.4,30.8,1.3155,2004,8,21,11,1,0,0,0,0,0,1,0
3930,1.8411764705882352,807,3.1,658,86,1113,74.89655172413794,1328,428,32.4,26.3,1.2523,2004,8,21,12,1,0,0,0,0,0,1,0
3931,1.8447058823529412,811,3.0,653,87,1120,75.06896551724138,1336,423,31.0,28.9,1.277,2004,8,21,13,1,0,0,0,0,0,1,0
3932,1.848235294117647,796,2.2,601,87,1171,75.24137931034483,1314,410,29.3,33.1,1.322,2004,8,21,14,1,0,0,0,0,0,1,0
3933,1.851764705882353,833,3.0,649,88,1142,75.41379310344827,1354,437,26.9,35.2,1.2334,2004,8,21,15,1,0,0,0,0,0,1,0
3934,1.8552941176470588,856,3.5,684,88,1023,75.58620689655173,1368,520,28.1,34.2,1.2802,2004,8,21,16,1,0,0,0,0,0,1,0
3935,1.8588235294117648,830,3.7,696,89,1060,75.75862068965517,1328,461,28.5,29.4,1.1298,2004,8,21,17,1,0,0,0,0,0,1,0
3936,1.8623529411764705,883,5.4,782,89,958,75.93103448275862,1395,571,27.3,31.0,1.111,2004,8,21,18,1,0,0,0,0,0,1,0
3937,1.8658823529411765,965,8.9,936,90,808,76.10344827586206,1535,866,25.4,36.2,1.1562,2004,8,21,19,1,0,0,0,0,0,1,0
3938,1.8694117647058823,931,7.8,890,90,831,76.27586206896552,1474,841,24.6,38.0,1.158,2004,8,21,20,1,0,0,0,0,0,1,0
3939,1.8729411764705883,885,5.6,791,91,941,76.44827586206897,1425,706,24.3,41.6,1.2467,2004,8,21,21,1,0,0,0,0,0,1,0
3940,1.8764705882352941,900,5.2,773,92,944,76.62068965517241,1426,703,24.9,40.8,1.2696,2004,8,21,22,1,0,0,0,0,0,1,0
3941,1.88,904,6.7,845,92,878,76.79310344827586,1483,775,23.8,44.7,1.3019,2004,8,21,23,1,0,0,0,0,0,1,0
3942,1.883529411764706,944,8.0,900,93,809,76.96551724137932,1549,830,22.8,49.8,1.367,2004,8,22,0,1,0,0,0,0,0,0,1
3943,1.8870588235294117,907,6.4,832,93,868,77.13793103448276,1492,808,22.8,49.4,1.3568,2004,8,22,1,1,0,0,0,0,0,0,1
3944,1.8905882352941177,886,5.2,774,94,868,77.3103448275862,1486,815,20.9,57.4,1.4037,2004,8,22,2,1,0,0,0,0,0,0,1
3945,1.8941176470588235,882,5.1,767,94,856,77.48275862068965,1492,897,20.5,60.6,1.447,2004,8,22,3,1,0,0,0,0,0,0,1
3946,1.8976470588235295,843,4.0,713,95,917,77.65517241379311,1426,836,19.6,63.7,1.4396,2004,8,22,4,1,0,0,0,0,0,0,1
3947,1.9011764705882352,825,3.7,694,95,935,77.82758620689656,1415,774,19.4,64.5,1.4394,2004,8,22,5,1,0,0,0,0,0,0,1
3948,1.9047058823529412,791,2.8,638,96,1038,78.0,1389,698,18.6,67.4,1.4302,2004,8,22,6,1,0,0,0,0,0,0,1
3949,1.908235294117647,856,4.5,735,96,936,78.17241379310344,1455,800,19.6,63.7,1.4419,2004,8,22,7,1,0,0,0,0,0,0,1
3950,1.9117647058823528,861,4.7,746,97,911,78.34482758620689,1448,771,21.7,56.4,1.4496,2004,8,22,8,1,0,0,0,0,0,0,1
3951,1.9152941176470588,924,6.0,814,98,830,78.51724137931035,1519,798,25.2,47.4,1.4978,2004,8,22,9,1,0,0,0,0,0,0,1
3952,1.9188235294117648,941,5.8,805,98,842,78.6896551724138,1512,755,30.4,34.1,1.4577,2004,8,22,10,1,0,0,0,0,0,0,1
3953,1.9223529411764706,879,5.2,775,99,899,78.86206896551724,1407,657,33.4,25.1,1.2665,2004,8,22,11,1,0,0,0,0,0,0,1
3954,1.9258823529411764,816,4.6,742,99,1009,79.0344827586207,1305,537,35.5,18.2,1.0376,2004,8,22,12,1,0,0,0,0,0,0,1
3955,1.9294117647058824,715,2.1,589,100,1286,79.20689655172414,1127,390,35.1,15.7,0.8757,2004,8,22,13,1,0,0,0,0,0,0,1
3956,1.9329411764705882,717,1.8,570,100,1326,79.37931034482759,1110,368,33.3,17.1,0.8592,2004,8,22,14,1,0,0,0,0,0,0,1
3957,1.9364705882352942,711,2.8,640,101,1224,79.55172413793103,1084,391,36.6,11.8,0.7107,2004,8,22,15,1,0,0,0,0,0,0,1
3958,1.94,731,3.6,686,101,1212,79.72413793103448,1104,413,38.3,10.0,0.6591,2004,8,22,16,1,0,0,0,0,0,0,1
3959,1.943529411764706,752,4.0,713,102,1163,79.89655172413794,1144,435,37.3,10.9,0.6846,2004,8,22,17,1,0,0,0,0,0,0,1
3960,1.9470588235294117,879,5.3,779,102,999,80.06896551724138,1347,535,34.6,20.0,1.0817,2004,8,22,18,1,0,0,0,0,0,0,1
3961,1.9505882352941177,922,7.4,874,103,851,80.24137931034483,1447,663,30.4,28.2,1.204,2004,8,22,19,1,0,0,0,0,0,0,1
3962,1.9541176470588235,958,8.0,900,103,782,80.41379310344828,1493,830,28.1,34.3,1.2821,2004,8,22,20,1,0,0,0,0,0,0,1
3963,1.9576470588235293,949,7.4,876,104,773,80.58620689655173,1500,911,26.5,36.6,1.2484,2004,8,22,21,1,0,0,0,0,0,0,1
3964,1.9611764705882353,922,6.1,818,105,826,80.75862068965517,1454,848,25.7,38.5,1.2548,2004,8,22,22,1,0,0,0,0,0,0,1
3965,1.9647058823529413,902,5.5,790,105,856,80.93103448275862,1428,799,24.7,41.6,1.2751,2004,8,22,23,1,0,0,0,0,0,0,1
3966,1.968235294117647,932,6.2,820,106,817,81.10344827586206,1462,921,23.6,45.4,1.3067,2004,8,23,0,0,1,0,0,0,0,0,0
3967,1.9717647058823529,870,4.4,733,106,903,81.27586206896552,1392,762,23.4,46.3,1.3134,2004,8,23,1,0,1,0,0,0,0,0,0
3968,1.9752941176470589,812,3.4,675,107,995,81.44827586206897,1348,661,21.6,51.6,1.3171,2004,8,23,2,0,1,0,0,0,0,0,0
3969,1.9788235294117646,773,2.4,613,107,1065,81.62068965517241,1321,597,21.2,53.3,1.328,2004,8,23,3,0,1,0,0,0,0,0,0
3970,1.9823529411764707,769,2.0,582,108,1105,81.79310344827586,1306,616,20.6,55.1,1.3237,2004,8,23,4,0,1,0,0,0,0,0,0
3971,1.9858823529411764,763,2.0,583,108,1093,81.96551724137932,1288,596,22.1,49.6,1.3022,2004,8,23,5,0,1,0,0,0,0,0,0
3972,1.9894117647058824,809,3.8,701,109,997,82.13793103448276,1384,649,21.1,51.6,1.2784,2004,8,23,6,0,1,0,0,0,0,0,0
3973,1.9929411764705882,893,7.6,881,109,810,82.3103448275862,1486,792,21.8,48.6,1.2556,2004,8,23,7,0,1,0,0,0,0,0,0
3974,1.9964705882352942,1028,14.9,1146,110,638,82.48275862068965,1766,1080,21.7,49.1,1.2602,2004,8,23,8,0,1,0,0,0,0,0,0
3975,2.0,1011,12.0,1051,111,702,82.65517241379311,1659,1087,25.3,41.7,1.3243,2004,8,23,9,0,1,0,0,0,0,0,0
3976,1.8,994,9.2,947,98,764,82.82758620689656,1572,983,30.3,30.9,1.3096,2004,8,23,10,0,1,0,0,0,0,0,0
3977,1.6,937,8.2,908,86,822,83.0,1466,826,32.9,24.9,1.2269,2004,8,23,11,0,1,0,0,0,0,0,0
3978,1.3,902,5.9,808,57,912,64.0,1408,632,34.4,23.5,1.2541,2004,8,23,12,0,1,0,0,0,0,0,0
3979,1.0,860,4.7,748,39,955,50.0,1344,532,34.3,22.5,1.1974,2004,8,23,13,0,1,0,0,0,0,0,0
3980,0.9,843,4.1,716,41,1005,53.0,1305,496,33.4,21.6,1.0927,2004,8,23,14,0,1,0,0,0,0,0,0
3981,1.0,872,4.9,760,47,979,57.0,1314,513,36.1,18.4,1.0827,2004,8,23,15,0,1,0,0,0,0,0,0
3982,1.1,857,5.2,775,45,979,55.0,1258,512,37.3,15.4,0.9692,2004,8,23,16,0,1,0,0,0,0,0,0
3983,1.5,922,7.5,878,60,880,70.0,1363,615,36.8,16.2,0.9922,2004,8,23,17,0,1,0,0,0,0,0,0
3984,1.5,951,7.4,875,51,856,68.0,1406,600,34.9,20.9,1.1463,2004,8,23,18,0,1,0,0,0,0,0,0
3985,1.6,962,7.8,891,53,813,73.0,1442,634,30.8,26.5,1.1603,2004,8,23,19,0,1,0,0,0,0,0,0
3986,1.7,957,8.6,926,72,758,92.0,1480,830,28.9,28.3,1.1078,2004,8,23,20,0,1,0,0,0,0,0,0
3987,1.4,928,6.5,837,62,808,80.0,1410,871,27.0,30.7,1.079,2004,8,23,21,0,1,0,0,0,0,0,0
3988,1.2,895,6.8,846,41,819,60.0,1371,787,26.6,30.6,1.0459,2004,8,23,22,0,1,0,0,0,0,0,0
3989,1.1,902,5.7,797,32,845,49.0,1355,841,26.0,33.1,1.0955,2004,8,23,23,0,1,0,0,0,0,0,0
3990,1.1,904,5.8,801,44,852,53.0,1400,862,24.1,37.9,1.1204,2004,8,24,0,0,0,1,0,0,0,0,0
3991,1.2,919,5.7,799,29,844,50.0,1409,881,22.2,43.1,1.1396,2004,8,24,1,0,0,1,0,0,0,0,0
3992,0.7,812,3.2,663,18,982,34.0,1265,709,22.8,41.3,1.1284,2004,8,24,2,0,0,1,0,0,0,0,0
3993,0.5,776,2.1,590,15,1099,27.5,1245,602,21.2,43.8,1.088,2004,8,24,3,0,0,1,0,0,0,0,0
3994,0.4,762,1.7,563,12,1181,21.0,1208,492,21.7,42.6,1.0907,2004,8,24,4,0,0,1,0,0,0,0,0
3995,0.7,786,2.8,642,39,1057,48.0,1270,592,20.2,47.1,1.1021,2004,8,24,5,0,0,1,0,0,0,0,0
3996,1.1,868,5.7,798,83,866,71.0,1392,824,20.1,47.8,1.1093,2004,8,24,6,0,0,1,0,0,0,0,0
3997,1.6,965,10.0,977,149,725,94.0,1515,1014,20.6,45.5,1.0925,2004,8,24,7,0,0,1,0,0,0,0,0
3998,2.3,1049,14.5,1133,216,630,118.0,1662,1208,22.4,41.1,1.0979,2004,8,24,8,0,0,1,0,0,0,0,0
3999,1.6,1008,9.9,973,153,714,105.0,1509,1178,25.0,36.6,1.143,2004,8,24,9,0,0,1,0,0,0,0,0
4000,2.0,1008,11.2,1021,177,714,122.0,1549,1176,29.9,26.2,1.0891,2004,8,24,10,0,0,1,0,0,0,0,0
4001,1.6,973,8.3,911,126,800,121.0,1441,891,32.9,21.8,1.0714,2004,8,24,11,0,0,1,0,0,0,0,0
4002,1.6,964,9.5,959,96,787,115.0,1438,731,35.0,17.9,0.99,2004,8,24,12,0,0,1,0,0,0,0,0
4003,1.3,923,7.1,862,92,875,107.0,1363,626,34.6,18.2,0.9832,2004,8,24,13,0,0,1,0,0,0,0,0
4004,1.0,934,6.0,811,75,896,86.0,1343,553,33.8,22.8,1.1781,2004,8,24,14,0,0,1,0,0,0,0,0
4005,1.6,1036,9.1,943,109,770,118.0,1509,770,36.3,19.5,1.1539,2004,8,24,15,0,0,1,0,0,0,0,0
4006,2.0,1076,10.4,994,133,723,129.0,1549,938,38.3,17.9,1.181,2004,8,24,16,0,0,1,0,0,0,0,0
4007,1.7,1055,8.7,927,87,757,90.0,1520,716,36.9,20.9,1.2864,2004,8,24,17,0,0,1,0,0,0,0,0
4008,1.7,1081,9.0,938,80,728,87.0,1568,714,33.9,30.0,1.56,2004,8,24,18,0,0,1,0,0,0,0,0
4009,1.4,1072,6.8,850,70,737,65.0,1604,702,29.8,43.4,1.7988,2004,8,24,19,0,0,1,0,0,0,0,0
4010,1.3,1038,5.2,773,67,749,61.0,1568,687,27.5,50.4,1.8274,2004,8,24,20,0,0,1,0,0,0,0,0
4011,1.3,1059,5.7,800,66,740,62.0,1604,739,27.5,50.4,1.8284,2004,8,24,21,0,0,1,0,0,0,0,0
4012,1.6,1070,6.9,852,97,704,85.0,1639,867,28.1,48.0,1.7933,2004,8,24,22,0,0,1,0,0,0,0,0
4013,1.8,1093,7.8,893,90,677,83.0,1678,927,26.9,49.6,1.7299,2004,8,24,23,0,0,1,0,0,0,0,0
4014,1.5,1016,6.8,849,99,729,84.0,1609,872,26.0,48.0,1.5899,2004,8,25,0,0,0,0,1,0,0,0,0
4015,1.3,988,6.3,825,71,756,71.0,1559,848,24.9,50.6,1.5747,2004,8,25,1,0,0,0,1,0,0,0,0
4016,1.1,930,4.7,749,59,823,62.0,1464,777,23.7,53.2,1.5418,2004,8,25,2,0,0,0,1,0,0,0,0
4017,0.5,815,2.0,584,42,1102,51.0,1363,513,24.5,50.9,1.5416,2004,8,25,3,0,0,0,1,0,0,0,0
4018,0.6,884,3.6,686,26,908,40.0,1439,651,22.9,56.1,1.5492,2004,8,25,4,0,0,0,1,0,0,0,0
4019,0.7,913,4.4,730,47,883,50.0,1493,774,23.3,55.5,1.5636,2004,8,25,5,0,0,0,1,0,0,0,0
4020,1.1,994,6.4,829,108,784,78.0,1581,982,23.6,54.2,1.5583,2004,8,25,6,0,0,0,1,0,0,0,0
4021,1.9,1173,11.9,1047,160,631,89.0,1815,1175,24.9,52.9,1.643,2004,8,25,7,0,0,0,1,0,0,0,0
4022,3.5,1314,21.0,1325,204,499,106.0,2143,1390,26.4,50.8,1.7166,2004,8,25,8,0,0,0,1,0,0,0,0
4023,2.9,1252,15.6,1168,193,557,107.0,1938,1352,28.1,47.4,1.7753,2004,8,25,9,0,0,0,1,0,0,0,0
4024,2.2,1151,12.1,1053,146,623,93.0,1835,1152,30.2,43.2,1.823,2004,8,25,10,0,0,0,1,0,0,0,0
4025,2.0,1122,9.3,951,126,687,95.0,1729,1022,31.2,41.9,1.871,2004,8,25,11,0,0,0,1,0,0,0,0
4026,1.7,1111,8.7,927,90,707,78.0,1715,922,33.9,36.0,1.8692,2004,8,25,12,0,0,0,1,0,0,0,0
4027,1.6,1058,7.9,894,84,736,76.0,1648,825,33.9,34.1,1.7754,2004,8,25,13,0,0,0,1,0,0,0,0
4028,1.3,972,6.2,820,60,811,66.0,1535,630,34.4,30.6,1.6402,2004,8,25,14,0,0,0,1,0,0,0,0
4029,1.3,985,6.3,826,66,808,71.0,1544,621,35.3,28.5,1.6034,2004,8,25,15,0,0,0,1,0,0,0,0
4030,1.3,1004,6.0,814,57,808,61.0,1520,602,36.3,28.3,1.6851,2004,8,25,16,0,0,0,1,0,0,0,0
4031,1.6,1030,7.9,897,71,733,73.0,1592,668,35.3,29.4,1.6577,2004,8,25,17,0,0,0,1,0,0,0,0
4032,1.3,965,5.8,802,51,821,54.0,1504,564,32.5,34.1,1.6453,2004,8,25,18,0,0,0,1,0,0,0,0
4033,1.4,987,6.3,824,49,793,53.0,1541,581,29.1,42.1,1.6695,2004,8,25,19,0,0,0,1,0,0,0,0
4034,1.4,923,6.0,811,59,804,69.0,1434,604,27.8,35.6,1.3116,2004,8,25,20,0,0,0,1,0,0,0,0
4035,1.3,872,6.3,824,66,853,77.0,1346,590,27.0,30.0,1.0542,2004,8,25,21,0,0,0,1,0,0,0,0
4036,1.4,939,6.8,849,72,804,83.0,1479,650,26.3,37.3,1.2555,2004,8,25,22,0,0,0,1,0,0,0,0
4037,1.5,954,7.0,855,89,792,94.0,1474,745,25.2,40.8,1.2877,2004,8,25,23,0,0,0,1,0,0,0,0
4038,1.5,969,7.0,857,75,753,84.0,1485,821,24.3,43.3,1.2973,2004,8,26,0,0,0,0,0,1,0,0,0
4039,0.9,882,5.0,763,38,879,55.0,1388,656,23.3,45.3,1.2794,2004,8,26,1,0,0,0,0,1,0,0,0
4040,0.6,805,2.8,637,24,1048,35.0,1276,520,24.1,44.0,1.3034,2004,8,26,2,0,0,0,0,1,0,0,0
4041,0.5,790,2.1,590,21,1122,33.0,1257,493,23.8,44.8,1.3061,2004,8,26,3,0,0,0,0,1,0,0,0
4042,0.5,779,1.7,560,19,1189,31.0,1231,487,23.0,47.7,1.3232,2004,8,26,4,0,0,0,0,1,0,0,0
4043,0.5,842,2.8,640,40,1070,45.0,1293,595,23.7,46.7,1.3501,2004,8,26,5,0,0,0,0,1,0,0,0
4044,1.0,841,2.8217391304347825,641,63,1066,59.0,1294,599,23.61521739130435,46.97391304347826,1.350108695652174,2004,8,26,6,0,0,0,0,1,0,0,0
4045,1.9,841,2.8434782608695652,642,121,1063,83.0,1295,603,23.530434782608694,47.24782608695652,1.3501173913043478,2004,8,26,7,0,0,0,0,1,0,0,0
4046,2.6,841,2.8652173913043475,643,143,1059,90.0,1297,608,23.445652173913043,47.52173913043479,1.350126086956522,2004,8,26,8,0,0,0,0,1,0,0,0
4047,1.7,841,2.88695652173913,645,104,1056,87.0,1298,612,23.360869565217392,47.79565217391305,1.3501347826086958,2004,8,26,9,0,0,0,0,1,0,0,0
4048,1.7,841,2.908695652173913,646,111,1052,83.0,1300,616,23.276086956521738,48.06956521739131,1.3501434782608697,2004,8,26,10,0,0,0,0,1,0,0,0
4049,1.4,841,2.9304347826086956,647,83,1049,71.0,1301,621,23.191304347826087,48.34347826086957,1.3501521739130435,2004,8,26,11,0,0,0,0,1,0,0,0
4050,1.6,840,2.9521739130434783,648,90,1045,77.0,1303,625,23.106521739130436,48.61739130434783,1.3501608695652174,2004,8,26,12,0,0,0,0,1,0,0,0
4051,1.3,840,2.9739130434782606,650,82,1042,75.0,1304,629,23.02173913043478,48.891304347826086,1.3501695652173913,2004,8,26,13,0,0,0,0,1,0,0,0
4052,0.9,840,2.9956521739130433,651,48,1039,52.0,1306,634,22.93695652173913,49.16521739130435,1.3501782608695654,2004,8,26,14,0,0,0,0,1,0,0,0
4053,1.4,840,3.017391304347826,652,89,1035,76.0,1307,638,22.85217391304348,49.43913043478261,1.3501869565217393,2004,8,26,15,0,0,0,0,1,0,0,0
4054,1.0,840,3.0391304347826087,654,58,1032,60.0,1309,643,22.767391304347825,49.71304347826087,1.3501956521739131,2004,8,26,16,0,0,0,0,1,0,0,0
4055,2.2,840,3.060869565217391,655,129,1028,99.0,1310,647,22.682608695652174,49.98695652173913,1.350204347826087,2004,8,26,17,0,0,0,0,1,0,0,0
4056,1.9,840,3.0826086956521737,656,103,1025,88.0,1312,651,22.597826086956523,50.26086956521739,1.3502130434782609,2004,8,26,18,0,0,0,0,1,0,0,0
4057,2.1,839,3.1043478260869564,657,115,1021,91.0,1313,656,22.51304347826087,50.53478260869565,1.3502217391304348,2004,8,26,19,0,0,0,0,1,0,0,0
4058,1.7,839,3.126086956521739,659,108,1018,91.0,1315,660,22.428260869565218,50.80869565217392,1.3502304347826088,2004,8,26,20,0,0,0,0,1,0,0,0
4059,1.0,839,3.1478260869565213,660,60,1015,68.0,1316,664,22.343478260869563,51.082608695652176,1.3502391304347827,2004,8,26,21,0,0,0,0,1,0,0,0
4060,1.1,839,3.169565217391304,661,68,1011,71.0,1318,669,22.258695652173913,51.356521739130436,1.3502478260869566,2004,8,26,22,0,0,0,0,1,0,0,0
4061,0.7,839,3.1913043478260867,663,36,1008,49.0,1319,673,22.17391304347826,51.630434782608695,1.3502565217391305,2004,8,26,23,0,0,0,0,1,0,0,0
4062,1.3,839,3.2130434782608694,664,81,1004,71.0,1321,678,22.089130434782607,51.904347826086955,1.3502652173913043,2004,8,27,0,0,0,0,0,0,1,0,0
4063,1.3,838,3.234782608695652,665,91,1001,76.0,1322,682,22.004347826086956,52.17826086956522,1.3502739130434782,2004,8,27,1,0,0,0,0,0,1,0,0
4064,1.0,838,3.2565217391304344,666,65,997,67.0,1324,686,21.919565217391305,52.45217391304348,1.3502826086956523,2004,8,27,2,0,0,0,0,0,1,0,0
4065,0.7,838,3.278260869565217,668,55,994,62.5,1325,691,21.83478260869565,52.72608695652174,1.3502913043478262,2004,8,27,3,0,0,0,0,0,1,0,0
4066,0.6,838,3.3,669,46,991,58.0,1327,695,21.75,53.0,1.3503,2004,8,27,4,0,0,0,0,0,1,0,0
4067,0.7,838,3.3217391304347825,670,71,987,53.0,1328,699,21.66521739130435,53.27391304347826,1.350308695652174,2004,8,27,5,0,0,0,0,0,1,0,0
4068,1.1,838,3.3434782608695652,672,92,984,52.0,1329,704,21.580434782608695,53.54782608695652,1.3503173913043478,2004,8,27,6,0,0,0,0,0,1,0,0
4069,2.4,838,3.3652173913043475,673,201,980,68.0,1331,708,21.495652173913044,53.82173913043478,1.350326086956522,2004,8,27,7,0,0,0,0,0,1,0,0
4070,2.4,837,3.38695652173913,674,169,977,69.0,1332,712,21.410869565217393,54.095652173913045,1.3503347826086958,2004,8,27,8,0,0,0,0,0,1,0,0
4071,2.3,837,3.408695652173913,675,158,973,83.0,1334,717,21.32608695652174,54.369565217391305,1.3503434782608696,2004,8,27,9,0,0,0,0,0,1,0,0
4072,2.2,837,3.4304347826086956,677,147,970,99.0,1335,721,21.241304347826087,54.643478260869564,1.3503521739130435,2004,8,27,10,0,0,0,0,0,1,0,0
4073,1.8,837,3.4521739130434783,678,119,966,101.0,1337,726,21.156521739130437,54.917391304347824,1.3503608695652174,2004,8,27,11,0,0,0,0,0,1,0,0
4074,2.0,837,3.4739130434782606,679,114,963,104.0,1338,730,21.071739130434782,55.19130434782608,1.3503695652173913,2004,8,27,12,0,0,0,0,0,1,0,0
4075,1.5,837,3.4956521739130433,681,92,960,89.0,1340,734,20.98695652173913,55.46521739130435,1.3503782608695654,2004,8,27,13,0,0,0,0,0,1,0,0
4076,1.4,836,3.517391304347826,682,82,956,88.0,1341,739,20.902173913043477,55.73913043478261,1.3503869565217392,2004,8,27,14,0,0,0,0,0,1,0,0
4077,1.5,836,3.5391304347826082,683,85,953,89.0,1343,743,20.817391304347826,56.01304347826087,1.350395652173913,2004,8,27,15,0,0,0,0,0,1,0,0
4078,1.6,836,3.560869565217391,684,96,949,92.0,1344,747,20.732608695652175,56.28695652173913,1.350404347826087,2004,8,27,16,0,0,0,0,0,1,0,0
4079,1.9,836,3.5826086956521737,686,104,946,109.0,1346,752,20.64782608695652,56.56086956521739,1.3504130434782609,2004,8,27,17,0,0,0,0,0,1,0,0
4080,2.0,836,3.6043478260869564,687,101,942,107.0,1347,756,20.56304347826087,56.83478260869565,1.3504217391304347,2004,8,27,18,0,0,0,0,0,1,0,0
4081,2.3,836,3.626086956521739,688,128,939,116.0,1349,761,20.47826086956522,57.10869565217391,1.3504304347826088,2004,8,27,19,0,0,0,0,0,1,0,0
4082,2.4,836,3.6478260869565213,690,147,936,124.0,1350,765,20.393478260869564,57.38260869565217,1.3504391304347827,2004,8,27,20,0,0,0,0,0,1,0,0
4083,1.8,835,3.669565217391304,691,115,932,112.0,1352,769,20.308695652173913,57.65652173913043,1.3504478260869566,2004,8,27,21,0,0,0,0,0,1,0,0
4084,1.7,835,3.6913043478260867,692,97,929,99.0,1353,774,20.223913043478262,57.93043478260869,1.3504565217391304,2004,8,27,22,0,0,0,0,0,1,0,0
4085,1.2,835,3.7130434782608694,693,74,925,85.0,1355,778,20.139130434782608,58.20434782608695,1.3504652173913043,2004,8,27,23,0,0,0,0,0,1,0,0
4086,0.8,835,3.734782608695652,695,50,922,69.0,1356,782,20.054347826086957,58.47826086956522,1.3504739130434782,2004,8,28,0,1,0,0,0,0,0,1,0
4087,0.7,835,3.7565217391304344,696,41,918,58.0,1358,787,19.969565217391306,58.75217391304348,1.3504826086956523,2004,8,28,1,1,0,0,0,0,0,1,0
4088,0.6,835,3.778260869565217,697,36,915,49.0,1359,791,19.88478260869565,59.02608695652174,1.3504913043478262,2004,8,28,2,1,0,0,0,0,0,1,0
4089,0.6,835,3.8,699,38,912,52.5,1361,796,19.8,59.3,1.3505,2004,8,28,3,1,0,0,0,0,0,1,0
4090,0.6,792,2.5,621,40,1015,56.0,1322,714,20.0,59.3,1.3681,2004,8,28,4,1,0,0,0,0,0,1,0
4091,0.4,749,1.7,559,25,1145,33.0,1255,584,22.5,48.6,1.3077,2004,8,28,5,1,0,0,0,0,0,1,0
4092,0.5,803,3.4,676,38,975,39.0,1303,676,19.5,57.0,1.2739,2004,8,28,6,1,0,0,0,0,0,1,0
4093,0.7,818,4.3,726,38,921,43.0,1330,685,19.6,56.1,1.2651,2004,8,28,7,1,0,0,0,0,0,1,0
4094,1.2,932,7.1,861,75,767,62.0,1483,894,20.7,53.3,1.287,2004,8,28,8,1,0,0,0,0,0,1,0
4095,1.7,977,8.3,913,104,744,81.0,1512,977,24.7,41.8,1.2839,2004,8,28,9,1,0,0,0,0,0,1,0
4096,1.8,1011,9.1,945,134,733,102.0,1570,1034,29.9,30.5,1.2616,2004,8,28,10,1,0,0,0,0,0,1,0
4097,1.5,975,7.7,887,85,829,86.0,1478,737,32.3,27.2,1.2933,2004,8,28,11,1,0,0,0,0,0,1,0
4098,1.2,958,7.2,867,30,828,37.0,1468,660,34.3,24.5,1.3021,2004,8,28,12,1,0,0,0,0,0,1,0
4099,1.1,903,5.8,805,49,886,64.0,1361,581,33.4,22.5,1.1398,2004,8,28,13,1,0,0,0,0,0,1,0
4100,1.1246575342465754,854,3.5,684,51,1020,64.5,1294,456,32.7,22.8,1.1069,2004,8,28,14,1,0,0,0,0,0,1,0
4101,1.1493150684931508,890,4.7,749,53,953,65.0,1332,483,34.5,20.5,1.1028,2004,8,28,15,1,0,0,0,0,0,1,0
4102,1.1739726027397261,962,6.7,845,55,877,65.5,1379,575,35.9,20.3,1.18,2004,8,28,16,1,0,0,0,0,0,1,0
4103,1.1986301369863015,1028,8.9,934,57,786,66.0,1481,707,35.8,23.0,1.3323,2004,8,28,17,1,0,0,0,0,0,1,0
4104,1.2232876712328768,1031,8.0,901,59,775,66.5,1502,628,33.5,29.0,1.4797,2004,8,28,18,1,0,0,0,0,0,1,0
4105,1.2479452054794522,1087,9.0,938,61,690,67.0,1613,747,29.8,39.6,1.6324,2004,8,28,19,1,0,0,0,0,0,1,0
4106,1.2726027397260276,1029,7.1,862,64,727,67.5,1539,733,27.9,43.1,1.6004,2004,8,28,20,1,0,0,0,0,0,1,0
4107,1.297260273972603,1070,8.8,932,66,685,68.0,1648,847,27.3,44.5,1.5885,2004,8,28,21,1,0,0,0,0,0,1,0
4108,1.3219178082191783,1059,8.4,914,68,697,68.5,1617,895,26.0,47.6,1.5806,2004,8,28,22,1,0,0,0,0,0,1,0
4109,1.3465753424657534,1125,9.3,952,70,646,69.0,1690,995,25.3,52.9,1.6765,2004,8,28,23,1,0,0,0,0,0,1,0
4110,1.3712328767123287,1062,6.4,829,72,714,69.5,1592,846,24.5,56.3,1.7026,2004,8,29,0,1,0,0,0,0,0,0,1
4111,1.395890410958904,1049,6.9,853,74,699,70.0,1605,882,23.5,59.8,1.7141,2004,8,29,1,1,0,0,0,0,0,0,1
4112,1.4205479452054794,999,7.3,871,77,711,70.5,1580,909,22.6,62.6,1.6945,2004,8,29,2,1,0,0,0,0,0,0,1
4113,1.4452054794520548,947,5.9,808,79,768,71.0,1537,851,21.8,64.6,1.6721,2004,8,29,3,1,0,0,0,0,0,0,1
4114,1.4698630136986301,904,4.8,753,81,809,71.5,1529,766,21.0,66.9,1.6454,2004,8,29,4,1,0,0,0,0,0,0,1
4115,1.4945205479452055,894,3.5,681,83,843,72.0,1476,765,21.2,66.4,1.6468,2004,8,29,5,1,0,0,0,0,0,0,1
4116,1.5191780821917809,875,3.0,654,85,897,72.5,1463,752,21.0,66.5,1.6344,2004,8,29,6,1,0,0,0,0,0,0,1
4117,1.5438356164383562,870,2.8,637,87,947,73.0,1445,716,21.3,64.1,1.6043,2004,8,29,7,1,0,0,0,0,0,0,1
4118,1.5684931506849316,952,4.8,756,90,809,73.5,1518,825,22.7,58.1,1.5856,2004,8,29,8,1,0,0,0,0,0,0,1
4119,1.593150684931507,949,3.9,705,92,859,74.0,1460,691,25.1,51.8,1.6304,2004,8,29,9,1,0,0,0,0,0,0,1
4120,1.617808219178082,1028,6.9,854,94,776,74.5,1561,761,29.5,39.0,1.5868,2004,8,29,10,1,0,0,0,0,0,0,1
4121,1.6424657534246574,1003,6.8,849,96,800,75.0,1511,710,32.3,31.8,1.5128,2004,8,29,11,1,0,0,0,0,0,0,1
4122,1.6671232876712327,934,5.0,763,98,872,75.5,1435,567,33.6,28.9,1.4792,2004,8,29,12,1,0,0,0,0,0,0,1
4123,1.691780821917808,872,4.0,710,100,956,76.0,1377,493,31.9,28.2,1.3116,2004,8,29,13,1,0,0,0,0,0,0,1
4124,1.7164383561643834,852,3.5,684,103,982,76.5,1343,477,32.5,25.9,1.2437,2004,8,29,14,1,0,0,0,0,0,0,1
4125,1.7410958904109588,881,4.1,715,105,955,77.0,1352,502,34.1,23.4,1.2307,2004,8,29,15,1,0,0,0,0,0,0,1
4126,1.7657534246575342,942,5.4,783,107,898,77.5,1397,568,36.2,21.4,1.2664,2004,8,29,16,1,0,0,0,0,0,0,1
4127,1.7904109589041095,1038,8.6,925,109,746,78.0,1534,714,35.6,22.6,1.2984,2004,8,29,17,1,0,0,0,0,0,0,1
4128,1.8150684931506849,1042,8.8,932,111,752,78.5,1530,717,33.6,25.7,1.3101,2004,8,29,18,1,0,0,0,0,0,0,1
4129,1.8397260273972602,1181,13.7,1107,113,590,79.0,1807,935,29.9,35.2,1.4603,2004,8,29,19,1,0,0,0,0,0,0,1
4130,1.8643835616438356,1116,11.8,1044,116,613,79.5,1694,954,28.3,39.2,1.4826,2004,8,29,20,1,0,0,0,0,0,0,1
4131,1.889041095890411,1062,8.6,923,118,697,80.0,1602,839,27.0,43.0,1.5118,2004,8,29,21,1,0,0,0,0,0,0,1
4132,1.9136986301369863,1085,9.2,948,120,680,80.5,1635,880,26.2,46.8,1.5669,2004,8,29,22,1,0,0,0,0,0,0,1
4133,1.9383561643835616,1161,12.2,1057,122,613,81.0,1764,1026,25.1,51.5,1.621,2004,8,29,23,1,0,0,0,0,0,0,1
4134,1.963013698630137,1053,7.8,891,124,690,81.5,1589,898,24.1,55.3,1.6363,2004,8,30,0,0,1,0,0,0,0,0,0
4135,1.9876712328767123,956,4.5,740,126,831,82.0,1474,717,23.8,57.8,1.677,2004,8,30,1,0,1,0,0,0,0,0,0
4136,2.0123287671232877,859,2.9,646,129,951,82.5,1376,607,23.7,56.2,1.6255,2004,8,30,2,0,1,0,0,0,0,0,0
4137,2.036986301369863,813,1.8,566,131,1123,83.0,1328,501,24.8,52.2,1.6086,2004,8,30,3,0,1,0,0,0,0,0,0
4138,2.0616438356164384,815,1.7,565,133,1127,83.5,1350,541,22.9,59.4,1.6353,2004,8,30,4,0,1,0,0,0,0,0,0
4139,2.0863013698630137,902,3.9,706,135,877,84.0,1463,708,22.0,62.3,1.6266,2004,8,30,5,0,1,0,0,0,0,0,0
4140,2.110958904109589,1017,7.6,885,137,726,84.5,1609,884,21.5,64.0,1.6256,2004,8,30,6,0,1,0,0,0,0,0,0
4141,2.1356164383561644,1336,23.3,1385,139,477,85.0,2133,1357,22.6,60.3,1.6287,2004,8,30,7,0,1,0,0,0,0,0,0
4143,2.184931506849315,1271,20.4,1308,144,517,86.0,2007,1411,25.7,50.6,1.6475,2004,8,30,9,0,1,0,0,0,0,0,0
4144,2.2095890410958905,1169,13.7,1107,146,607,86.5,1818,1175,27.8,45.4,1.6751,2004,8,30,10,0,1,0,0,0,0,0,0
4145,2.234246575342466,1143,11.8,1043,148,643,87.0,1747,1079,29.9,39.6,1.6397,2004,8,30,11,0,1,0,0,0,0,0,0
4146,2.258904109589041,1084,10.1,980,150,679,87.5,1653,923,31.6,34.7,1.589,2004,8,30,12,0,1,0,0,0,0,0,0
4147,2.2835616438356166,1051,9.3,950,152,715,88.0,1644,748,31.5,34.4,1.5665,2004,8,30,13,0,1,0,0,0,0,0,0
4148,2.308219178082192,1020,7.6,882,154,765,88.5,1553,635,31.2,35.0,1.5669,2004,8,30,14,0,1,0,0,0,0,0,0
4149,2.3328767123287673,1111,13.1,1088,157,635,89.0,1719,884,33.0,31.4,1.5583,2004,8,30,15,0,1,0,0,0,0,0,0
4150,2.3575342465753426,1125,12.2,1056,159,645,89.5,1716,929,33.8,29.2,1.5143,2004,8,30,16,0,1,0,0,0,0,0,0
4151,2.382191780821918,1099,11.9,1048,161,657,90.0,1711,779,33.0,29.5,1.4613,2004,8,30,17,0,1,0,0,0,0,0,0
4152,2.4068493150684933,1132,14.1,1121,163,611,90.5,1757,906,32.3,30.2,1.4347,2004,8,30,18,0,1,0,0,0,0,0,0
4153,2.4315068493150687,1077,11.3,1025,165,629,91.0,1677,772,28.4,38.4,1.4616,2004,8,30,19,0,1,0,0,0,0,0,0
4154,2.456164383561644,1076,10.3,988,167,648,91.5,1649,883,26.9,43.2,1.5052,2004,8,30,20,0,1,0,0,0,0,0,0
4155,2.480821917808219,1070,10.8,1008,170,656,92.0,1649,963,26.0,43.6,1.4407,2004,8,30,21,0,1,0,0,0,0,0,0
4156,2.5054794520547943,1052,9.4,956,172,675,92.5,1581,987,25.0,47.6,1.4872,2004,8,30,22,0,1,0,0,0,0,0,0
4157,2.5301369863013696,988,7.1,862,174,736,93.0,1539,893,24.6,50.9,1.5508,2004,8,30,23,0,1,0,0,0,0,0,0
4158,2.554794520547945,926,5.1,769,176,836,93.5,1467,801,24.0,55.6,1.6381,2004,8,31,0,0,0,1,0,0,0,0,0
4159,2.5794520547945203,925,4.7,749,178,826,94.0,1482,739,23.5,58.3,1.6672,2004,8,31,1,0,0,1,0,0,0,0,0
4160,2.6041095890410957,869,2.9,648,180,953,94.5,1401,644,22.7,60.8,1.6519,2004,8,31,2,0,0,1,0,0,0,0,0
4161,2.628767123287671,832,2.1,593,183,1049,95.0,1347,558,24.1,55.5,1.6481,2004,8,31,3,0,0,1,0,0,0,0,0
4162,2.6534246575342464,854,2.9,645,185,954,95.5,1399,602,22.5,60.9,1.6424,2004,8,31,4,0,0,1,0,0,0,0,0
4163,2.6780821917808217,913,4.3,726,187,861,96.0,1487,737,22.0,64.5,1.6847,2004,8,31,5,0,0,1,0,0,0,0,0
4164,2.702739726027397,976,6.6,840,189,756,96.5,1555,885,22.3,62.9,1.6754,2004,8,31,6,0,0,1,0,0,0,0,0
4165,2.7273972602739724,1309,21.0,1323,191,505,97.0,2098,1360,23.1,60.0,1.6711,2004,8,31,7,0,0,1,0,0,0,0,0
4166,2.752054794520548,1333,26.2,1460,193,443,97.5,2231,1455,24.7,55.1,1.6872,2004,8,31,8,0,0,1,0,0,0,0,0
4167,2.776712328767123,1209,16.1,1182,196,546,98.0,1911,1255,27.7,46.1,1.6852,2004,8,31,9,0,0,1,0,0,0,0,0
4168,2.8013698630136985,1180,15.3,1157,198,568,98.5,1874,1202,29.8,38.8,1.6029,2004,8,31,10,0,0,1,0,0,0,0,0
4169,2.826027397260274,1204,16.5,1196,200,552,99.0,1884,1250,31.5,32.6,1.478,2004,8,31,11,0,0,1,0,0,0,0,0
4170,2.850684931506849,1143,14.1,1119,202,610,99.5,1770,1103,31.8,30.5,1.4083,2004,8,31,12,0,0,1,0,0,0,0,0
4171,2.8753424657534246,1120,12.2,1058,204,626,100.0,1716,1049,31.4,31.8,1.441,2004,8,31,13,0,0,1,0,0,0,0,0
4172,2.9,1030,8.9,935,206,726,100.5,1583,791,32.5,28.7,1.3796,2004,8,31,14,0,0,1,0,0,0,0,0
4173,1.9,1058,11.0,1016,209,673,101.0,1625,832,33.8,25.8,1.3338,2004,8,31,15,0,0,1,0,0,0,0,0
4174,1.4,1040,7.6,882,132,756,71.0,1560,635,34.5,28.6,1.5393,2004,8,31,16,0,0,1,0,0,0,0,0
4175,2.0,1093,10.1,981,166,666,82.0,1676,733,32.7,33.0,1.5987,2004,8,31,17,0,0,1,0,0,0,0,0
4176,2.7,1184,14.1,1119,243,594,104.0,1806,912,31.4,35.4,1.5972,2004,8,31,18,0,0,1,0,0,0,0,0
4177,2.8,1180,14.1,1121,247,568,105.0,1816,947,27.7,43.5,1.592,2004,8,31,19,0,0,1,0,0,0,0,0
4178,2.0,1079,10.3,988,165,633,87.0,1694,899,26.2,47.8,1.5979,2004,8,31,20,0,0,1,0,0,0,0,0
4179,2.1,1095,11.5,1032,187,621,98.0,1730,984,25.7,48.7,1.5825,2004,8,31,21,0,0,1,0,0,0,0,0
4180,2.0,1073,10.9,1009,206,639,105.0,1655,955,25.2,50.1,1.58,2004,8,31,22,0,0,1,0,0,0,0,0
4181,1.8,1063,10.4,991,200,655,104.0,1672,966,24.4,53.4,1.6031,2004,8,31,23,0,0,1,0,0,0,0,0
4182,1.9,1046,9.5,960,189,671,96.0,1637,899,23.7,55.4,1.6031,2004,9,1,0,0,0,0,1,0,0,0,0
4183,1.3,953,7.0,858,136,742,79.0,1544,780,22.8,58.5,1.5992,2004,9,1,1,0,0,0,1,0,0,0,0
4184,0.7,864,3.3,673,83,947,61.0,1412,636,22.8,58.5,1.5985,2004,9,1,2,0,0,0,1,0,0,0,0
4185,0.5,829,2.6,628,77,994,54.5,1378,577,22.3,59.7,1.5889,2004,9,1,3,0,0,0,1,0,0,0,0
4186,0.5,838,2.8,639,72,963,48.0,1391,596,20.8,64.9,1.571,2004,9,1,4,0,0,0,1,0,0,0,0
4187,0.6,913,4.3,728,121,802,63.0,1418,887,19.7,66.8,1.5184,2004,9,1,5,0,0,0,1,0,0,0,0
4188,1.3,1039,8.5,921,268,687,92.0,1556,1115,19.8,64.3,1.4678,2004,9,1,6,0,0,0,1,0,0,0,0
4189,3.6,1252,20.9,1320,451,499,99.0,2001,1374,20.6,62.3,1.4915,2004,9,1,7,0,0,0,1,0,0,0,0
4191,3.9,1217,18.7,1261,487,533,142.0,1941,1375,26.3,43.1,1.4542,2004,9,1,9,0,0,0,1,0,0,0,0
4192,2.2,1114,12.8,1077,319,633,121.0,1705,1199,29.1,35.4,1.4008,2004,9,1,10,0,0,0,1,0,0,0,0
4193,1.9,1026,11.2,1020,269,689,122.0,1603,992,30.0,31.6,1.3176,2004,9,1,11,0,0,0,1,0,0,0,0
4194,2.2,1051,13.3,1094,224,646,108.0,1675,966,32.4,26.3,1.2594,2004,9,1,12,0,0,0,1,0,0,0,0
4195,2.0,1027,11.3,1024,162,700,80.0,1588,814,31.3,29.1,1.3054,2004,9,1,13,0,0,0,1,0,0,0,0
4196,1.7,996,10.4,992,189,722,93.0,1580,727,31.1,28.6,1.2718,2004,9,1,14,0,0,0,1,0,0,0,0
4197,2.0,1028,12.3,1060,213,686,108.0,1601,806,33.3,24.4,1.232,2004,9,1,15,0,0,0,1,0,0,0,0
4198,2.1,1030,12.3,1060,245,705,118.0,1588,852,35.5,21.2,1.2022,2004,9,1,16,0,0,0,1,0,0,0,0
4199,3.2,1133,19.4,1280,341,595,149.0,1791,1093,34.6,22.0,1.189,2004,9,1,17,0,0,0,1,0,0,0,0
4200,4.0,1180,21.5,1339,382,567,171.0,1868,1211,33.3,23.6,1.1842,2004,9,1,18,0,0,0,1,0,0,0,0
4201,4.4,1261,25.7,1446,358,528,154.0,2061,1346,30.0,28.5,1.1896,2004,9,1,19,0,0,0,1,0,0,0,0
4202,3.0,1093,14.5,1133,288,599,122.0,1708,1200,28.0,33.0,1.2264,2004,9,1,20,0,0,0,1,0,0,0,0
4203,2.2,1068,11.4,1029,252,650,126.0,1612,1192,27.2,37.4,1.3279,2004,9,1,21,0,0,0,1,0,0,0,0
4204,1.7,1031,9.5,958,201,700,121.0,1560,1074,26.6,39.9,1.3657,2004,9,1,22,0,0,0,1,0,0,0,0
4205,1.9,1055,11.6,1037,225,635,125.0,1632,1161,25.3,41.7,1.3247,2004,9,1,23,0,0,0,1,0,0,0,0
4206,2.0,1060,11.4,1029,242,622,126.0,1663,1210,24.3,44.7,1.3432,2004,9,2,0,0,0,0,0,1,0,0,0
4207,1.5,962,7.5,880,167,726,96.0,1484,1050,24.4,45.6,1.3779,2004,9,2,1,0,0,0,0,1,0,0,0
4208,0.8,874,5.3,776,99,846,73.0,1416,873,23.1,49.9,1.3891,2004,9,2,2,0,0,0,0,1,0,0,0
4209,0.6,832,3.1,661,93,977,69.0,1312,766,22.7,51.3,1.3977,2004,9,2,3,0,0,0,0,1,0,0,0
4210,0.6,834,4.0,709,87,907,65.0,1348,835,21.8,54.1,1.4004,2004,9,2,4,0,0,0,0,1,0,0,0
4211,0.7,865,4.6,745,164,866,90.0,1394,901,21.0,56.9,1.3999,2004,9,2,5,0,0,0,0,1,0,0,0
4212,0.8,903,5.8,803,87,819,58.0,1471,853,21.8,55.5,1.4323,2004,9,2,6,0,0,0,0,1,0,0,0
4213,2.9,1236,20.0,1297,93,542,27.0,1997,1321,21.6,57.2,1.4607,2004,9,2,7,0,0,0,0,1,0,0,0
4215,3.3,1258,18.7,1261,406,514,96.0,1940,1603,26.2,45.0,1.5098,2004,9,2,9,0,0,0,0,1,0,0,0
4216,3.3406249999999997,1203,15.8,1174,403,577,95.72649572649573,1824,1426,30.8,34.8,1.5165,2004,9,2,10,0,0,0,0,1,0,0,0
4217,3.3812499999999996,1156,14.3,1127,401,616,95.45299145299145,1767,1295,34.1,28.8,1.5105,2004,9,2,11,0,0,0,0,1,0,0,0
4218,3.421875,1106,14.4,1130,399,623,95.17948717948718,1726,1093,35.9,24.7,1.437,2004,9,2,12,0,0,0,0,1,0,0,0
4219,3.4625,1008,11.6,1037,397,697,94.90598290598291,1587,803,33.7,25.1,1.2915,2004,9,2,13,0,0,0,0,1,0,0,0
4220,3.503125,1011,11.1,1017,395,704,94.63247863247864,1569,738,34.4,24.0,1.279,2004,9,2,14,0,0,0,0,1,0,0,0
4221,3.5437499999999997,1049,13.5,1100,393,667,94.35897435897436,1635,870,36.4,20.3,1.214,2004,9,2,15,0,0,0,0,1,0,0,0
4222,3.5843749999999996,1053,13.7,1108,391,694,94.08547008547009,1570,873,38.7,17.3,1.1729,2004,9,2,16,0,0,0,0,1,0,0,0
4223,3.625,1088,15.3,1159,389,666,93.8119658119658,1626,889,37.2,18.9,1.1774,2004,9,2,17,0,0,0,0,1,0,0,0
4224,3.665625,1248,26.0,1454,387,550,93.53846153846153,1917,1599,36.1,20.0,1.1767,2004,9,2,18,0,0,0,0,1,0,0,0
4226,3.7468749999999997,1213,17.0,1210,383,572,92.99145299145299,1809,1424,30.0,35.9,1.4958,2004,9,2,20,0,0,0,0,1,0,0,0
4227,3.7874999999999996,1108,12.0,1051,381,640,92.71794871794872,1616,1199,28.7,38.2,1.4794,2004,9,2,21,0,0,0,0,1,0,0,0
4228,3.828125,1071,10.1,982,379,649,92.44444444444444,1557,1099,28.1,40.4,1.512,2004,9,2,22,0,0,0,0,1,0,0,0
4229,3.8687499999999995,1044,9.7,967,377,672,92.17094017094017,1540,1133,27.4,41.4,1.4877,2004,9,2,23,0,0,0,0,1,0,0,0
4230,3.909375,1045,9.6,964,375,666,91.8974358974359,1554,1140,26.4,44.0,1.4919,2004,9,3,0,0,0,0,0,0,1,0,0
4231,3.9499999999999997,1004,8.5,921,373,699,91.62393162393163,1495,1092,24.9,47.9,1.4855,2004,9,3,1,0,0,0,0,0,1,0,0
4232,3.9906249999999996,944,5.7,796,371,784,91.35042735042735,1407,1021,24.0,50.3,1.476,2004,9,3,2,0,0,0,0,0,1,0,0
4233,4.03125,868,3.1,657,369,921,91.07692307692308,1356,764,25.2,47.9,1.5129,2004,9,3,3,0,0,0,0,0,1,0,0
4234,4.0718749999999995,850,2.7,632,367,954,90.80341880341881,1316,803,24.2,50.6,1.5011,2004,9,3,4,0,0,0,0,0,1,0,0
4235,4.1125,873,3.3,668,365,911,90.52991452991454,1354,744,23.1,55.0,1.5357,2004,9,3,5,0,0,0,0,0,1,0,0
4236,4.153124999999999,905,5.1,766,363,842,90.25641025641025,1438,818,22.9,56.2,1.5522,2004,9,3,6,0,0,0,0,0,1,0,0
4237,4.19375,1249,18.0,1239,361,540,89.98290598290598,1953,1285,22.0,59.3,1.5523,2004,9,3,7,0,0,0,0,0,1,0,0
4239,4.2749999999999995,1300,20.0,1296,357,489,89.43589743589743,1989,1639,26.7,45.7,1.5747,2004,9,3,9,0,0,0,0,0,1,0,0
4240,4.315625,1311,18.9,1267,355,524,89.16239316239316,1941,1662,31.4,34.5,1.5599,2004,9,3,10,0,0,0,0,0,1,0,0
4241,4.356249999999999,1232,17.0,1210,353,565,88.88888888888889,1832,1478,34.5,28.5,1.5324,2004,9,3,11,0,0,0,0,0,1,0,0
4242,4.396875,1113,13.4,1096,351,635,88.61538461538461,1636,1050,36.4,23.6,1.4064,2004,9,3,12,0,0,0,0,0,1,0,0
4243,4.4375,1048,11.2,1021,349,698,88.34188034188034,1570,846,35.1,23.2,1.2884,2004,9,3,13,0,0,0,0,0,1,0,0
4244,4.4781249999999995,1054,11.6,1036,347,697,88.06837606837607,1585,830,35.7,22.2,1.2765,2004,9,3,14,0,0,0,0,0,1,0,0
4245,4.51875,1104,13.5,1102,345,670,87.7948717948718,1609,1480,37.6,19.6,1.2534,2004,9,3,15,0,0,0,0,0,1,0,0
4246,4.559374999999999,1130,13.9,1113,343,674,87.52136752136752,1623,1127,38.8,17.6,1.1979,2004,9,3,16,0,0,0,0,0,1,0,0
4247,4.6,1229,21.9,1348,341,565,87.24786324786325,1830,1445,39.3,16.0,1.1138,2004,9,3,17,0,0,0,0,0,1,0,0
4248,4.3,1347,23.2,1382,339,529,86.97435897435898,1961,1543,37.0,23.6,1.4639,2004,9,3,18,0,0,0,0,0,1,0,0
4249,4.9,1424,24.5,1417,337,488,86.7008547008547,2092,1674,33.2,30.1,1.5095,2004,9,3,19,0,0,0,0,0,1,0,0
4250,4.0,1305,16.3,1188,335,546,86.42735042735043,1843,1524,31.0,33.1,1.462,2004,9,3,20,0,0,0,0,0,1,0,0
4251,2.6,1180,13.1,1088,333,619,86.15384615384616,1662,1339,29.5,33.4,1.3562,2004,9,3,21,0,0,0,0,0,1,0,0
4252,1.3,1029,8.1,904,331,709,85.88034188034187,1460,992,29.1,36.7,1.4502,2004,9,3,22,0,0,0,0,0,1,0,0
4253,1.5,1080,8.1,902,329,702,85.6068376068376,1516,1048,27.8,40.7,1.5002,2004,9,3,23,0,0,0,0,0,1,0,0
4254,2.2,1197,11.4,1029,327,601,85.33333333333333,1628,1362,26.0,45.3,1.4999,2004,9,4,0,1,0,0,0,0,0,1,0
4255,1.2,1006,6.7,845,324,738,85.05982905982906,1430,978,25.8,45.4,1.487,2004,9,4,1,1,0,0,0,0,0,1,0
4256,0.9,987,6.2,820,322,772,84.78632478632478,1400,935,25.4,45.9,1.4684,2004,9,4,2,1,0,0,0,0,0,1,0
4257,0.8,958,4.5,735,320,816,84.51282051282051,1409,906,25.2,46.4,1.464,2004,9,4,3,1,0,0,0,0,0,1,0
4258,0.8,962,4.7,747,318,813,84.23931623931624,1431,913,23.0,52.7,1.4568,2004,9,4,4,1,0,0,0,0,0,1,0
4259,0.8,958,4.6,744,316,809,83.96581196581197,1419,903,22.1,54.5,1.4337,2004,9,4,5,1,0,0,0,0,0,1,0
4260,1.0,976,5.3,780,314,795,83.6923076923077,1467,898,22.5,53.6,1.4422,2004,9,4,6,1,0,0,0,0,0,1,0
4261,1.7,1088,9.1,945,312,636,83.41880341880342,1613,1165,22.0,55.4,1.4436,2004,9,4,7,1,0,0,0,0,0,1,0
4262,1.9,1159,11.0,1016,310,595,83.14529914529915,1681,1260,23.4,51.6,1.4639,2004,9,4,8,1,0,0,0,0,0,1,0
4263,2.0,1156,10.3,988,308,615,82.87179487179488,1634,1250,26.7,43.0,1.4808,2004,9,4,9,1,0,0,0,0,0,1,0
4264,2.2,1202,11.2,1021,306,649,82.59829059829059,1644,1226,31.3,32.9,1.4771,2004,9,4,10,1,0,0,0,0,0,1,0
4265,2.3,1226,12.9,1080,304,622,82.32478632478632,1697,1188,34.8,27.1,1.4837,2004,9,4,11,1,0,0,0,0,0,1,0
4266,2.3,1181,13.2,1091,302,638,82.05128205128204,1637,1072,38.3,21.5,1.4263,2004,9,4,12,1,0,0,0,0,0,1,0
4267,1.8,1062,9.8,969,300,729,81.77777777777777,1459,782,37.1,21.2,1.3107,2004,9,4,13,1,0,0,0,0,0,1,0
4268,1.4,1013,7.9,897,298,798,81.5042735042735,1351,594,37.3,20.3,1.2771,2004,9,4,14,1,0,0,0,0,0,1,0
4269,1.6,1029,8.3,913,296,787,81.23076923076923,1373,607,38.3,19.3,1.2736,2004,9,4,15,1,0,0,0,0,0,1,0
4270,2.3,1144,11.9,1046,294,682,80.95726495726495,1564,879,40.7,17.0,1.2793,2004,9,4,16,1,0,0,0,0,0,1,0
4271,2.4,1159,12.3,1059,292,664,80.68376068376068,1580,945,39.5,18.5,1.3076,2004,9,4,17,1,0,0,0,0,0,1,0
4272,2.1,1113,10.0,978,290,705,80.41025641025641,1538,946,36.6,22.6,1.3664,2004,9,4,18,1,0,0,0,0,0,1,0
4273,1.8,1100,9.1,944,288,730,80.13675213675214,1524,882,32.8,28.2,1.3842,2004,9,4,19,1,0,0,0,0,0,1,0
4274,1.7,1037,7.8,890,286,765,79.86324786324786,1408,735,30.7,30.7,1.3338,2004,9,4,20,1,0,0,0,0,0,1,0
4275,1.9,1055,10.3,988,284,720,79.58974358974359,1490,874,30.1,28.7,1.2052,2004,9,4,21,1,0,0,0,0,0,1,0
4276,1.6,980,8.0,901,282,812,79.31623931623932,1369,731,29.7,25.4,1.044,2004,9,4,22,1,0,0,0,0,0,1,0
4277,2.6,1083,13.3,1094,280,706,79.04273504273505,1537,926,29.6,24.3,0.9889,2004,9,4,23,1,0,0,0,0,0,1,0
4279,3.0,1194,18.5,1255,276,555,78.4957264957265,1694,1452,27.2,33.3,1.1788,2004,9,5,1,1,0,0,0,0,0,0,1
4280,1.5,970,7.3,870,274,792,78.22222222222223,1376,943,27.5,30.9,1.1155,2004,9,5,2,1,0,0,0,0,0,0,1
4281,0.9,898,4.2,721,272,912,77.94871794871794,1264,594,27.1,33.3,1.1762,2004,9,5,3,1,0,0,0,0,0,0,1
4282,1.1,929,5.1,769,270,879,77.67521367521367,1335,607,26.4,35.1,1.1919,2004,9,5,4,1,0,0,0,0,0,0,1
4283,0.9,913,4.4,734,268,864,77.4017094017094,1338,646,25.6,37.6,1.2131,2004,9,5,5,1,0,0,0,0,0,0,1
4284,0.7,854,2.2,600,266,1102,77.12820512820512,1252,542,25.4,38.6,1.2352,2004,9,5,6,1,0,0,0,0,0,0,1
4285,0.6,881,2.9,647,264,964,76.85470085470085,1250,550,25.5,38.2,1.2296,2004,9,5,7,1,0,0,0,0,0,0,1
4286,0.7,867,2.5,618,262,1042,76.58119658119658,1231,488,27.0,34.3,1.2089,2004,9,5,8,1,0,0,0,0,0,0,1
4287,0.8,885,2.8,638,260,1059,76.3076923076923,1248,484,29.9,29.6,1.2296,2004,9,5,9,1,0,0,0,0,0,0,1
4288,0.9,899,3.0,654,258,1037,76.03418803418803,1254,481,31.9,26.8,1.2477,2004,9,5,10,1,0,0,0,0,0,0,1
4289,1.0,886,2.7,633,256,1071,75.76068376068376,1214,453,33.0,23.5,1.1583,2004,9,5,11,1,0,0,0,0,0,0,1
4290,0.9,864,3.0,651,254,1096,75.48717948717949,1193,443,34.5,19.3,1.0369,2004,9,5,12,1,0,0,0,0,0,0,1
4291,0.7,822,2.4,611,252,1191,75.21367521367522,1138,403,33.2,19.0,0.9533,2004,9,5,13,1,0,0,0,0,0,0,1
4292,0.6,810,2.2,597,250,1255,74.94017094017093,1106,361,32.2,20.5,0.9699,2004,9,5,14,1,0,0,0,0,0,0,1
4293,0.6,784,1.9,576,248,1327,74.66666666666666,1060,342,32.6,17.5,0.8467,2004,9,5,15,1,0,0,0,0,0,0,1
4294,0.8,823,2.7,633,245,1228,74.39316239316238,1103,366,33.0,17.5,0.8683,2004,9,5,16,1,0,0,0,0,0,0,1
4295,0.9,863,3.4,678,243,1153,74.11965811965811,1139,434,32.9,17.5,0.8622,2004,9,5,17,1,0,0,0,0,0,0,1
4296,1.1,880,4.3,728,241,1046,73.84615384615384,1167,514,31.6,18.0,0.8243,2004,9,5,18,1,0,0,0,0,0,0,1
4297,1.7,951,7.0,859,239,897,73.57264957264957,1267,718,29.3,20.4,0.8162,2004,9,5,19,1,0,0,0,0,0,0,1
4298,1.5,942,5.5,786,237,930,73.2991452991453,1245,705,27.8,24.4,0.9002,2004,9,5,20,1,0,0,0,0,0,0,1
4299,1.6,988,7.0,859,235,845,73.02564102564102,1341,799,27.1,26.9,0.9524,2004,9,5,21,1,0,0,0,0,0,0,1
4300,1.7,1008,6.7,845,233,832,72.75213675213675,1349,856,26.3,29.5,0.9959,2004,9,5,22,1,0,0,0,0,0,0,1
4301,1.3,965,5.1,769,231,878,72.47863247863248,1315,667,25.9,32.9,1.0826,2004,9,5,23,1,0,0,0,0,0,0,1
4302,1.3,957,4.1,717,229,911,72.2051282051282,1322,579,25.3,36.9,1.1764,2004,9,6,0,0,1,0,0,0,0,0,0
4303,1.0,921,3.2,666,227,954,71.93162393162393,1288,480,24.8,40.1,1.2378,2004,9,6,1,0,1,0,0,0,0,0,0
4304,0.6,854,1.7,562,225,1106,71.65811965811966,1224,400,24.3,42.9,1.2906,2004,9,6,2,0,1,0,0,0,0,0,0
4305,0.5,826,1.0,504,223,1250,71.38461538461539,1204,385,24.0,45.5,1.3404,2004,9,6,3,0,1,0,0,0,0,0,0
4306,0.45,828,1.0,501,221,1281,71.11111111111111,1189,385,23.9,47.4,1.3881,2004,9,6,4,0,1,0,0,0,0,0,0
4307,0.4,892,1.9,580,219,1076,70.83760683760684,1271,516,23.5,49.1,1.3991,2004,9,6,5,0,1,0,0,0,0,0,0
4308,0.7,954,3.1,660,217,938,70.56410256410257,1342,728,23.7,49.2,1.4195,2004,9,6,6,0,1,0,0,0,0,0,0
4309,1.8,1120,7.8,890,215,728,70.2905982905983,1546,1035,23.6,49.6,1.4247,2004,9,6,7,0,1,0,0,0,0,0,0
4310,1.9,1096,8.5,921,213,716,70.01709401709401,1534,988,24.3,45.4,1.365,2004,9,6,8,0,1,0,0,0,0,0,0
4311,1.7,1058,8.0,898,211,749,69.74358974358974,1470,977,26.3,38.3,1.2932,2004,9,6,9,0,1,0,0,0,0,0,0
4312,1.3,977,5.7,800,209,843,69.47008547008546,1372,778,27.6,34.2,1.2464,2004,9,6,10,0,1,0,0,0,0,0,0
4313,1.4,977,6.6,840,207,827,69.19658119658119,1390,736,29.2,29.1,1.1586,2004,9,6,11,0,1,0,0,0,0,0,0
4314,1.3,943,5.3,777,205,880,68.92307692307692,1333,632,29.2,28.6,1.1423,2004,9,6,12,0,1,0,0,0,0,0,0
4315,1.4,964,6.0,814,203,850,68.64957264957265,1369,689,29.4,28.3,1.1434,2004,9,6,13,0,1,0,0,0,0,0,0
4316,1.2,953,5.4,781,201,889,68.37606837606837,1356,641,29.8,28.0,1.1558,2004,9,6,14,0,1,0,0,0,0,0,0
4317,1.3,967,6.1,814,199,854,68.1025641025641,1385,703,30.1,26.7,1.1217,2004,9,6,15,0,1,0,0,0,0,0,0
4318,1.5,996,6.7,843,197,840,67.82905982905983,1394,765,30.1,27.2,1.1406,2004,9,6,16,0,1,0,0,0,0,0,0
4319,2.3,1091,11.7,1039,195,699,67.55555555555556,1586,923,29.6,27.5,1.1229,2004,9,6,17,0,1,0,0,0,0,0,0
4320,2.6,1114,13.5,1101,193,663,67.28205128205127,1632,1057,29.6,27.7,1.1278,2004,9,6,18,0,1,0,0,0,0,0,0
4321,2.9,1133,13.5,1101,191,647,67.008547008547,1669,1105,28.0,30.1,1.1226,2004,9,6,19,0,1,0,0,0,0,0,0
4322,1.8,1031,8.5,921,189,731,66.73504273504273,1490,897,26.8,33.8,1.1723,2004,9,6,20,0,1,0,0,0,0,0,0
4323,1.3,952,5.5,787,187,856,66.46153846153845,1342,723,25.7,35.8,1.16,2004,9,6,21,0,1,0,0,0,0,0,0
4324,1.3,949,5.8,804,185,835,66.18803418803418,1365,740,25.4,35.2,1.1255,2004,9,6,22,0,1,0,0,0,0,0,0
4325,1.2,932,4.8,752,183,889,65.91452991452991,1310,687,25.0,37.3,1.1614,2004,9,6,23,0,1,0,0,0,0,0,0
4326,1.2,966,5.2,774,181,859,65.64102564102564,1352,644,24.6,40.5,1.2362,2004,9,7,0,0,0,1,0,0,0,0,0
4327,0.8,888,3.0,653,179,973,65.36752136752136,1272,497,24.2,43.8,1.3057,2004,9,7,1,0,0,1,0,0,0,0,0
4328,0.6,847,2.7,634,177,1012,65.09401709401709,1258,525,24.0,43.7,1.2876,2004,9,7,2,0,0,1,0,0,0,0,0
4329,0.6,856,3.6,687,175,955,64.82051282051282,1260,726,21.9,48.3,1.2522,2004,9,7,3,0,0,1,0,0,0,0,0
4330,0.6,881,4.4,735,173,876,64.54700854700855,1308,783,22.4,47.2,1.2593,2004,9,7,4,0,0,1,0,0,0,0,0
4331,0.7,882,4.0,711,171,936,64.27350427350427,1310,741,22.9,46.5,1.2861,2004,9,7,5,0,0,1,0,0,0,0,0
4332,1.3,1016,7.7,888,169,776,64.0,1485,1040,23.1,47.0,1.3122,2004,9,7,6,0,0,1,0,0,0,0,0
4333,2.5,1228,13.9,1113,231,628,72.0,1719,1324,23.7,46.2,1.3376,2004,9,7,7,0,0,1,0,0,0,0,0
4334,3.4,1311,22.0,1350,232,529,73.0,1957,1486,25.8,41.9,1.3688,2004,9,7,8,0,0,1,0,0,0,0,0
4335,2.1,1081,10.2,983,145,703,64.0,1546,1079,27.3,38.3,1.3669,2004,9,7,9,0,0,1,0,0,0,0,0
4336,2.2,1104,10.4,993,170,705,74.0,1539,1081,31.0,29.1,1.2885,2004,9,7,10,0,0,1,0,0,0,0,0
4337,1.7,991,8.0,898,214,787,89.0,1412,806,31.6,25.5,1.1638,2004,9,7,11,0,0,1,0,0,0,0,0
4338,2.1,1008,10.1,980,222,755,92.19354838709677,1465,825,32.5,21.2,1.0173,2004,9,7,12,0,0,1,0,0,0,0,0
4339,2.2,986,10.7,1005,230,752,95.38709677419355,1439,907,31.7,20.5,0.9428,2004,9,7,13,0,0,1,0,0,0,0,0
4340,1.4,948,7.9,893,239,828,98.58064516129032,1374,768,31.5,21.5,0.9768,2004,9,7,14,0,0,1,0,0,0,0,0
4341,1.4,919,7.1,862,247,851,101.7741935483871,1293,697,31.6,20.8,0.9562,2004,9,7,15,0,0,1,0,0,0,0,0
4342,1.6,958,9.0,940,256,820,104.96774193548387,1380,728,32.4,19.4,0.9279,2004,9,7,16,0,0,1,0,0,0,0,0
4343,2.3,1037,11.2,1021,264,747,108.16129032258064,1451,786,31.7,20.3,0.9336,2004,9,7,17,0,0,1,0,0,0,0,0
4344,3.3,1120,16.0,1181,273,653,111.35483870967741,1604,1028,31.1,21.0,0.9337,2004,9,7,18,0,0,1,0,0,0,0,0
4345,4.1,1205,19.9,1294,281,579,114.54838709677419,1744,1317,28.9,25.4,0.9933,2004,9,7,19,0,0,1,0,0,0,0,0
4346,3.3,1172,15.3,1159,290,597,117.74193548387098,1653,1290,27.4,30.8,1.1112,2004,9,7,20,0,0,1,0,0,0,0,0
4347,2.2,1088,11.1,1019,298,668,120.93548387096774,1554,1165,26.3,34.1,1.1453,2004,9,7,21,0,0,1,0,0,0,0,0
4348,2.2600000000000002,1055,10.0,979,307,694,124.12903225806451,1517,1086,25.4,35.2,1.1288,2004,9,7,22,0,0,1,0,0,0,0,0
4349,2.3200000000000003,1077,12.227272727272727,1040,315,708,127.32258064516128,1503,1133,25.154545454545453,35.0,1.1078818181818182,2004,9,7,23,0,0,1,0,0,0,0,0
4350,2.38,1099,14.454545454545453,1101,324,722,130.51612903225805,1489,1181,24.909090909090907,34.800000000000004,1.0869636363636364,2004,9,8,0,0,0,0,1,0,0,0,0
4351,2.44,1121,16.68181818181818,1163,332,736,133.70967741935482,1475,1229,24.663636363636364,34.6,1.0660454545454545,2004,9,8,1,0,0,0,1,0,0,0,0
4352,2.5,1143,18.909090909090907,1224,341,750,136.90322580645162,1462,1276,24.418181818181818,34.4,1.0451272727272727,2004,9,8,2,0,0,0,1,0,0,0,0
4353,2.56,1165,21.136363636363633,1285,349,764,140.09677419354838,1448,1324,24.172727272727272,34.2,1.0242090909090908,2004,9,8,3,0,0,0,1,0,0,0,0
4354,2.62,1187,23.363636363636363,1347,358,778,143.29032258064515,1434,1372,23.927272727272726,34.0,1.003290909090909,2004,9,8,4,0,0,0,1,0,0,0,0
4355,2.68,1209,25.59090909090909,1408,366,792,146.48387096774195,1420,1420,23.68181818181818,33.800000000000004,0.9823727272727273,2004,9,8,5,0,0,0,1,0,0,0,0
4356,2.74,1231,27.818181818181817,1469,375,806,149.67741935483872,1407,1467,23.436363636363634,33.6,0.9614545454545456,2004,9,8,6,0,0,0,1,0,0,0,0
4363,3.16,1309,27.566666666666666,1481,434,882,172.03225806451613,1399,1580,27.01111111111111,27.133333333333333,0.9207888888888889,2004,9,8,13,0,0,0,1,0,0,0,0
4364,3.2199999999999998,1312,25.833333333333332,1438,443,891,175.2258064516129,1407,1573,28.08888888888889,25.666666666666668,0.9263111111111112,2004,9,8,14,0,0,0,1,0,0,0,0
4365,3.28,1315,24.1,1395,451,900,178.41935483870967,1416,1565,29.166666666666664,24.200000000000003,0.9318333333333334,2004,9,8,15,0,0,0,1,0,0,0,0
4366,3.34,1318,22.366666666666667,1352,460,908,181.61290322580646,1424,1558,30.244444444444444,22.733333333333334,0.9373555555555556,2004,9,8,16,0,0,0,1,0,0,0,0
4367,3.4,1321,20.633333333333333,1309,468,917,184.80645161290323,1432,1550,31.322222222222223,21.266666666666666,0.9428777777777778,2004,9,8,17,0,0,0,1,0,0,0,0
4368,4.0,1325,18.9,1266,477,926,188.0,1441,1543,32.4,19.8,0.9484,2004,9,8,18,0,0,0,1,0,0,0,0
4369,4.7,1383,24.1,1406,502,824,176.0,1582,1678,29.9,22.3,0.9235,2004,9,8,19,0,0,0,1,0,0,0,0
4370,3.8,1254,18.1,1241,420,873,163.0,1463,1431,28.2,24.8,0.936,2004,9,8,20,0,0,0,1,0,0,0,0
4371,2.8,1221,15.8,1174,344,874,155.0,1481,1413,26.8,28.9,1.0019,2004,9,8,21,0,0,0,1,0,0,0,0
4372,2.6,1226,14.6,1138,307,862,146.0,1481,1419,25.1,32.3,1.0131,2004,9,8,22,0,0,0,1,0,0,0,0
4373,2.0,1100,10.6,999,251,984,131.0,1361,1145,25.4,30.5,0.9722,2004,9,8,23,0,0,0,1,0,0,0,0
4374,1.4,999,7.5,879,180,1114,119.0,1261,960,24.9,28.3,0.8775,2004,9,9,0,0,0,0,0,1,0,0,0
4375,1.2,980,7.4,873,141,1088,98.0,1258,949,23.2,30.5,0.8558,2004,9,9,1,0,0,0,0,1,0,0,0
4376,0.6,859,3.8,698,105,1254,89.0,1157,819,22.3,33.6,0.8959,2004,9,9,2,0,0,0,0,1,0,0,0
4377,0.3,814,2.3,606,89,1370,78.5,1131,745,23.0,33.0,0.9184,2004,9,9,3,0,0,0,0,1,0,0,0
4378,0.2,806,2.3,605,74,1366,68.0,1132,725,21.4,35.7,0.8982,2004,9,9,4,0,0,0,0,1,0,0,0
4379,0.4,813,2.7,631,91,1327,65.0,1108,710,21.7,33.4,0.8545,2004,9,9,5,0,0,0,0,1,0,0,0
4380,0.6,889,4.9,760,143,1224,81.0,1213,806,20.3,35.5,0.8342,2004,9,9,6,0,0,0,0,1,0,0,0
4381,3.0,1200,18.2,1246,553,798,136.0,1574,1416,19.7,37.5,0.8501,2004,9,9,7,0,0,0,0,1,0,0,0
4382,3.2,1289,21.4,1335,542,724,130.0,1681,1521,21.0,35.6,0.8736,2004,9,9,8,0,0,0,0,1,0,0,0
4383,3.5,1355,21.3,1333,590,741,157.0,1691,1605,25.0,28.9,0.9025,2004,9,9,9,0,0,0,0,1,0,0,0
4384,3.1,1277,19.9,1292,590,800,171.0,1626,1481,31.0,21.9,0.9708,2004,9,9,10,0,0,0,0,1,0,0,0
4385,2.2,1156,14.8,1142,387,907,143.0,1490,1188,34.9,18.5,1.0189,2004,9,9,11,0,0,0,0,1,0,0,0
4386,1.7,1054,12.6,1071,252,1006,116.0,1380,940,37.1,15.0,0.9297,2004,9,9,12,0,0,0,0,1,0,0,0
4387,2.0,1096,13.0,1083,310,971,129.0,1430,986,35.0,17.3,0.9542,2004,9,9,13,0,0,0,0,1,0,0,0
4388,2.5,1160,16.2,1185,396,873,168.0,1522,1162,35.1,17.5,0.9733,2004,9,9,14,0,0,0,0,1,0,0,0
4389,2.4,1148,15.0,1149,329,924,152.0,1473,1047,35.4,16.6,0.9385,2004,9,9,15,0,0,0,0,1,0,0,0
4390,2.9,1166,16.2,1186,393,878,175.0,1500,1180,38.4,13.8,0.9221,2004,9,9,16,0,0,0,0,1,0,0,0
4391,4.2,1315,22.7,1370,522,794,212.0,1689,1399,37.6,14.5,0.9277,2004,9,9,17,0,0,0,0,1,0,0,0
4393,4.3,1329,22.3,1360,435,704,175.0,1768,1894,31.2,25.5,1.1379,2004,9,9,19,0,0,0,0,1,0,0,0
4394,3.6,1299,16.6,1197,407,763,165.0,1688,1606,29.3,30.7,1.229,2004,9,9,20,0,0,0,0,1,0,0,0
4395,2.0,1123,11.0,1015,255,845,136.0,1470,1297,28.3,30.1,1.1392,2004,9,9,21,0,0,0,0,1,0,0,0
4396,1.5,1089,11.3,1024,180,831,111.0,1452,1182,27.4,31.5,1.133,2004,9,9,22,0,0,0,0,1,0,0,0
4397,1.5,1081,9.3,950,186,876,114.0,1434,1138,26.2,35.7,1.1929,2004,9,9,23,0,0,0,0,1,0,0,0
4398,1.2,1031,7.3,871,147,950,96.0,1393,972,25.2,38.1,1.2049,2004,9,10,0,0,0,0,0,0,1,0,0
4399,1.0,969,5.5,787,101,1035,75.0,1350,799,24.4,39.1,1.1784,2004,9,10,1,0,0,0,0,0,1,0,0
4400,0.5,881,3.5,680,69,1175,58.0,1251,630,23.7,39.1,1.1289,2004,9,10,2,0,0,0,0,0,1,0,0
4401,0.5,869,2.8,638,59,1219,49.5,1213,586,24.2,38.5,1.1491,2004,9,10,3,0,0,0,0,0,1,0,0
4402,0.4,866,2.9,644,49,1162,41.0,1218,629,24.5,38.5,1.1688,2004,9,10,4,0,0,0,0,0,1,0,0
4403,0.5,895,3.6,689,91,1134,55.0,1250,709,22.4,43.5,1.1624,2004,9,10,5,0,0,0,0,0,1,0,0
4404,0.7,933,5.5,786,144,1018,73.0,1306,858,22.3,43.8,1.1631,2004,9,10,6,0,0,0,0,0,1,0,0
4405,2.4,1209,15.5,1163,430,762,108.0,1606,1300,21.4,45.8,1.1515,2004,9,10,7,0,0,0,0,0,1,0,0
4406,4.1,1417,28.3,1511,606,587,147.0,1975,1676,22.9,41.3,1.1383,2004,9,10,8,0,0,0,0,0,1,0,0
4407,3.0,1227,17.8,1233,519,739,150.0,1594,1384,26.6,30.3,1.0378,2004,9,10,9,0,0,0,0,0,1,0,0
4408,2.0,1093,12.8,1076,353,871,131.0,1457,1125,30.3,23.0,0.977,2004,9,10,10,0,0,0,0,0,1,0,0
4409,2.5,1135,15.7,1170,429,867,144.0,1523,1189,32.8,18.9,0.9234,2004,9,10,11,0,0,0,0,0,1,0,0
4410,2.4,1112,15.4,1161,345,866,151.0,1499,1088,34.3,17.7,0.9416,2004,9,10,12,0,0,0,0,0,1,0,0
4411,2.6,1147,15.6,1168,417,858,165.0,1492,1118,33.3,18.9,0.9536,2004,9,10,13,0,0,0,0,0,1,0,0
4412,1.9,1086,12.6,1070,276,907,135.0,1423,924,33.0,20.1,0.9959,2004,9,10,14,0,0,0,0,0,1,0,0
4413,2.1,1077,12.2,1056,280,908,143.0,1406,935,33.6,19.6,1.0029,2004,9,10,15,0,0,0,0,0,1,0,0
4414,2.5,1110,13.4,1098,365,882,153.0,1450,1009,34.9,18.4,1.0106,2004,9,10,16,0,0,0,0,0,1,0,0
4415,2.7,1146,14.3,1125,363,846,149.0,1511,1016,33.4,20.3,1.027,2004,9,10,17,0,0,0,0,0,1,0,0
4416,3.3,1211,16.5,1194,393,797,164.0,1599,1188,31.6,22.7,1.041,2004,9,10,18,0,0,0,0,0,1,0,0
4417,3.2,1218,17.4,1221,385,755,180.0,1599,1290,29.2,26.9,1.0709,2004,9,10,19,0,0,0,0,0,1,0,0
4418,2.6,1136,12.9,1082,307,824,159.0,1478,1130,27.7,30.1,1.0991,2004,9,10,20,0,0,0,0,0,1,0,0
4419,1.4,1017,8.2,908,194,932,119.0,1354,880,27.1,31.0,1.0991,2004,9,10,21,0,0,0,0,0,1,0,0
4420,1.6,1063,9.2,946,205,886,127.0,1391,996,26.0,33.4,1.1071,2004,9,10,22,0,0,0,0,0,1,0,0
4421,1.7,1083,9.3,951,223,880,131.0,1393,1054,25.1,35.7,1.1222,2004,9,10,23,0,0,0,0,0,1,0,0
4422,1.6,1077,10.4,994,176,829,101.0,1429,1081,24.3,38.5,1.1525,2004,9,11,0,1,0,0,0,0,0,1,0
4423,1.6258620689655174,968,6.2,823,181,952,101.63793103448276,1343,828,23.4,40.7,1.1551,2004,9,11,1,1,0,0,0,0,0,1,0
4424,1.6517241379310346,898,4.2,720,186,1059,102.27586206896552,1259,661,23.2,41.2,1.1561,2004,9,11,2,1,0,0,0,0,0,1,0
4425,1.677586206896552,859,3.1,656,191,1126,102.91379310344827,1213,582,23.6,40.5,1.1667,2004,9,11,3,1,0,0,0,0,0,1,0
4426,1.703448275862069,849,2.3,607,196,1189,103.55172413793103,1190,544,23.5,40.9,1.1677,2004,9,11,4,1,0,0,0,0,0,1,0
4427,1.7293103448275864,886,3.1,658,201,1101,104.1896551724138,1234,647,20.5,48.4,1.1557,2004,9,11,5,1,0,0,0,0,0,1,0
4428,1.7551724137931035,932,4.0,708,206,1057,104.82758620689656,1285,720,20.7,48.4,1.1663,2004,9,11,6,1,0,0,0,0,0,1,0
4429,1.7810344827586209,1144,10.8,1006,212,757,105.46551724137932,1535,1207,19.9,50.8,1.1694,2004,9,11,7,1,0,0,0,0,0,1,0
4430,1.806896551724138,1222,13.0,1083,217,729,106.10344827586206,1624,1273,21.3,47.2,1.1825,2004,9,11,8,1,0,0,0,0,0,1,0
4431,1.8327586206896553,1202,10.3,989,222,775,106.74137931034483,1506,1303,24.0,40.8,1.1993,2004,9,11,9,1,0,0,0,0,0,1,0
4432,1.8586206896551725,1323,16.3,1190,227,698,107.37931034482759,1702,1479,28.7,30.3,1.1769,2004,9,11,10,1,0,0,0,0,0,1,0
4433,1.8844827586206898,1219,12.7,1074,232,805,108.01724137931035,1532,1191,31.9,24.7,1.1477,2004,9,11,11,1,0,0,0,0,0,1,0
4434,1.910344827586207,1121,9.7,965,237,899,108.65517241379311,1386,932,33.8,21.9,1.1331,2004,9,11,12,1,0,0,0,0,0,1,0
4435,1.9362068965517243,1096,9.1,942,243,893,109.29310344827586,1366,826,32.7,22.7,1.1044,2004,9,11,13,1,0,0,0,0,0,1,0
4436,1.9620689655172414,1019,7.0,858,248,989,109.93103448275862,1270,631,33.0,21.3,1.0512,2004,9,11,14,1,0,0,0,0,0,1,0
4437,1.9879310344827588,1045,7.0,857,253,994,110.56896551724138,1308,598,33.9,21.2,1.0989,2004,9,11,15,1,0,0,0,0,0,1,0
4438,2.013793103448276,1147,9.5,959,258,872,111.20689655172414,1387,796,35.9,20.3,1.1845,2004,9,11,16,1,0,0,0,0,0,1,0
4439,2.0396551724137932,1145,9.8,971,263,883,111.84482758620689,1418,759,34.2,22.6,1.197,2004,9,11,17,1,0,0,0,0,0,1,0
4440,2.0655172413793106,1202,11.7,1040,268,815,112.48275862068965,1506,886,32.0,27.3,1.2752,2004,9,11,18,1,0,0,0,0,0,1,0
4441,2.0913793103448275,1283,13.9,1112,273,719,113.12068965517241,1583,1071,29.3,32.6,1.3105,2004,9,11,19,1,0,0,0,0,0,1,0
4442,2.117241379310345,1148,8.7,929,279,815,113.75862068965517,1443,826,27.2,38.0,1.347,2004,9,11,20,1,0,0,0,0,0,1,0
4443,2.143103448275862,1229,10.9,1012,284,743,114.39655172413794,1562,1103,26.1,41.1,1.3705,2004,9,11,21,1,0,0,0,0,0,1,0
4444,2.1689655172413795,1287,12.3,1060,289,716,115.0344827586207,1595,1221,25.3,44.6,1.4161,2004,9,11,22,1,0,0,0,0,0,1,0
4445,2.1948275862068964,1285,12.4,1062,294,715,115.67241379310344,1583,1449,24.6,47.2,1.4424,2004,9,11,23,1,0,0,0,0,0,1,0
4446,2.220689655172414,1251,12.1,1055,299,701,116.3103448275862,1602,1364,24.1,48.8,1.4412,2004,9,12,0,1,0,0,0,0,0,0,1
4447,2.246551724137931,1120,8.0,900,304,811,116.94827586206897,1462,1111,23.6,50.4,1.447,2004,9,12,1,1,0,0,0,0,0,0,1
4448,2.2724137931034485,1108,8.4,917,310,797,117.58620689655173,1495,1129,22.0,55.8,1.4585,2004,9,12,2,1,0,0,0,0,0,0,1
4449,2.298275862068966,961,4.9,759,315,943,118.22413793103448,1375,799,22.4,53.6,1.4379,2004,9,12,3,1,0,0,0,0,0,0,1
4450,2.3241379310344827,950,4.2,719,320,982,118.86206896551724,1372,771,21.6,55.8,1.4228,2004,9,12,4,1,0,0,0,0,0,0,1
4451,2.35,901,2.3,608,325,1105,119.5,1299,646,21.8,55.2,1.4184,2004,9,12,5,1,0,0,0,0,0,0,1
4452,2.3758620689655174,903,2.5,619,330,1111,120.13793103448276,1315,705,21.7,55.4,1.4192,2004,9,12,6,1,0,0,0,0,0,0,1
4453,2.4017241379310343,1024,4.9,757,335,923,120.77586206896552,1423,908,20.6,59.8,1.435,2004,9,12,7,1,0,0,0,0,0,0,1
4454,2.4275862068965517,1093,6.6,837,340,830,121.41379310344828,1480,1047,22.1,55.3,1.4495,2004,9,12,8,1,0,0,0,0,0,0,1
4455,2.453448275862069,1097,6.5,833,346,853,122.05172413793103,1470,1015,24.8,48.2,1.4883,2004,9,12,9,1,0,0,0,0,0,0,1
4456,2.4793103448275864,1126,6.4,830,351,853,122.6896551724138,1528,938,27.9,43.4,1.6017,2004,9,12,10,1,0,0,0,0,0,0,1
4457,2.5051724137931037,1139,5.6,794,356,908,123.32758620689656,1456,849,30.1,38.5,1.6212,2004,9,12,11,1,0,0,0,0,0,0,1
4458,2.5310344827586206,1178,6.4,832,361,858,123.96551724137932,1542,844,28.2,48.6,1.8253,2004,9,12,12,1,0,0,0,0,0,0,1
4460,2.5827586206896553,1017,3.5,680,371,996,125.24137931034483,1421,729,27.8,49.4,1.8209,2004,9,12,14,1,0,0,0,0,0,0,1
4461,2.6086206896551722,1048,3.3,672,377,1050,125.87931034482759,1438,556,25.4,59.9,1.9168,2004,9,12,15,1,0,0,0,0,0,0,1
4463,2.660344827586207,1287,8.3,911,387,796,127.15517241379311,1664,942,28.0,53.2,1.981,2004,9,12,17,1,0,0,0,0,0,0,1
4464,2.6862068965517243,1215,8.0,900,392,823,127.79310344827587,1604,902,27.4,51.4,1.8404,2004,9,12,18,1,0,0,0,0,0,0,1
4465,2.7120689655172416,1363,12.6,1071,397,697,128.43103448275863,1763,1178,25.7,55.8,1.8149,2004,9,12,19,1,0,0,0,0,0,0,1
4466,2.7379310344827585,1436,17.5,1224,402,609,129.0689655172414,1886,1426,24.6,60.3,1.8363,2004,9,12,20,1,0,0,0,0,0,0,1
4467,2.763793103448276,1365,14.8,1143,407,655,129.70689655172413,1796,1394,24.2,61.6,1.8381,2004,9,12,21,1,0,0,0,0,0,0,1
4468,2.7896551724137932,1506,23.3,1385,413,555,130.3448275862069,2260,1935,23.8,63.5,1.8495,2004,9,12,22,1,0,0,0,0,0,0,1
4469,2.81551724137931,1227,12.2,1055,418,705,130.98275862068965,1772,1360,23.0,64.8,1.802,2004,9,12,23,1,0,0,0,0,0,0,1
4470,2.841379310344828,1038,7.2,866,423,833,131.6206896551724,1570,1061,23.0,63.3,1.7589,2004,9,13,0,0,1,0,0,0,0,0,0
4471,2.867241379310345,934,4.6,744,428,970,132.25862068965517,1473,870,22.8,63.3,1.7355,2004,9,13,1,0,1,0,0,0,0,0,0
4472,2.893103448275862,900,3.8,699,433,1036,132.89655172413794,1452,799,21.0,68.6,1.6873,2004,9,13,2,0,1,0,0,0,0,0,0
4473,2.9189655172413795,870,3.7,692,438,1070,133.5344827586207,1443,779,20.4,70.7,1.6734,2004,9,13,3,0,1,0,0,0,0,0,0
4474,2.9448275862068964,875,4.0,713,444,1027,134.17241379310346,1436,809,19.4,73.4,1.6417,2004,9,13,4,0,1,0,0,0,0,0,0
4475,2.970689655172414,940,5.5,789,449,917,134.81034482758622,1473,914,19.5,72.0,1.6118,2004,9,13,5,0,1,0,0,0,0,0,0
4476,2.996551724137931,1053,8.3,913,454,824,135.44827586206895,1578,1033,19.7,70.3,1.5925,2004,9,13,6,0,1,0,0,0,0,0,0
4477,3.022413793103448,1509,28.2,1508,459,533,136.08620689655174,2257,1572,20.4,66.7,1.577,2004,9,13,7,0,1,0,0,0,0,0,0
4479,3.0741379310344827,1313,17.7,1231,469,626,137.36206896551724,1889,1455,23.0,60.2,1.6652,2004,9,13,9,0,1,0,0,0,0,0,0
4480,3.1,1372,18.4,1251,475,609,138.0,1890,1588,25.4,53.0,1.6963,2004,9,13,10,0,1,0,0,0,0,0,0
4481,2.9,1320,16.3,1190,395,655,138.0,1825,1482,30.0,41.6,1.7324,2004,9,13,11,0,1,0,0,0,0,0,0
4482,3.0,1346,18.2,1246,353,639,138.0,1907,1458,32.6,34.8,1.6872,2004,9,13,12,0,1,0,0,0,0,0,0
4483,3.0,1307,17.9,1236,397,649,137.0,1869,1356,32.2,34.2,1.6145,2004,9,13,13,0,1,0,0,0,0,0,0
4484,2.2,1157,12.6,1069,274,737,120.0,1653,1100,32.1,33.5,1.569,2004,9,13,14,0,1,0,0,0,0,0,0
4485,2.0,1154,11.3,1026,505,773,208.0,1623,1212,32.6,31.8,1.5361,2004,9,13,15,0,1,0,0,0,0,0,0
4486,2.3,1172,14.9,1145,275,735,128.0,1676,1049,35.2,25.2,1.4111,2004,9,13,16,0,1,0,0,0,0,0,0
4487,3.1,1241,18.5,1254,360,693,145.0,1735,1149,34.3,24.7,1.3154,2004,9,13,17,0,1,0,0,0,0,0,0
4488,4.65,1379,25.2,1433,478,605,156.5,1982,1370,31.5,29.9,1.3638,2004,9,13,18,0,1,0,0,0,0,0,0
4492,2.1,1204,14.6,1136,346,648,112.0,1782,1491,25.1,49.4,1.548,2004,9,13,22,0,1,0,0,0,0,0,0
4493,1.0,1014,6.9,853,98,843,39.0,1499,1084,26.0,46.4,1.5375,2004,9,13,23,0,1,0,0,0,0,0,0
4494,0.8,956,5.6,794,144,896,68.0,1456,1007,24.7,49.2,1.5116,2004,9,14,0,0,0,1,0,0,0,0,0
4495,0.7,891,3.9,708,110,1005,51.0,1382,823,24.8,49.0,1.5092,2004,9,14,1,0,0,1,0,0,0,0,0
4496,0.7649999999999999,856,3.2,665,115,1061,52.525,1375,788,23.5,52.6,1.5035,2004,9,14,2,0,0,1,0,0,0,0,0
4497,0.83,863,3.9,703,121,1032,54.05,1403,791,20.8,62.1,1.5044,2004,9,14,3,0,0,1,0,0,0,0,0
4498,0.8949999999999999,911,4.6,745,127,922,55.575,1428,924,19.9,65.5,1.5078,2004,9,14,4,0,0,1,0,0,0,0,0
4499,0.96,936,5.0,765,133,916,57.1,1462,941,20.6,62.9,1.5088,2004,9,14,5,0,0,1,0,0,0,0,0
4500,1.025,1087,9.6,964,138,774,58.625,1633,1103,21.3,59.4,1.4918,2004,9,14,6,0,0,1,0,0,0,0,0
4501,1.0899999999999999,1540,27.8,1498,144,519,60.15,2301,1657,22.0,58.3,1.5199,2004,9,14,7,0,0,1,0,0,0,0,0
4503,1.2199999999999998,1409,20.9,1322,156,562,63.2,2004,1601,26.5,50.2,1.713,2004,9,14,9,0,0,1,0,0,0,0,0
4504,1.2849999999999997,1219,11.8,1042,161,699,64.725,1750,1253,29.0,45.5,1.7976,2004,9,14,10,0,0,1,0,0,0,0,0
4505,1.3499999999999999,1286,15.8,1172,167,644,66.25,1870,1295,30.1,42.0,1.7602,2004,9,14,11,0,0,1,0,0,0,0,0
4506,1.4149999999999998,1228,15.8,1174,173,668,67.775,1788,1192,32.3,35.9,1.7067,2004,9,14,12,0,0,1,0,0,0,0,0
4507,1.4799999999999998,1140,14.0,1117,179,711,69.3,1690,1046,33.2,33.8,1.69,2004,9,14,13,0,0,1,0,0,0,0,0
4508,1.545,1052,8.2,906,185,832,70.825,1516,803,34.0,33.6,1.7591,2004,9,14,14,0,0,1,0,0,0,0,0
4509,1.6099999999999999,1282,13.7,1107,190,682,72.35,1791,1116,29.9,45.6,1.8942,2004,9,14,15,0,0,1,0,0,0,0,0
4510,1.6749999999999998,1378,19.5,1282,196,576,73.875,2010,1347,27.7,53.7,1.967,2004,9,14,16,0,0,1,0,0,0,0,0
4511,1.7399999999999998,1506,26.7,1471,202,518,75.4,2200,1530,28.0,52.7,1.9604,2004,9,14,17,0,0,1,0,0,0,0,0
4512,1.8049999999999997,1310,18.7,1259,208,620,76.925,1926,1240,28.6,48.2,1.8616,2004,9,14,18,0,0,1,0,0,0,0,0
4513,1.8699999999999997,1204,13.9,1114,213,686,78.45,1807,1092,24.8,61.6,1.9067,2004,9,14,19,0,0,1,0,0,0,0,0
4514,1.9349999999999998,1071,6.7,842,219,873,79.975,1575,740,20.3,77.2,1.8204,2004,9,14,20,0,0,1,0,0,0,0,0
4515,1.9999999999999998,967,4.2,719,225,980,81.5,1490,670,19.7,82.5,1.8674,2004,9,14,21,0,0,1,0,0,0,0,0
4516,2.0649999999999995,947,3.6,689,231,1009,83.025,1454,640,20.6,78.8,1.8885,2004,9,14,22,0,0,1,0,0,0,0,0
4517,2.13,1011,4.4,734,237,967,84.55,1497,918,19.2,87.2,1.9195,2004,9,14,23,0,0,1,0,0,0,0,0
4518,2.1949999999999994,971,4.2,722,242,949,86.07499999999999,1472,804,20.5,81.5,1.936,2004,9,15,0,0,0,0,1,0,0,0,0
4519,2.26,886,2.6,627,248,1082,87.6,1405,694,21.4,74.0,1.8683,2004,9,15,1,0,0,0,1,0,0,0,0
4520,2.3249999999999997,908,3.1,657,254,1013,89.125,1460,796,20.5,78.2,1.8678,2004,9,15,2,0,0,0,1,0,0,0,0
4521,2.3899999999999997,901,3.0,652,260,1013,90.65,1468,804,20.7,77.8,1.8764,2004,9,15,3,0,0,0,1,0,0,0,0
4522,2.4549999999999996,915,3.4,674,265,970,92.175,1481,829,20.5,78.0,1.8636,2004,9,15,4,0,0,0,1,0,0,0,0
4523,2.5199999999999996,940,4.0,712,271,961,93.69999999999999,1499,848,20.6,76.2,1.8272,2004,9,15,5,0,0,0,1,0,0,0,0
4524,2.5849999999999995,1048,7.8,891,277,791,95.225,1654,992,20.1,77.4,1.802,2004,9,15,6,0,0,0,1,0,0,0,0
4525,2.6499999999999995,1298,16.1,1181,283,644,96.75,1962,1256,20.9,73.3,1.787,2004,9,15,7,0,0,0,1,0,0,0,0
4526,2.715,1487,27.6,1493,289,492,98.275,2345,1598,21.2,72.3,1.8007,2004,9,15,8,0,0,0,1,0,0,0,0
4527,2.7799999999999994,1327,17.8,1233,294,582,99.8,1968,1403,22.5,68.9,1.8511,2004,9,15,9,0,0,0,1,0,0,0,0
4528,2.8449999999999998,1363,18.5,1255,300,573,101.32499999999999,1989,1497,23.7,64.5,1.8682,2004,9,15,10,0,0,0,1,0,0,0,0
4529,2.9099999999999993,1393,21.6,1340,306,529,102.85,2080,1500,23.2,68.4,1.9243,2004,9,15,11,0,0,0,1,0,0,0,0
4530,2.9749999999999996,1361,21.0,1324,312,540,104.375,2044,1549,23.5,69.2,1.9776,2004,9,15,12,0,0,0,1,0,0,0,0
4531,3.039999999999999,1289,17.2,1217,317,599,105.9,1975,1374,24.1,65.5,1.9371,2004,9,15,13,0,0,0,1,0,0,0,0
4532,3.1049999999999995,1265,16.1,1184,323,619,107.425,1930,1270,24.2,65.6,1.9501,2004,9,15,14,0,0,0,1,0,0,0,0
4533,3.17,1339,18.6,1257,329,579,108.94999999999999,2031,1360,24.6,63.9,1.9459,2004,9,15,15,0,0,0,1,0,0,0,0
4534,3.2349999999999994,1269,17.2,1215,335,608,110.475,1939,1296,26.3,56.5,1.9018,2004,9,15,16,0,0,0,1,0,0,0,0
4535,3.3,1299,17.3,1220,341,624,112.0,1929,1319,26.9,53.1,1.8557,2004,9,15,17,0,0,0,1,0,0,0,0
4538,4.4,1312,20.1,1299,443,580,135.0,2016,1380,23.9,58.9,1.7276,2004,9,15,20,0,0,0,1,0,0,0,0
4539,1.9,1074,9.2,946,219,767,93.0,1635,1079,23.1,62.8,1.7562,2004,9,15,21,0,0,0,1,0,0,0,0
4540,1.8,1127,10.3,989,203,752,74.0,1724,1096,22.1,67.3,1.7671,2004,9,15,22,0,0,0,1,0,0,0,0
4541,1.5,1040,8.6,923,165,769,69.0,1640,1049,22.1,66.5,1.7441,2004,9,15,23,0,0,0,1,0,0,0,0
4542,1.6,1060,8.6,925,339,772,109.0,1649,1161,21.1,70.1,1.7366,2004,9,16,0,0,0,0,0,1,0,0,0
4543,0.8,911,4.8,753,103,934,55.0,1496,865,21.9,67.1,1.7394,2004,9,16,1,0,0,0,0,1,0,0,0
4544,0.5,853,2.6,623,74,1107,49.0,1421,768,21.7,67.4,1.7262,2004,9,16,2,0,0,0,0,1,0,0,0
4545,0.7,915,4.3,725,73,962,45.5,1485,845,20.2,73.8,1.7229,2004,9,16,3,0,0,0,0,1,0,0,0
4546,0.6,897,4.5,738,72,936,42.0,1471,843,19.1,76.0,1.6668,2004,9,16,4,0,0,0,0,1,0,0,0
4547,0.9,976,6.6,840,180,844,50.0,1562,964,19.4,75.4,1.6802,2004,9,16,5,0,0,0,0,1,0,0,0
4548,1.4,1066,10.1,982,239,740,53.0,1699,1065,19.7,74.4,1.6829,2004,9,16,6,0,0,0,0,1,0,0,0
4549,4.2,1435,23.4,1387,664,544,86.0,2140,1467,19.9,74.3,1.7083,2004,9,16,7,0,0,0,0,1,0,0,0
4550,4.1,1420,25.0,1430,525,512,81.0,2194,1510,20.4,72.8,1.7198,2004,9,16,8,0,0,0,0,1,0,0,0
4551,3.6,1365,21.6,1341,543,549,96.0,2033,1518,21.6,67.7,1.7254,2004,9,16,9,0,0,0,0,1,0,0,0
4552,2.5,1171,13.0,1083,390,695,96.0,1758,1276,22.9,59.1,1.633,2004,9,16,10,0,0,0,0,1,0,0,0
4553,1.3,982,6.8,850,217,888,79.0,1505,873,18.7,73.1,1.5608,2004,9,16,11,0,0,0,0,1,0,0,0
4554,1.7,1021,10.0,979,248,798,95.0,1580,958,21.1,58.3,1.4444,2004,9,16,12,0,0,0,0,1,0,0,0
4555,2.1,1044,11.7,1039,333,771,127.0,1609,1076,23.3,47.1,1.3281,2004,9,16,13,0,0,0,0,1,0,0,0
4556,1.7,1005,9.8,972,279,834,102.0,1514,952,22.9,47.9,1.3208,2004,9,16,14,0,0,0,0,1,0,0,0
4557,1.9,1021,10.2,985,339,816,107.0,1524,977,23.3,46.2,1.301,2004,9,16,15,0,0,0,0,1,0,0,0
4558,2.3,1064,12.0,1048,315,772,110.0,1574,1059,23.7,45.4,1.315,2004,9,16,16,0,0,0,0,1,0,0,0
4559,3.3,1167,17.7,1231,365,659,124.0,1745,1199,23.8,46.1,1.3373,2004,9,16,17,0,0,0,0,1,0,0,0
4560,3.5,1167,18.8,1263,338,640,113.0,1790,1212,23.0,49.3,1.3689,2004,9,16,18,0,0,0,0,1,0,0,0
4561,3.6,1164,17.6,1227,318,658,104.0,1800,1193,21.9,53.1,1.3787,2004,9,16,19,0,0,0,0,1,0,0,0
4562,2.9,1092,13.8,1110,302,725,117.0,1641,1105,21.3,54.8,1.3742,2004,9,16,20,0,0,0,0,1,0,0,0
4563,2.0,997,9.4,955,214,845,94.0,1528,926,21.2,55.2,1.3699,2004,9,16,21,0,0,0,0,1,0,0,0
4564,1.9,966,9.6,964,263,858,99.0,1560,1231,21.4,54.8,1.3813,2004,9,16,22,0,0,0,0,1,0,0,0
4565,1.5,969,8.5,922,313,906,104.0,1488,995,20.8,57.2,1.3925,2004,9,16,23,0,0,0,0,1,0,0,0
4566,1.1,944,10.7,1005,363,874,109.0,1633,1094,21.3,55.8,1.3974,2004,9,17,0,0,0,0,0,0,1,0,0
4567,0.8,834,6.1,817,178,1022,72.0,1408,774,21.4,52.1,1.3125,2004,9,17,1,0,0,0,0,0,1,0,0
4568,0.5,796,3.2,667,55,1162,40.0,1295,558,20.6,56.6,1.3583,2004,9,17,2,0,0,0,0,0,1,0,0
4569,0.4,777,2.0,585,43,1305,31.5,1266,510,20.0,59.1,1.3694,2004,9,17,3,0,0,0,0,0,1,0,0
4572,0.5,800,2.2,598,84,1336,41.0,1278,529,19.8,56.7,1.2941,2004,9,17,6,0,0,0,0,0,1,0,0
4573,2.4,1147,14.6,1136,456,737,99.0,1708,1114,20.2,55.6,1.3043,2004,9,17,7,0,0,0,0,0,1,0,0
4574,2.2,1036,9.7,965,342,854,91.0,1544,987,19.7,57.8,1.3112,2004,9,17,8,0,0,0,0,0,1,0,0
4575,1.4,926,6.7,845,239,979,81.0,1398,851,20.2,53.1,1.2442,2004,9,17,9,0,0,0,0,0,1,0,0
4576,1.6,961,7.6,881,337,932,95.0,1417,901,22.0,47.0,1.2259,2004,9,17,10,0,0,0,0,0,1,0,0
4577,1.6,951,8.6,926,351,902,113.0,1460,949,23.5,41.6,1.1884,2004,9,17,11,0,0,0,0,0,1,0,0
4578,1.6,962,9.0,940,209,889,89.0,1441,855,22.8,41.8,1.1417,2004,9,17,12,0,0,0,0,0,1,0,0
4579,2.1,1004,10.7,1004,257,832,88.0,1490,911,23.4,40.4,1.15,2004,9,17,13,0,0,0,0,0,1,0,0
4580,1.1,893,6.3,828,169,988,81.0,1357,672,23.2,42.8,1.2017,2004,9,17,14,0,0,0,0,0,1,0,0
4581,1.6,990,9.4,956,216,872,82.0,1476,826,23.6,43.2,1.2433,2004,9,17,15,0,0,0,0,0,1,0,0
4582,2.4,1071,12.5,1068,303,798,115.0,1556,988,23.9,40.8,1.1937,2004,9,17,16,0,0,0,0,0,1,0,0
4583,2.9,1140,15.2,1155,320,733,112.0,1660,1105,23.6,42.8,1.23,2004,9,17,17,0,0,0,0,0,1,0,0
4584,2.7,1103,14.8,1143,310,741,116.0,1647,1089,23.2,43.3,1.2161,2004,9,17,18,0,0,0,0,0,1,0,0
4585,3.1,1082,15.9,1178,341,733,129.0,1605,1077,22.8,42.5,1.1608,2004,9,17,19,0,0,0,0,0,1,0,0
4586,2.2,991,10.0,977,272,872,110.0,1448,923,22.3,42.2,1.1209,2004,9,17,20,0,0,0,0,0,1,0,0
4587,1.5,935,6.9,852,229,978,105.0,1344,824,22.1,43.0,1.1271,2004,9,17,21,0,0,0,0,0,1,0,0
4588,1.2,908,5.5,790,168,1046,90.0,1317,717,22.2,42.7,1.1237,2004,9,17,22,0,0,0,0,0,1,0,0
4589,1.3,927,6.3,826,173,1021,94.0,1331,734,22.1,42.8,1.1265,2004,9,17,23,0,0,0,0,0,1,0,0
4590,1.4,936,6.7,844,186,978,96.0,1365,776,22.1,43.5,1.1443,2004,9,18,0,1,0,0,0,0,0,1,0
4591,0.9,847,3.7,694,112,1153,70.0,1240,594,21.5,45.6,1.1528,2004,9,18,1,1,0,0,0,0,0,1,0
4592,0.7,812,3.2,664,79,1212,57.0,1215,518,21.1,44.5,1.098,2004,9,18,2,1,0,0,0,0,0,1,0
4593,0.6,804,2.4,616,70,1271,51.0,1189,496,20.4,47.1,1.1178,2004,9,18,3,1,0,0,0,0,0,1,0
4594,0.55,793,2.7,636,62,1213,45.0,1195,514,20.6,45.9,1.0993,2004,9,18,4,1,0,0,0,0,0,1,0
4595,0.5,775,2.3,609,58,1319,42.0,1190,468,20.2,46.7,1.0899,2004,9,18,5,1,0,0,0,0,0,1,0
4596,0.8,835,3.6,690,122,1183,71.0,1257,621,20.1,47.8,1.1144,2004,9,18,6,1,0,0,0,0,0,1,0
4597,1.2,913,6.4,830,173,980,82.0,1371,757,20.0,50.7,1.1724,2004,9,18,7,1,0,0,0,0,0,1,0
4598,1.1,903,5.0,765,176,1035,81.0,1317,712,20.7,49.7,1.197,2004,9,18,8,1,0,0,0,0,0,1,0
4599,1.6,982,7.9,895,233,892,89.0,1413,859,24.3,39.5,1.1842,2004,9,18,9,1,0,0,0,0,0,1,0
4600,1.4,925,6.6,838,210,949,83.0,1324,728,25.4,34.8,1.1119,2004,9,18,10,1,0,0,0,0,0,1,0
4601,1.2,895,5.2,776,178,1024,82.0,1274,640,26.6,30.7,1.0501,2004,9,18,11,1,0,0,0,0,0,1,0
4602,1.4,930,6.6,838,189,957,78.0,1319,680,27.7,28.1,1.0272,2004,9,18,12,1,0,0,0,0,0,1,0
4603,1.6,953,7.6,881,210,926,79.0,1339,704,27.6,28.7,1.0406,2004,9,18,13,1,0,0,0,0,0,1,0
4604,1.1,885,5.0,765,162,1017,78.0,1268,619,27.6,29.2,1.0594,2004,9,18,14,1,0,0,0,0,0,1,0
4605,1.1,903,5.3,779,137,1010,73.0,1278,583,28.1,28.6,1.0715,2004,9,18,15,1,0,0,0,0,0,1,0
4606,1.3,927,5.3,781,165,994,73.0,1267,594,29.1,26.8,1.0648,2004,9,18,16,1,0,0,0,0,0,1,0
4607,1.5,979,6.5,835,204,936,100.0,1338,700,28.4,28.3,1.0798,2004,9,18,17,1,0,0,0,0,0,1,0
4608,2.0,1050,9.2,947,266,832,122.0,1447,912,26.6,32.1,1.102,2004,9,18,18,1,0,0,0,0,0,1,0
4609,2.4,1091,11.6,1037,299,770,132.0,1512,1038,25.3,35.3,1.1262,2004,9,18,19,1,0,0,0,0,0,1,0
4610,2.0,1040,9.2,946,234,827,116.0,1424,952,24.7,37.1,1.1397,2004,9,18,20,1,0,0,0,0,0,1,0
4611,1.5,997,7.5,879,181,885,109.0,1404,887,23.5,40.6,1.1588,2004,9,18,21,1,0,0,0,0,0,1,0
4612,1.7,1042,9.0,938,210,816,109.0,1456,1004,22.8,43.4,1.1915,2004,9,18,22,1,0,0,0,0,0,1,0
4613,2.5,1191,12.1,1055,304,707,116.0,1563,1221,22.2,47.9,1.2626,2004,9,18,23,1,0,0,0,0,0,1,0
4614,2.2,1149,10.5,996,255,754,104.0,1534,1177,21.3,50.5,1.2652,2004,9,19,0,1,0,0,0,0,0,0,1
4615,1.4,973,7.1,862,149,850,81.0,1436,957,20.6,53.2,1.2742,2004,9,19,1,1,0,0,0,0,0,0,1
4616,1.2,940,6.2,823,112,891,64.0,1415,853,19.6,56.6,1.2797,2004,9,19,2,1,0,0,0,0,0,0,1
4617,1.2,949,7.8,890,101,854,59.0,1484,884,18.8,59.8,1.2847,2004,9,19,3,1,0,0,0,0,0,0,1
4618,0.9,830,3.8,699,90,1012,54.0,1339,736,18.8,59.5,1.2758,2004,9,19,4,1,0,0,0,0,0,0,1
4619,0.5,773,2.3,609,46,1169,35.0,1256,590,19.3,57.0,1.2603,2004,9,19,5,1,0,0,0,0,0,0,1
4620,0.6,811,2.9,644,76,1144,44.0,1289,655,18.2,60.8,1.2567,2004,9,19,6,1,0,0,0,0,0,0,1
4621,1.0,901,4.8,754,139,936,62.0,1351,854,16.8,66.8,1.2721,2004,9,19,7,1,0,0,0,0,0,0,1
4622,1.3,969,7.7,886,179,863,68.0,1451,953,18.6,60.0,1.2757,2004,9,19,8,1,0,0,0,0,0,0,1
4623,1.7,1027,8.8,933,224,806,85.0,1465,1050,22.2,48.0,1.2678,2004,9,19,9,1,0,0,0,0,0,0,1
4624,2.2,1094,10.6,1002,272,755,110.0,1536,1114,26.5,35.7,1.2149,2004,9,19,10,1,0,0,0,0,0,0,1
4625,2.1,1083,10.2,984,251,784,115.0,1485,1049,30.0,28.5,1.1883,2004,9,19,11,1,0,0,0,0,0,0,1
4626,2.2,1098,11.0,1015,250,754,129.0,1508,996,32.2,24.7,1.1696,2004,9,19,12,1,0,0,0,0,0,0,1
4627,2.0,1059,11.9,1047,178,761,106.0,1549,841,29.6,28.6,1.1628,2004,9,19,13,1,0,0,0,0,0,0,1
4628,2.0,1021,10.8,1009,137,771,87.0,1545,769,29.8,28.5,1.1809,2004,9,19,14,1,0,0,0,0,0,0,1
4629,1.2,925,5.1,768,119,987,70.0,1289,541,31.1,26.1,1.163,2004,9,19,15,1,0,0,0,0,0,0,1
4630,1.8,1045,8.3,910,193,878,106.0,1385,742,34.6,22.4,1.212,2004,9,19,16,1,0,0,0,0,0,0,1
4631,4.3,1303,20.7,1317,329,631,151.0,1816,1196,33.2,25.4,1.2722,2004,9,19,17,1,0,0,0,0,0,0,1
4632,3.8,1254,16.8,1204,413,668,179.0,1655,1338,30.0,31.4,1.3074,2004,9,19,18,1,0,0,0,0,0,0,1
4633,4.4,1345,20.4,1306,489,587,188.0,1806,1416,27.5,38.1,1.3756,2004,9,19,19,1,0,0,0,0,0,0,1
4634,3.8,1273,15.3,1159,470,645,187.0,1704,1341,26.2,42.5,1.423,2004,9,19,20,1,0,0,0,0,0,0,1
4635,1.9,1096,8.8,931,228,766,121.0,1506,1019,24.7,46.4,1.4206,2004,9,19,21,1,0,0,0,0,0,0,1
4636,1.7,1077,8.5,920,169,778,99.0,1509,935,23.6,50.0,1.4383,2004,9,19,22,1,0,0,0,0,0,0,1
4637,1.8,1084,8.7,929,189,751,100.0,1517,1081,22.7,53.6,1.4632,2004,9,19,23,1,0,0,0,0,0,0,1
4638,1.1,980,5.7,800,100,863,79.0,1407,903,22.7,53.8,1.4666,2004,9,20,0,0,1,0,0,0,0,0,0
4639,0.8,882,4.0,713,71,978,57.0,1343,731,22.8,53.0,1.4577,2004,9,20,1,0,1,0,0,0,0,0,0
4640,0.7,851,3.0,655,52,1051,43.0,1301,625,21.4,57.6,1.4469,2004,9,20,2,0,1,0,0,0,0,0,0
4641,0.6,819,2.2,597,54,1112,46.5,1281,613,19.9,62.3,1.4363,2004,9,20,3,0,1,0,0,0,0,0,0
4642,0.5,804,2.2,601,57,1122,50.0,1281,646,19.5,63.5,1.4269,2004,9,20,4,0,1,0,0,0,0,0,0
4643,0.5,823,2.7,631,69,1090,47.0,1304,671,20.2,60.8,1.4243,2004,9,20,5,0,1,0,0,0,0,0,0
4644,0.9,903,4.7,748,126,937,60.0,1373,801,19.4,63.5,1.4139,2004,9,20,6,0,1,0,0,0,0,0,0
4645,3.5,1310,21.7,1344,376,573,91.0,2026,1353,18.7,65.6,1.4039,2004,9,20,7,0,1,0,0,0,0,0,0
4648,3.5,1285,18.1,1243,481,599,173.0,1815,1582,26.4,41.9,1.4237,2004,9,20,10,0,1,0,0,0,0,0,0
4649,3.7,1262,18.6,1258,425,597,174.0,1835,1484,29.9,34.0,1.4096,2004,9,20,11,0,1,0,0,0,0,0,0
4650,3.1,1225,17.6,1227,330,643,165.0,1774,1321,31.5,30.8,1.4017,2004,9,20,12,0,1,0,0,0,0,0,0
4651,3.0,1162,16.3,1188,303,676,136.0,1681,1125,30.2,30.2,1.2744,2004,9,20,13,0,1,0,0,0,0,0,0
4652,2.6,1103,11.8,1044,283,757,125.0,1523,967,30.5,29.3,1.2612,2004,9,20,14,0,1,0,0,0,0,0,0
4653,2.4,1120,11.9,1045,264,752,122.0,1563,975,31.8,27.4,1.2673,2004,9,20,15,0,1,0,0,0,0,0,0
4654,2.6,1169,15.5,1163,280,708,124.0,1639,1025,34.3,23.2,1.2326,2004,9,20,16,0,1,0,0,0,0,0,0
4658,4.1,1167,19.5,1282,448,633,168.0,1685,1371,26.5,31.7,1.0787,2004,9,20,20,0,1,0,0,0,0,0,0
4659,2.1,1032,11.7,1039,231,761,118.0,1455,1071,24.8,33.7,1.0377,2004,9,20,21,0,1,0,0,0,0,0,0
4660,2.0,1034,9.9,972,230,747,115.0,1437,1118,23.9,38.1,1.1123,2004,9,20,22,0,1,0,0,0,0,0,0
4661,1.4,986,7.7,885,146,835,94.0,1407,931,23.0,43.0,1.1897,2004,9,20,23,0,1,0,0,0,0,0,0
4662,0.8,908,4.4,732,77,966,62.0,1311,722,23.5,44.7,1.2755,2004,9,21,0,0,0,1,0,0,0,0,0
4663,0.8,891,4.1,714,82,957,68.0,1295,773,22.3,47.7,1.2643,2004,9,21,1,0,0,1,0,0,0,0,0
4664,0.6,843,3.1,656,55,1042,50.0,1271,665,22.1,49.8,1.3094,2004,9,21,2,0,0,1,0,0,0,0,0
4665,0.5,822,2.4,612,48,1094,43.0,1254,594,21.8,51.4,1.3272,2004,9,21,3,0,0,1,0,0,0,0,0
4666,0.4,814,2.1,589,42,1119,36.0,1246,565,20.8,55.9,1.3581,2004,9,21,4,0,0,1,0,0,0,0,0
4667,0.6,869,3.3,673,102,1033,53.0,1307,688,18.8,63.0,1.3582,2004,9,21,5,0,0,1,0,0,0,0,0
4668,1.4,1013,8.1,905,231,804,79.0,1499,974,18.3,65.5,1.3686,2004,9,21,6,0,0,1,0,0,0,0,0
4671,5.3,1490,27.3,1487,665,508,161.0,2115,1807,22.6,51.4,1.392,2004,9,21,9,0,0,1,0,0,0,0,0
4672,4.4,1435,24.2,1408,598,537,191.0,1991,1704,25.8,44.2,1.4512,2004,9,21,10,0,0,1,0,0,0,0,0
4673,3.1,1246,17.0,1209,340,632,158.0,1792,1270,28.5,39.0,1.4928,2004,9,21,11,0,0,1,0,0,0,0,0
4674,3.3,1266,17.7,1231,374,615,157.0,1768,1265,30.1,35.1,1.4782,2004,9,21,12,0,0,1,0,0,0,0,0
4675,3.8,1277,19.3,1277,401,586,188.0,1846,1226,29.4,36.4,1.4718,2004,9,21,13,0,0,1,0,0,0,0,0
4676,2.3,1142,12.7,1073,275,671,143.0,1635,987,29.2,37.9,1.5116,2004,9,21,14,0,0,1,0,0,0,0,0
4677,2.6,1207,14.6,1136,278,645,152.0,1696,1024,30.5,34.9,1.5015,2004,9,21,15,0,0,1,0,0,0,0,0
4678,3.2,1252,17.8,1233,342,618,168.0,1759,1127,31.5,31.4,1.431,2004,9,21,16,0,0,1,0,0,0,0,0
4679,5.0,1399,26.6,1468,479,531,205.0,2072,1442,31.2,31.4,1.3987,2004,9,21,17,0,0,1,0,0,0,0,0
4682,4.4,1308,20.0,1297,428,567,173.0,1899,1454,24.8,49.0,1.5092,2004,9,21,20,0,0,1,0,0,0,0,0
4683,2.4,1137,11.9,1047,229,680,123.0,1620,1138,23.6,53.6,1.5374,2004,9,21,21,0,0,1,0,0,0,0,0
4684,1.5,1040,8.1,903,145,782,92.0,1494,951,23.0,55.8,1.548,2004,9,21,22,0,0,1,0,0,0,0,0
4685,1.3,1018,7.7,885,112,809,77.0,1491,864,22.1,58.4,1.5393,2004,9,21,23,0,0,1,0,0,0,0,0
4686,1.1,962,5.9,808,99,866,74.0,1430,868,22.6,56.3,1.5233,2004,9,22,0,0,0,0,1,0,0,0,0
4687,1.0,930,5.1,768,98,916,74.0,1409,825,21.0,61.3,1.5031,2004,9,22,1,0,0,0,1,0,0,0,0
4688,0.6,812,2.4,613,54,1133,47.0,1302,626,23.0,54.0,1.501,2004,9,22,2,0,0,0,1,0,0,0,0
4689,0.5,826,2.4,612,56,1111,45.5,1304,605,19.8,65.3,1.4894,2004,9,22,3,0,0,0,1,0,0,0,0
4690,0.6,878,3.8,702,59,949,44.0,1373,822,18.3,70.8,1.4794,2004,9,22,4,0,0,0,1,0,0,0,0
4691,0.8,922,5.0,764,162,892,69.0,1415,905,18.1,72.5,1.4876,2004,9,22,5,0,0,0,1,0,0,0,0
4692,1.5,1047,9.7,965,268,737,79.0,1606,1075,18.3,71.0,1.4807,2004,9,22,6,0,0,0,1,0,0,0,0
4693,4.1,1376,25.9,1452,531,521,108.0,2123,1541,18.5,68.9,1.4565,2004,9,22,7,0,0,0,1,0,0,0,0
4696,3.7,1316,20.0,1298,510,562,172.0,1888,1584,26.8,42.7,1.4864,2004,9,22,10,0,0,0,1,0,0,0,0
4697,3.3,1269,18.3,1247,415,597,180.0,1813,1441,29.1,36.7,1.4543,2004,9,22,11,0,0,0,1,0,0,0,0
4698,2.5,1152,13.4,1099,243,674,130.0,1631,1093,30.8,32.0,1.4014,2004,9,22,12,0,0,0,1,0,0,0,0
4699,2.6,1138,14.0,1117,267,657,120.0,1646,1019,27.9,37.0,1.372,2004,9,22,13,0,0,0,1,0,0,0,0
4700,2.2,1132,12.1,1052,233,680,117.0,1609,944,28.5,37.3,1.4291,2004,9,22,14,0,0,0,1,0,0,0,0
4701,2.6,1186,15.3,1159,295,640,141.0,1701,1046,30.2,32.9,1.3865,2004,9,22,15,0,0,0,1,0,0,0,0
4702,2.9,1228,16.1,1184,309,657,151.0,1724,1089,32.9,27.7,1.3622,2004,9,22,16,0,0,0,1,0,0,0,0
4703,5.0,1424,27.3,1486,506,523,218.0,2084,1537,32.2,28.8,1.3624,2004,9,22,17,0,0,0,1,0,0,0,0
4704,5.1,1427,26.2,1458,479,507,213.0,2049,1566,28.8,39.0,1.5203,2004,9,22,18,0,0,0,1,0,0,0,0
4705,5.2,1387,26.7,1473,460,508,194.0,2065,1510,26.7,43.3,1.4881,2004,9,22,19,0,0,0,1,0,0,0,0
4706,3.8,1284,18.3,1249,363,582,167.0,1842,1300,24.6,54.0,1.6461,2004,9,22,20,0,0,0,1,0,0,0,0
4707,2.2,1110,11.9,1045,213,688,115.0,1638,1058,23.4,59.9,1.6992,2004,9,22,21,0,0,0,1,0,0,0,0
4708,2.1,1110,11.5,1032,183,702,98.0,1650,1002,22.5,62.6,1.6883,2004,9,22,22,0,0,0,1,0,0,0,0
4709,1.8,1077,9.6,964,163,749,93.0,1571,923,22.9,62.0,1.7127,2004,9,22,23,0,0,0,1,0,0,0,0
4710,1.6,1037,8.0,898,152,793,87.0,1539,836,22.2,64.9,1.719,2004,9,23,0,0,0,0,0,1,0,0,0
4711,1.4,1002,6.9,854,104,818,71.0,1513,779,21.4,68.5,1.7261,2004,9,23,1,0,0,0,0,1,0,0,0
4712,0.8,865,3.7,694,61,989,49.0,1385,678,22.2,63.0,1.6673,2004,9,23,2,0,0,0,0,1,0,0,0
4713,0.5,824,2.4,615,57,1131,46.5,1336,601,22.4,59.9,1.6069,2004,9,23,3,0,0,0,0,1,0,0,0
4714,0.5,824,2.2,602,54,1138,44.0,1337,593,21.1,63.8,1.5817,2004,9,23,4,0,0,0,0,1,0,0,0
4715,0.5,847,2.5,620,84,1085,58.0,1339,670,22.9,57.5,1.5879,2004,9,23,5,0,0,0,0,1,0,0,0
4716,0.9,961,6.3,828,132,892,66.0,1491,837,21.3,63.2,1.5794,2004,9,23,6,0,0,0,0,1,0,0,0
4717,3.2,1336,21.6,1340,422,540,112.0,2049,1400,21.3,63.5,1.5941,2004,9,23,7,0,0,0,0,1,0,0,0
4718,2.8,1251,18.8,1264,282,582,104.0,1897,1393,23.7,54.4,1.5765,2004,9,23,8,0,0,0,0,1,0,0,0
4719,2.7,1290,18.1,1244,293,604,103.0,1853,1415,25.0,50.8,1.5903,2004,9,23,9,0,0,0,0,1,0,0,0
4720,2.4,1215,14.8,1141,334,631,118.0,1766,1285,26.3,48.1,1.6199,2004,9,23,10,0,0,0,0,1,0,0,0
4721,2.7,1248,15.9,1177,324,608,129.0,1784,1230,26.4,47.3,1.6006,2004,9,23,11,0,0,0,0,1,0,0,0
4722,2.8,1233,16.1,1184,294,610,127.0,1775,1147,29.3,39.5,1.5855,2004,9,23,12,0,0,0,0,1,0,0,0
4723,2.9,1229,17.2,1217,273,599,130.0,1795,1107,29.0,39.6,1.5581,2004,9,23,13,0,0,0,0,1,0,0,0
4724,2.6,1206,15.8,1175,275,618,130.0,1746,1068,29.8,38.0,1.5642,2004,9,23,14,0,0,0,0,1,0,0,0
4725,2.6,1215,15.1,1150,282,608,118.0,1733,1115,30.4,37.2,1.588,2004,9,23,15,0,0,0,0,1,0,0,0
4726,3.2,1330,18.9,1264,323,586,146.0,1860,1362,31.5,34.9,1.5903,2004,9,23,16,0,0,0,0,1,0,0,0
4727,4.6,1446,25.2,1434,442,522,190.0,2075,1619,31.6,34.8,1.5925,2004,9,23,17,0,0,0,0,1,0,0,0
4728,4.9,1446,26.1,1458,431,501,189.0,2059,1572,29.0,40.5,1.5949,2004,9,23,18,0,0,0,0,1,0,0,0
4729,4.7,1421,25.6,1444,402,510,173.0,2056,1446,27.2,45.9,1.6302,2004,9,23,19,0,0,0,0,1,0,0,0
4730,3.3,1247,16.9,1206,313,600,148.0,1785,1233,26.2,48.7,1.6256,2004,9,23,20,0,0,0,0,1,0,0,0
4731,2.3,1168,12.6,1070,228,667,116.0,1646,1102,25.1,50.5,1.584,2004,9,23,21,0,0,0,0,1,0,0,0
4732,2.1,1111,10.3,991,218,721,109.0,1559,1028,24.1,50.7,1.4959,2004,9,23,22,0,0,0,0,1,0,0,0
4733,1.7,1071,8.9,934,179,763,94.0,1504,942,22.5,53.7,1.4486,2004,9,23,23,0,0,0,0,1,0,0,0
4734,1.0,969,6.5,835,97,859,64.0,1437,773,22.7,53.7,1.458,2004,9,24,0,0,0,0,0,0,1,0,0
4735,0.9,942,5.3,780,83,915,59.0,1419,737,21.5,57.9,1.4658,2004,9,24,1,0,0,0,0,0,1,0,0
4736,0.7,923,4.6,744,80,908,64.0,1394,815,22.3,55.8,1.4828,2004,9,24,2,0,0,0,0,0,1,0,0
4737,0.4,813,2.0,581,73,1176,58.0,1320,627,22.7,53.8,1.4673,2004,9,24,3,0,0,0,0,0,1,0,0
4738,0.4,851,2.5,618,66,1099,52.0,1351,642,21.1,59.9,1.4789,2004,9,24,4,0,0,0,0,0,1,0,0
4739,0.5,868,2.8,639,109,1093,55.0,1367,610,20.4,63.0,1.4946,2004,9,24,5,0,0,0,0,0,1,0,0
4740,1.3,1062,8.4,915,232,792,83.0,1579,929,20.8,62.2,1.5119,2004,9,24,6,0,0,0,0,0,1,0,0
4741,3.5,1418,21.1,1328,535,546,114.0,2017,1427,21.3,61.6,1.5452,2004,9,24,7,0,0,0,0,0,1,0,0
4744,3.4,1338,20.3,1305,539,543,138.0,1929,1521,25.1,49.5,1.5572,2004,9,24,10,0,0,0,0,0,1,0,0
4745,3.2,1285,18.4,1252,364,581,134.0,1866,1293,26.6,44.3,1.5229,2004,9,24,11,0,0,0,0,0,1,0,0
4746,3.7,1376,22.3,1359,422,530,143.0,1998,1435,26.2,46.0,1.5422,2004,9,24,12,0,0,0,0,0,1,0,0
4747,4.6,1467,26.9,1477,483,491,153.0,2114,1592,25.4,48.7,1.5594,2004,9,24,13,0,0,0,0,0,1,0,0
4748,4.2,1442,24.0,1403,496,518,145.0,2026,1551,25.6,48.3,1.558,2004,9,24,14,0,0,0,0,0,1,0,0
4749,3.3,1358,19.3,1277,403,563,123.0,1892,1429,25.7,47.8,1.5548,2004,9,24,15,0,0,0,0,0,1,0,0
4750,2.7,1222,14.5,1133,282,624,96.0,1698,1195,24.9,49.2,1.5251,2004,9,24,16,0,0,0,0,0,1,0,0
4751,2.2,1134,11.1,1017,268,724,107.0,1632,981,18.3,75.4,1.5682,2004,9,24,17,0,0,0,0,0,1,0,0
4752,2.8,1120,10.4,993,306,725,119.0,1565,962,16.3,73.9,1.3601,2004,9,24,18,0,0,0,0,0,1,0,0
4753,2.9,1103,10.5,997,293,736,109.0,1552,914,15.6,75.7,1.3345,2004,9,24,19,0,0,0,0,0,1,0,0
4754,2.0,985,5.8,805,240,895,107.0,1390,785,15.4,76.6,1.3334,2004,9,24,20,0,0,0,0,0,1,0,0
4755,0.7,795,2.2,596,93,1227,57.0,1188,482,14.0,75.4,1.1988,2004,9,24,21,0,0,0,0,0,1,0,0
4756,0.6,787,2.0,584,99,1317,60.0,1129,446,14.9,60.5,1.0213,2004,9,24,22,0,0,0,0,0,1,0,0
4757,1.2,839,3.8,701,55,1128,22.0,1156,553,15.5,50.9,0.888,2004,9,24,23,0,0,0,0,0,1,0,0
4758,1.2,835,3.9,705,19,1117,2.0,1161,592,15.6,50.0,0.8773,2004,9,25,0,1,0,0,0,0,0,1,0
4759,1.1,837,3.7,693,26,1096,7.0,1178,584,15.4,53.6,0.9326,2004,9,25,1,1,0,0,0,0,0,1,0
4760,0.6,761,1.7,563,26,1316,8.0,1106,451,15.4,53.9,0.9334,2004,9,25,2,1,0,0,0,0,0,1,0
4764,0.4,744,1.3,525,25,1434,3.0,1097,430,15.5,53.3,0.9308,2004,9,25,6,1,0,0,0,0,0,1,0
4765,0.6,782,2.1,591,28,1287,9.0,1130,461,15.4,52.7,0.9178,2004,9,25,7,1,0,0,0,0,0,1,0
4766,0.7,798,2.5,619,41,1204,14.0,1138,500,15.7,51.1,0.9056,2004,9,25,8,1,0,0,0,0,0,1,0
4767,1.0,867,4.6,744,130,1067,52.0,1207,594,16.9,47.7,0.9142,2004,9,25,9,1,0,0,0,0,0,1,0
4768,1.1,862,4.3,729,173,1103,64.0,1171,603,18.2,41.9,0.8674,2004,9,25,10,1,0,0,0,0,0,1,0
4769,1.5,915,6.5,834,168,1006,66.0,1243,686,19.1,37.0,0.8104,2004,9,25,11,1,0,0,0,0,0,1,0
4770,1.4,857,6.0,813,51,1040,14.0,1183,622,19.3,34.8,0.771,2004,9,25,12,1,0,0,0,0,0,1,0
4771,1.4,837,6.0,812,31,1065,9.0,1171,624,19.8,31.2,0.7127,2004,9,25,13,1,0,0,0,0,0,1,0
4772,1.0,805,4.5,740,41,1161,12.0,1117,565,19.8,31.1,0.7104,2004,9,25,14,1,0,0,0,0,0,1,0
4773,0.9,781,3.9,705,41,1203,14.0,1068,514,20.2,28.6,0.6717,2004,9,25,15,1,0,0,0,0,0,1,0
4774,1.1,815,4.6,743,54,1183,21.0,1095,536,22.1,24.8,0.6514,2004,9,25,16,1,0,0,0,0,0,1,0
4775,1.3,877,6.7,844,112,1048,43.0,1193,669,21.1,27.7,0.6853,2004,9,25,17,1,0,0,0,0,0,1,0
4776,1.8,926,8.9,935,178,931,62.0,1262,786,20.1,30.3,0.7045,2004,9,25,18,1,0,0,0,0,0,1,0
4777,2.4,987,9.8,971,218,876,68.0,1312,891,19.5,33.0,0.7384,2004,9,25,19,1,0,0,0,0,0,1,0
4778,2.7,1004,10.8,1007,241,848,81.0,1321,926,19.3,32.3,0.7163,2004,9,25,20,1,0,0,0,0,0,1,0
4779,1.7,897,7.4,875,223,937,88.0,1227,902,18.4,33.2,0.6975,2004,9,25,21,1,0,0,0,0,0,1,0
4780,2.2,1002,10.3,989,279,840,99.0,1358,1011,17.8,36.5,0.7366,2004,9,25,22,1,0,0,0,0,0,1,0
4781,2.8,1126,13.8,1111,330,746,98.0,1473,1249,17.8,39.9,0.8035,2004,9,25,23,1,0,0,0,0,0,1,0
4782,2.4,1067,10.9,1013,330,794,97.0,1350,1133,17.0,43.0,0.8242,2004,9,26,0,1,0,0,0,0,0,0,1
4783,2.5,1063,11.7,1040,341,739,101.0,1413,1166,15.5,52.2,0.9136,2004,9,26,1,1,0,0,0,0,0,0,1
4784,1.4,915,7.8,893,205,872,90.0,1287,953,15.6,51.9,0.9135,2004,9,26,2,1,0,0,0,0,0,0,1
4785,1.4,906,7.7,885,167,872,75.5,1304,912,13.5,59.4,0.9176,2004,9,26,3,1,0,0,0,0,0,0,1
4786,1.15,844,5.5,786,130,969,61.0,1226,831,13.4,59.9,0.9173,2004,9,26,4,1,0,0,0,0,0,0,1
4787,0.9,816,4.5,739,102,999,55.0,1188,793,12.5,63.2,0.9146,2004,9,26,5,1,0,0,0,0,0,0,1
4788,0.6,768,3.3,671,79,1128,46.0,1153,700,13.6,57.6,0.8941,2004,9,26,6,1,0,0,0,0,0,0,1
4789,1.0,835,5.4,785,148,989,56.0,1224,780,12.2,63.2,0.8964,2004,9,26,7,1,0,0,0,0,0,0,1
4790,1.6,944,8.2,908,261,865,83.0,1321,931,14.6,56.4,0.9319,2004,9,26,8,1,0,0,0,0,0,0,1
4791,0.9,810,3.0,651,107,1170,55.0,1117,575,19.8,38.6,0.8831,2004,9,26,9,1,0,0,0,0,0,0,1
4792,0.9,819,3.0,655,103,1222,47.0,1104,507,21.6,33.4,0.8519,2004,9,26,10,1,0,0,0,0,0,0,1
4793,1.0,844,3.5,680,122,1147,61.0,1129,518,22.0,32.2,0.8407,2004,9,26,11,1,0,0,0,0,0,0,1
4794,1.0,846,3.6,688,127,1127,58.0,1138,518,22.7,30.2,0.8217,2004,9,26,12,1,0,0,0,0,0,0,1
4795,0.9,842,4.0,711,110,1077,59.0,1160,516,22.3,30.4,0.8063,2004,9,26,13,1,0,0,0,0,0,0,1
4796,0.9,840,4.2,722,98,1048,54.0,1169,507,22.1,30.5,0.7981,2004,9,26,14,1,0,0,0,0,0,0,1
4797,0.9,815,3.1,657,146,1166,69.0,1098,490,22.1,29.5,0.7761,2004,9,26,15,1,0,0,0,0,0,0,1
4798,0.9,838,3.5,685,119,1176,54.0,1121,465,23.4,27.1,0.7681,2004,9,26,16,1,0,0,0,0,0,0,1
4799,2.7,992,10.3,987,234,823,95.0,1327,781,23.1,27.0,0.7538,2004,9,26,17,1,0,0,0,0,0,0,1
4800,2.2,990,7.8,891,261,908,99.0,1278,765,21.5,31.4,0.7943,2004,9,26,18,1,0,0,0,0,0,0,1
4801,3.3,1066,10.7,1004,371,795,127.0,1384,1006,20.3,35.5,0.833,2004,9,26,19,1,0,0,0,0,0,0,1
4802,2.1,971,7.3,870,266,911,98.0,1287,798,19.6,36.3,0.8193,2004,9,26,20,1,0,0,0,0,0,0,1
4803,1.8,963,7.7,887,268,853,112.0,1311,938,18.7,39.7,0.8482,2004,9,26,21,1,0,0,0,0,0,0,1
4804,1.9,1010,8.6,925,294,829,115.0,1351,996,18.0,42.7,0.8745,2004,9,26,22,1,0,0,0,0,0,0,1
4805,2.3,1054,10.0,978,303,768,114.0,1398,1109,17.1,47.6,0.9208,2004,9,26,23,1,0,0,0,0,0,0,1
4806,1.9,998,8.5,920,241,802,103.0,1365,1042,16.6,51.3,0.9634,2004,9,27,0,0,1,0,0,0,0,0,0
4807,1.3,919,5.8,802,142,891,81.0,1265,940,15.9,55.2,0.9881,2004,9,27,1,0,1,0,0,0,0,0,0
4808,1.0,884,5.0,764,110,921,75.0,1247,900,14.9,58.9,0.9891,2004,9,27,2,0,1,0,0,0,0,0,0
4809,0.6,803,2.9,648,107,1079,69.5,1178,774,14.1,61.0,0.9799,2004,9,27,3,0,1,0,0,0,0,0,0
4810,0.6,820,3.4,674,104,1024,64.0,1188,790,14.0,62.6,0.9948,2004,9,27,4,0,1,0,0,0,0,0,0
4811,0.9,894,5.6,794,179,889,71.0,1266,908,14.1,61.7,0.9844,2004,9,27,5,0,1,0,0,0,0,0,0
4812,1.5,988,9.0,941,361,801,99.0,1399,1035,14.4,60.3,0.9802,2004,9,27,6,0,1,0,0,0,0,0,0
4814,4.0,1209,18.8,1262,614,618,135.0,1708,1392,16.9,50.3,0.958,2004,9,27,8,0,1,0,0,0,0,0,0
4815,1.8,951,8.2,908,275,873,94.0,1314,904,19.7,40.2,0.9108,2004,9,27,9,0,1,0,0,0,0,0,0
4816,1.9,992,9.1,943,325,847,103.0,1351,936,22.2,33.6,0.8886,2004,9,27,10,0,1,0,0,0,0,0,0
4817,1.7,964,9.2,947,327,862,123.0,1328,907,23.7,29.6,0.8537,2004,9,27,11,0,1,0,0,0,0,0,0
4818,1.6,917,8.3,910,252,886,95.0,1275,744,21.9,30.7,0.7961,2004,9,27,12,0,1,0,0,0,0,0,0
4819,1.9,937,9.1,942,226,852,90.0,1276,773,22.3,29.5,0.7838,2004,9,27,13,0,1,0,0,0,0,0,0
4820,1.6,961,9.2,949,230,853,99.0,1306,812,23.8,27.0,0.7845,2004,9,27,14,0,1,0,0,0,0,0,0
4821,1.8,969,9.6,962,244,829,107.0,1316,856,23.3,28.3,0.8012,2004,9,27,15,0,1,0,0,0,0,0,0
4822,2.0,1020,11.8,1042,251,788,112.0,1401,927,24.2,27.2,0.8128,2004,9,27,16,0,1,0,0,0,0,0,0
4823,3.1,1107,17.3,1219,346,683,132.0,1582,1131,25.1,25.8,0.8065,2004,9,27,17,0,1,0,0,0,0,0,0
4824,3.9,1119,17.8,1233,407,670,148.0,1539,1270,22.3,29.2,0.7773,2004,9,27,18,0,1,0,0,0,0,0,0
4825,4.3,1173,20.9,1322,490,633,158.0,1679,1365,20.8,32.5,0.7873,2004,9,27,19,0,1,0,0,0,0,0,0
4826,3.5,1097,14.9,1144,434,702,145.0,1517,1274,19.1,36.8,0.8066,2004,9,27,20,0,1,0,0,0,0,0,0
4827,2.4,1018,11.3,1024,345,758,128.0,1400,1169,18.1,39.9,0.8232,2004,9,27,21,0,1,0,0,0,0,0,0
4828,1.5,932,8.4,914,192,837,105.0,1298,1000,17.4,42.8,0.8463,2004,9,27,22,0,1,0,0,0,0,0,0
4829,1.3,897,6.8,849,157,891,90.0,1253,910,16.7,46.6,0.8793,2004,9,27,23,0,1,0,0,0,0,0,0
4830,1.0,840,4.9,758,148,994,85.0,1189,829,17.1,46.8,0.9054,2004,9,28,0,0,0,1,0,0,0,0,0
4831,0.8,802,3.5,680,105,1091,73.0,1137,756,15.3,51.9,0.8982,2004,9,28,1,0,0,1,0,0,0,0,0
4832,0.5,765,2.8,637,141,1138,74.0,1113,742,15.0,52.8,0.8929,2004,9,28,2,0,0,1,0,0,0,0,0
4833,0.4,741,2.1,595,124,1191,67.5,1080,686,14.4,54.5,0.8887,2004,9,28,3,0,0,1,0,0,0,0,0
4834,0.5,748,2.2,595,107,1208,61.0,1089,677,12.8,59.8,0.8801,2004,9,28,4,0,0,1,0,0,0,0,0
4835,0.7,791,3.9,704,166,1057,69.0,1154,748,11.9,62.7,0.8726,2004,9,28,5,0,0,1,0,0,0,0,0
4836,1.2,875,7.3,871,241,890,82.0,1253,890,12.1,62.6,0.8825,2004,9,28,6,0,0,1,0,0,0,0,0
4837,2.4,1085,15.5,1164,368,707,120.0,1503,1155,13.5,58.2,0.8944,2004,9,28,7,0,0,1,0,0,0,0,0
4838,4.3,1268,27.1,1482,498,550,135.0,1849,1533,14.4,55.7,0.9087,2004,9,28,8,0,0,1,0,0,0,0,0
4839,4.1,1236,21.3,1332,641,601,152.0,1683,1550,17.8,45.7,0.9224,2004,9,28,9,0,0,1,0,0,0,0,0
4840,3.7,1274,19.9,1294,667,615,177.0,1595,2236,21.0,37.2,0.9155,2004,9,28,10,0,0,1,0,0,0,0,0
4841,3.4,1250,19.4,1280,550,618,181.0,1663,2178,24.5,29.8,0.9008,2004,9,28,11,0,0,1,0,0,0,0,0
4842,3.8,1224,21.8,1347,483,602,176.0,1670,1901,26.4,26.4,0.8969,2004,9,28,12,0,0,1,0,0,0,0,0
4843,4.1,1220,21.7,1344,524,605,163.0,1676,1743,25.2,26.8,0.8451,2004,9,28,13,0,0,1,0,0,0,0,0
4844,3.4,1166,18.9,1265,481,640,174.0,1570,1502,26.1,24.8,0.8283,2004,9,28,14,0,0,1,0,0,0,0,0
4845,2.3,1050,13.0,1084,305,748,117.0,1402,1153,26.2,24.4,0.8174,2004,9,28,15,0,0,1,0,0,0,0,0
4846,3.2,1174,18.8,1264,396,670,145.0,1598,1287,28.9,21.3,0.8382,2004,9,28,16,0,0,1,0,0,0,0,0
4847,4.8,1323,26.8,1474,501,554,173.0,1854,1547,28.0,23.3,0.8681,2004,9,28,17,0,0,1,0,0,0,0,0
4850,4.5,1309,23.1,1379,524,555,175.0,1841,1693,20.9,45.8,1.1159,2004,9,28,20,0,0,1,0,0,0,0,0
4851,2.1,1089,11.6,1037,247,707,129.0,1480,1336,19.8,48.6,1.113,2004,9,28,21,0,0,1,0,0,0,0,0
4852,1.5,1009,8.3,911,196,788,111.0,1359,1177,19.8,47.7,1.0885,2004,9,28,22,0,0,1,0,0,0,0,0
4853,1.1,930,5.7,796,135,883,85.0,1263,977,18.6,49.1,1.0435,2004,9,28,23,0,0,1,0,0,0,0,0
4854,1.1,929,5.9,805,146,879,86.0,1270,974,17.2,53.9,1.0498,2004,9,29,0,0,0,0,1,0,0,0,0
4855,0.9,872,4.1,718,106,981,71.0,1223,872,16.3,56.8,1.047,2004,9,29,1,0,0,0,1,0,0,0,0
4856,0.5,790,2.2,601,70,1150,60.0,1157,734,17.4,53.4,1.0541,2004,9,29,2,0,0,0,1,0,0,0,0
4857,0.4,793,2.0,581,66,1169,54.0,1152,668,15.5,58.8,1.0309,2004,9,29,3,0,0,0,1,0,0,0,0
4858,0.4,789,2.2,596,62,1145,48.0,1161,698,14.6,62.1,1.0236,2004,9,29,4,0,0,0,1,0,0,0,0
4859,0.4,769,2.0,586,60,1221,45.0,1134,650,17.1,52.5,1.013,2004,9,29,5,0,0,0,1,0,0,0,0
4860,0.7,852,4.0,713,92,1029,53.0,1203,749,15.2,58.3,0.9986,2004,9,29,6,0,0,0,1,0,0,0,0
4861,2.0,1100,13.4,1097,277,739,94.0,1516,1106,14.9,59.2,0.9985,2004,9,29,7,0,0,0,1,0,0,0,0
4862,4.2,1326,28.0,1504,600,510,122.0,1968,1609,15.1,59.0,1.0086,2004,9,29,8,0,0,0,1,0,0,0,0
4864,3.8,1310,21.4,1334,617,573,174.0,1747,1633,22.4,38.8,1.04,2004,9,29,10,0,0,0,1,0,0,0,0
4865,3.7,1304,19.1,1272,569,593,191.0,1673,1583,25.4,33.3,1.0679,2004,9,29,11,0,0,0,1,0,0,0,0
4866,3.4,1286,19.6,1286,409,593,179.0,1728,1449,27.2,30.4,1.081,2004,9,29,12,0,0,0,1,0,0,0,0
4867,3.1,1217,15.8,1175,335,621,148.0,1644,1451,25.5,34.8,1.1152,2004,9,29,13,0,0,0,1,0,0,0,0
4868,2.4,1104,13.5,1099,290,698,129.0,1483,1147,26.4,28.5,0.9658,2004,9,29,14,0,0,0,1,0,0,0,0
4869,2.8,1143,15.9,1176,312,677,148.0,1551,1108,27.7,25.1,0.9158,2004,9,29,15,0,0,0,1,0,0,0,0
4870,3.6,1205,19.9,1295,440,626,184.0,1613,1267,28.6,23.2,0.8917,2004,9,29,16,0,0,0,1,0,0,0,0
4871,4.0,1276,21.6,1340,450,597,188.0,1677,1303,27.2,26.3,0.9317,2004,9,29,17,0,0,0,1,0,0,0,0
4874,4.7,1339,22.8,1373,536,541,165.0,1797,1585,21.6,43.3,1.1019,2004,9,29,20,0,0,0,1,0,0,0,0
4875,1.9,1108,12.3,1061,238,685,133.0,1454,1315,21.1,44.8,1.1088,2004,9,29,21,0,0,0,1,0,0,0,0
4876,1.9,1116,10.9,1012,249,699,125.0,1445,1290,19.7,49.3,1.1148,2004,9,29,22,0,0,0,1,0,0,0,0
4877,1.2,981,7.1,860,150,812,101.0,1298,1059,20.3,47.8,1.1281,2004,9,29,23,0,0,0,1,0,0,0,0
4878,0.9,947,5.7,798,108,869,79.0,1276,943,19.4,50.3,1.1201,2004,9,30,0,0,0,0,0,1,0,0,0
4879,0.9666666666666667,939,5.3,776,116,879,80.6923076923077,1259,913,18.3,53.1,1.1056,2004,9,30,1,0,0,0,0,1,0,0,0
4880,1.0333333333333334,862,2.9,644,125,1030,82.38461538461539,1173,720,17.5,56.1,1.1103,2004,9,30,2,0,0,0,0,1,0,0,0
4881,1.1,827,1.9,577,134,1138,84.07692307692308,1143,640,19.2,50.3,1.1087,2004,9,30,3,0,0,0,0,1,0,0,0
4882,1.1666666666666667,879,2.4,611,143,1036,85.76923076923077,1189,779,16.6,59.6,1.117,2004,9,30,4,0,0,0,0,1,0,0,0
4883,1.2333333333333334,911,4.0,710,152,932,87.46153846153847,1226,850,17.5,57.1,1.1311,2004,9,30,5,0,0,0,0,1,0,0,0
4884,1.3,1051,8.1,901,161,778,89.15384615384616,1379,1020,17.6,57.6,1.1471,2004,9,30,6,0,0,0,0,1,0,0,0
4885,1.3666666666666667,1496,24.8,1425,169,520,90.84615384615384,1946,1605,18.0,57.0,1.1665,2004,9,30,7,0,0,0,0,1,0,0,0
4887,1.5,1428,20.9,1321,187,544,94.23076923076923,1779,1621,18.6,57.2,1.2146,2004,9,30,9,0,0,0,0,1,0,0,0
4888,1.5666666666666667,1459,22.2,1356,196,525,95.92307692307692,1795,1712,20.2,53.0,1.2407,2004,9,30,10,0,0,0,0,1,0,0,0
4889,1.6333333333333333,1486,23.5,1390,205,504,97.61538461538461,1835,1770,21.3,50.1,1.2539,2004,9,30,11,0,0,0,0,1,0,0,0
4890,1.7,1158,10.8,1008,214,695,99.3076923076923,1489,1175,24.6,42.8,1.3053,2004,9,30,12,0,0,0,0,1,0,0,0
4891,1.7,1200,11.2,1021,223,678,101.0,1510,1157,24.6,44.1,1.3477,2004,9,30,13,0,0,0,0,1,0,0,0
4892,2.2,1290,15.1,1151,267,613,113.0,1638,1219,25.6,43.4,1.4049,2004,9,30,14,0,0,0,0,1,0,0,0
4893,2.8,1366,17.4,1223,308,578,121.0,1744,1288,26.1,42.6,1.4172,2004,9,30,15,0,0,0,0,1,0,0,0
4894,3.9,1505,23.4,1388,422,516,146.0,1978,1503,25.8,44.8,1.4644,2004,9,30,16,0,0,0,0,1,0,0,0
4898,4.4,1468,20.0,1296,414,529,142.0,1854,1590,22.6,59.5,1.6155,2004,9,30,20,0,0,0,0,1,0,0,0
4899,1.6,1180,10.5,997,143,677,84.0,1549,1127,22.1,61.3,1.6133,2004,9,30,21,0,0,0,0,1,0,0,0
4900,1.5,1138,9.0,938,147,700,87.0,1500,1098,22.1,61.3,1.6053,2004,9,30,22,0,0,0,0,1,0,0,0
4901,1.7,1192,10.7,1004,159,665,91.0,1577,1176,21.1,64.7,1.5956,2004,9,30,23,0,0,0,0,1,0,0,0
4902,1.9,1176,10.4,993,206,659,91.0,1572,1178,20.3,66.4,1.5591,2004,10,1,0,0,0,0,0,0,1,0,0
4903,1.6,1137,9.7,967,140,687,74.0,1557,1091,19.4,69.3,1.5418,2004,10,1,1,0,0,0,0,0,1,0,0
4904,1.3,1035,6.9,851,132,764,69.0,1465,1002,19.0,70.8,1.5417,2004,10,1,2,0,0,0,0,0,1,0,0
4905,0.8,943,4.0,709,106,893,61.5,1348,876,20.2,65.8,1.5442,2004,10,1,3,0,0,0,0,0,1,0,0
4906,0.6,904,3.0,655,81,968,54.0,1326,824,19.8,67.2,1.5322,2004,10,1,4,0,0,0,0,0,1,0,0
4907,0.7,966,4.3,726,120,872,60.0,1371,892,19.0,70.3,1.5308,2004,10,1,5,0,0,0,0,0,1,0,0
4908,1.6,1124,9.8,972,279,674,69.0,1568,1092,18.8,71.8,1.5372,2004,10,1,6,0,0,0,0,0,1,0,0
4909,2.9,1348,17.2,1217,392,559,91.0,1816,1413,20.2,66.3,1.555,2004,10,1,7,0,0,0,0,0,1,0,0
4910,4.1,1499,27.9,1501,433,469,97.0,2130,1565,20.8,64.3,1.563,2004,10,1,8,0,0,0,0,0,1,0,0
4911,3.7,1427,20.5,1311,531,503,114.0,1900,1594,22.3,59.3,1.5705,2004,10,1,9,0,0,0,0,0,1,0,0
4912,3.6,1473,21.2,1330,619,497,129.0,1908,1677,23.2,56.6,1.5929,2004,10,1,10,0,0,0,0,0,1,0,0
4913,3.4,1440,19.9,1294,522,506,137.0,1879,1616,23.8,54.7,1.587,2004,10,1,11,0,0,0,0,0,1,0,0
4914,3.7,1474,21.1,1326,505,485,134.0,1943,1610,23.5,56.2,1.6048,2004,10,1,12,0,0,0,0,0,1,0,0
4915,4.1,1485,22.3,1359,465,477,132.0,2005,1614,23.9,54.4,1.5963,2004,10,1,13,0,0,0,0,0,1,0,0
4916,3.2,1395,17.6,1219,383,540,123.0,1836,1450,24.65,50.9,1.5566499999999999,2004,10,1,14,0,0,0,0,0,1,0,0
4917,2.4,1306,12.9,1079,278,603,105.0,1668,1286,25.4,47.4,1.517,2004,10,1,15,0,0,0,0,0,1,0,0
4918,3.4,1464,18.4,1251,372,530,136.0,1853,1487,26.4,45.4,1.54,2004,10,1,16,0,0,0,0,0,1,0,0
4919,5.6,1629,26.5,1466,540,458,169.0,2130,1703,25.8,46.9,1.5375,2004,10,1,17,0,0,0,0,0,1,0,0
4922,5.543356643356643,1424,19.9,1293,534,524,167.27972027972027,1902,1550,22.8,58.1,1.5951,2004,10,1,20,0,0,0,0,0,1,0,0
4923,5.524475524475524,1297,13.5,1100,532,598,166.7062937062937,1710,1350,21.5,63.2,1.5993,2004,10,1,21,0,0,0,0,0,1,0,0
4924,5.5055944055944055,1214,11.2,1022,530,645,166.13286713286712,1592,1235,21.3,63.0,1.5798,2004,10,1,22,0,0,0,0,0,1,0,0
4925,5.486713286713286,1160,9.1,944,528,686,165.55944055944056,1523,1162,20.8,64.1,1.554,2004,10,1,23,0,0,0,0,0,1,0,0
4926,5.467832167832167,1232,10.9,1012,526,642,164.98601398601397,1595,1211,20.6,64.0,1.5346,2004,10,2,0,1,0,0,0,0,0,1,0
4927,5.448951048951049,1134,8.4,914,524,699,164.4125874125874,1512,1097,20.6,63.4,1.519,2004,10,2,1,1,0,0,0,0,0,1,0
4928,5.43006993006993,1071,7.1,860,522,742,163.83916083916083,1500,1021,20.4,64.4,1.522,2004,10,2,2,1,0,0,0,0,0,1,0
4929,5.4111888111888105,968,4.3,730,520,858,163.26573426573427,1388,913,21.3,61.0,1.529,2004,10,2,3,1,0,0,0,0,0,1,0
4930,5.392307692307692,994,4.0,711,519,867,162.69230769230768,1384,909,20.5,64.0,1.5247,2004,10,2,4,1,0,0,0,0,0,1,0
4931,5.373426573426573,1046,5.8,804,517,774,162.11888111888112,1458,983,20.3,65.3,1.5321,2004,10,2,5,1,0,0,0,0,0,1,0
4932,5.3545454545454545,1066,6.3,827,515,751,161.54545454545453,1479,1024,20.1,65.9,1.5321,2004,10,2,6,1,0,0,0,0,0,1,0
4933,5.335664335664335,1277,12.3,1061,513,612,160.97202797202797,1691,1243,20.2,65.6,1.5368,2004,10,2,7,1,0,0,0,0,0,1,0
4934,5.316783216783216,1290,13.3,1093,511,592,160.3986013986014,1677,1253,21.1,62.8,1.5481,2004,10,2,8,1,0,0,0,0,0,1,0
4935,5.297902097902098,1268,12.5,1066,509,608,159.82517482517483,1665,1240,22.5,57.5,1.5518,2004,10,2,9,1,0,0,0,0,0,1,0
4936,5.279020979020979,1243,10.5,997,507,648,159.25174825174824,1587,1155,24.2,51.9,1.5426,2004,10,2,10,1,0,0,0,0,0,1,0
4937,5.2601398601398595,1300,12.1,1053,505,614,158.67832167832168,1650,1193,25.2,48.9,1.5437,2004,10,2,11,1,0,0,0,0,0,1,0
4938,5.241258741258741,1278,12.1,1053,503,630,158.1048951048951,1641,1153,25.8,47.8,1.5662,2004,10,2,12,1,0,0,0,0,0,1,0
4939,5.222377622377622,1249,11.2,1023,501,639,157.53146853146853,1640,1034,25.7,49.2,1.5988,2004,10,2,13,1,0,0,0,0,0,1,0
4940,5.2034965034965035,1145,7.2,867,499,739,156.95804195804195,1499,870,25.8,49.6,1.6213,2004,10,2,14,1,0,0,0,0,0,1,0
4941,5.184615384615384,1199,8.7,928,498,704,156.3846153846154,1533,890,25.7,48.8,1.5913,2004,10,2,15,1,0,0,0,0,0,1,0
4942,5.165734265734265,1236,9.6,962,496,690,155.8111888111888,1589,946,26.5,45.9,1.5626,2004,10,2,16,1,0,0,0,0,0,1,0
4943,5.146853146853147,1289,11.6,1037,494,638,155.23776223776224,1648,1033,25.4,48.9,1.565,2004,10,2,17,1,0,0,0,0,0,1,0
4944,5.127972027972028,1299,12.7,1072,492,617,154.66433566433565,1688,1107,24.4,52.5,1.583,2004,10,2,18,1,0,0,0,0,0,1,0
4945,5.1090909090909085,1506,20.7,1315,490,512,154.0909090909091,1954,1395,23.9,54.6,1.5936,2004,10,2,19,1,0,0,0,0,0,1,0
4946,5.09020979020979,1432,17.8,1234,488,553,153.5174825174825,1849,1342,22.9,57.9,1.5958,2004,10,2,20,1,0,0,0,0,0,1,0
4947,5.071328671328671,1193,11.2,1021,486,666,152.94405594405595,1633,1152,22.1,61.1,1.6012,2004,10,2,21,1,0,0,0,0,0,1,0
4948,5.0524475524475525,1188,10.8,1007,484,668,152.37062937062936,1577,1128,20.8,65.6,1.5898,2004,10,2,22,1,0,0,0,0,0,1,0
4949,5.033566433566433,1162,9.4,953,482,691,151.7972027972028,1526,1104,21.7,60.8,1.563,2004,10,2,23,1,0,0,0,0,0,1,0
4950,5.014685314685314,1106,8.5,921,480,720,151.2237762237762,1506,1055,21.1,62.8,1.5505,2004,10,3,0,1,0,0,0,0,0,0,1
4951,4.995804195804196,1037,6.5,836,478,788,150.65034965034965,1467,904,20.7,63.2,1.524,2004,10,3,1,1,0,0,0,0,0,0,1
4952,4.976923076923077,982,5.1,768,477,850,150.07692307692307,1416,835,21.2,61.5,1.5241,2004,10,3,2,1,0,0,0,0,0,0,1
4953,4.9580419580419575,944,4.5,740,475,881,149.5034965034965,1412,781,20.3,64.6,1.518,2004,10,3,3,1,0,0,0,0,0,0,1
4954,4.939160839160839,929,3.9,703,473,908,148.93006993006992,1391,761,20.2,64.4,1.5035,2004,10,3,4,1,0,0,0,0,0,0,1
4955,4.92027972027972,906,3.3,672,471,948,148.35664335664336,1377,742,20.1,65.3,1.5153,2004,10,3,5,1,0,0,0,0,0,0,1
4956,4.9013986013986015,907,3.2,665,469,972,147.78321678321677,1370,779,19.9,66.0,1.5141,2004,10,3,6,1,0,0,0,0,0,0,1
4957,4.882517482517482,1013,5.4,781,467,829,147.2097902097902,1469,894,19.8,66.4,1.5145,2004,10,3,7,1,0,0,0,0,0,0,1
4958,4.863636363636363,1055,5.6,795,465,800,146.63636363636363,1476,927,20.4,64.1,1.5178,2004,10,3,8,1,0,0,0,0,0,0,1
4959,4.844755244755245,1138,7.5,880,463,727,146.06293706293707,1538,1034,21.6,60.8,1.5496,2004,10,3,9,1,0,0,0,0,0,0,1
4960,4.825874125874126,1250,10.7,1003,461,647,145.48951048951048,1638,1217,23.5,54.5,1.5553,2004,10,3,10,1,0,0,0,0,0,0,1
4961,4.8069930069930065,1165,8.4,916,459,711,144.91608391608392,1517,1093,25.7,46.6,1.5105,2004,10,3,11,1,0,0,0,0,0,0,1
4962,4.788111888111888,1229,11.3,1025,457,663,144.34265734265733,1588,1073,26.6,43.7,1.5031,2004,10,3,12,1,0,0,0,0,0,0,1
4963,4.769230769230769,1168,8.3,911,456,715,143.76923076923077,1517,969,27.4,41.8,1.5056,2004,10,3,13,1,0,0,0,0,0,0,1
4964,4.7503496503496505,1092,6.0,814,454,794,143.1958041958042,1446,777,27.4,42.8,1.5344,2004,10,3,14,1,0,0,0,0,0,0,1
4965,4.731468531468531,1109,6.7,843,452,769,142.62237762237763,1458,743,27.1,43.3,1.5255,2004,10,3,15,1,0,0,0,0,0,0,1
4966,4.712587412587412,1133,6.2,823,450,775,142.04895104895104,1449,777,26.9,44.4,1.551,2004,10,3,16,1,0,0,0,0,0,0,1
4967,4.693706293706294,1192,7.7,887,448,716,141.47552447552448,1488,819,26.9,44.4,1.5538,2004,10,3,17,1,0,0,0,0,0,0,1
4968,4.674825174825175,1298,11.0,1015,446,647,140.9020979020979,1619,1056,24.7,51.9,1.5868,2004,10,3,18,1,0,0,0,0,0,0,1
4969,4.6559440559440555,1524,20.8,1320,444,514,140.32867132867133,1925,1481,23.7,55.6,1.6074,2004,10,3,19,1,0,0,0,0,0,0,1
4970,4.637062937062937,1540,21.4,1336,442,498,139.75524475524475,1929,1590,22.7,59.6,1.6261,2004,10,3,20,1,0,0,0,0,0,0,1
4971,4.618181818181818,1190,10.4,992,440,654,139.1818181818182,1587,1211,21.9,61.4,1.5946,2004,10,3,21,1,0,0,0,0,0,0,1
4972,4.599300699300699,1092,8.3,911,438,735,138.6083916083916,1506,1052,22.0,59.8,1.562,2004,10,3,22,1,0,0,0,0,0,0,1
4973,4.58041958041958,1079,7.8,890,436,745,138.03496503496504,1522,1000,20.5,64.9,1.5473,2004,10,3,23,1,0,0,0,0,0,0,1
4974,4.561538461538461,995,5.5,789,435,828,137.46153846153845,1432,874,19.8,66.9,1.5277,2004,10,4,0,0,1,0,0,0,0,0,0
4975,4.542657342657343,960,5.2,772,433,838,136.8881118881119,1431,852,18.4,71.6,1.4997,2004,10,4,1,0,1,0,0,0,0,0,0
4976,4.523776223776224,890,3.2,666,431,969,136.3146853146853,1323,728,18.9,68.6,1.4818,2004,10,4,2,0,1,0,0,0,0,0,0
4977,4.5048951048951045,860,2.7,632,429,1037,135.74125874125875,1322,713,17.8,72.3,1.4546,2004,10,4,3,0,1,0,0,0,0,0,0
4978,4.486013986013986,860,3.0,652,427,997,135.16783216783216,1326,734,17.1,73.9,1.4262,2004,10,4,4,0,1,0,0,0,0,0,0
4979,4.467132867132867,883,4.0,713,425,937,134.5944055944056,1351,777,17.7,70.3,1.4088,2004,10,4,5,0,1,0,0,0,0,0,0
4980,4.448251748251748,929,5.6,795,423,858,134.020979020979,1373,815,17.1,71.8,1.3936,2004,10,4,6,0,1,0,0,0,0,0,0
4981,4.429370629370629,1100,11.1,1018,421,706,133.44755244755245,1573,1002,18.3,67.5,1.4044,2004,10,4,7,0,1,0,0,0,0,0,0
4982,4.41048951048951,1257,20.1,1299,419,550,132.87412587412587,1864,1302,18.5,67.0,1.4135,2004,10,4,8,0,1,0,0,0,0,0,0
4983,4.391608391608392,1402,23.6,1393,417,505,132.3006993006993,1967,1542,19.9,61.7,1.4193,2004,10,4,9,0,1,0,0,0,0,0,0
4984,4.372727272727273,1376,21.0,1324,415,527,131.72727272727272,1886,1571,22.9,52.6,1.4519,2004,10,4,10,0,1,0,0,0,0,0,0
4985,4.3538461538461535,1374,21.8,1346,414,519,131.15384615384616,1910,1614,24.2,49.0,1.4586,2004,10,4,11,0,1,0,0,0,0,0,0
4986,4.334965034965035,1381,22.1,1355,412,516,130.58041958041957,1931,1583,25.8,44.7,1.459,2004,10,4,12,0,1,0,0,0,0,0,0
4987,4.316083916083916,1282,18.2,1247,410,561,130.006993006993,1829,1285,26.0,44.5,1.4731,2004,10,4,13,0,1,0,0,0,0,0,0
4988,4.297202797202797,1188,14.2,1124,408,625,129.43356643356643,1655,1094,27.1,40.2,1.4217,2004,10,4,14,0,1,0,0,0,0,0,0
4989,4.278321678321678,1227,14.9,1147,406,612,128.86013986013987,1707,1113,27.4,39.8,1.4318,2004,10,4,15,0,1,0,0,0,0,0,0
4990,4.259440559440559,1364,21.1,1328,404,528,128.28671328671328,1898,1395,28.9,36.3,1.4291,2004,10,4,16,0,1,0,0,0,0,0,0
4994,4.183916083916084,1356,21.3,1331,396,520,125.99300699300699,1925,1643,23.3,53.0,1.4939,2004,10,4,20,0,1,0,0,0,0,0,0
4995,4.165034965034965,1084,10.0,979,394,699,125.41958041958043,1539,1239,22.6,55.1,1.4899,2004,10,4,21,0,1,0,0,0,0,0,0
4996,4.146153846153846,1039,8.9,936,393,731,124.84615384615384,1499,1121,21.2,59.3,1.4787,2004,10,4,22,0,1,0,0,0,0,0,0
4997,4.127272727272727,1011,7.4,875,391,787,124.27272727272728,1446,1012,20.6,60.9,1.4642,2004,10,4,23,0,1,0,0,0,0,0,0
4998,4.108391608391608,968,6.4,831,389,810,123.6993006993007,1425,961,20.0,63.1,1.4592,2004,10,5,0,0,0,1,0,0,0,0,0
4999,4.08951048951049,867,3.7,693,387,971,123.12587412587413,1335,825,19.7,63.4,1.4383,2004,10,5,1,0,0,1,0,0,0,0,0
5000,4.070629370629371,820,2.5,620,385,1081,122.55244755244755,1270,703,20.8,58.8,1.4305,2004,10,5,2,0,0,1,0,0,0,0,0
5001,4.0517482517482515,826,2.7,631,383,1072,121.97902097902099,1280,752,17.8,69.8,1.4058,2004,10,5,3,0,0,1,0,0,0,0,0
5002,4.032867132867133,835,2.5,620,381,1053,121.4055944055944,1260,741,18.8,65.3,1.4023,2004,10,5,4,0,0,1,0,0,0,0,0
5003,4.013986013986014,887,4.1,717,379,955,120.83216783216784,1334,786,17.6,69.5,1.3889,2004,10,5,5,0,0,1,0,0,0,0,0
5004,3.995104895104895,990,7.8,889,377,763,120.25874125874125,1450,952,17.4,69.7,1.3714,2004,10,5,6,0,0,1,0,0,0,0,0
5006,3.9573426573426573,1352,26.4,1465,373,491,119.1118881118881,1998,1621,18.5,65.5,1.3787,2004,10,5,8,0,0,1,0,0,0,0,0
5007,3.9384615384615387,1337,21.6,1339,372,525,118.53846153846155,1870,1622,20.6,58.5,1.4054,2004,10,5,9,0,0,1,0,0,0,0,0
5008,3.9195804195804196,1435,22.8,1373,370,513,117.96503496503496,1910,1759,23.9,48.7,1.4269,2004,10,5,10,0,0,1,0,0,0,0,0
5009,3.9006993006993005,1377,19.3,1276,368,539,117.3916083916084,1790,1666,26.0,43.8,1.4499,2004,10,5,11,0,0,1,0,0,0,0,0
5011,3.862937062937063,1358,23.4,1389,364,516,116.24475524475525,1886,1525,27.9,38.0,1.4029,2004,10,5,13,0,0,1,0,0,0,0,0
5012,3.844055944055944,1301,17.1,1212,362,575,115.67132867132867,1717,1332,28.4,37.6,1.4282,2004,10,5,14,0,0,1,0,0,0,0,0
5013,3.825174825174825,1255,14.6,1136,360,611,115.09790209790211,1675,1183,28.5,37.3,1.4329,2004,10,5,15,0,0,1,0,0,0,0,0
5014,3.8062937062937063,1410,21.6,1340,358,533,114.52447552447552,1841,1414,30.8,31.8,1.3908,2004,10,5,16,0,0,1,0,0,0,0,0
5018,3.730769230769231,1539,23.9,1402,351,475,112.23076923076923,2018,1780,23.9,57.2,1.6774,2004,10,5,20,0,0,1,0,0,0,0,0
5019,3.7118881118881117,1409,20.3,1304,349,500,111.65734265734265,1829,1640,22.7,60.8,1.6582,2004,10,5,21,0,0,1,0,0,0,0,0
5020,3.6930069930069926,1231,12.8,1077,347,602,111.08391608391608,1580,1379,21.8,59.9,1.5492,2004,10,5,22,0,0,1,0,0,0,0,0
5021,3.674125874125874,1092,8.7,928,345,688,110.5104895104895,1470,1139,22.4,58.3,1.561,2004,10,5,23,0,0,1,0,0,0,0,0
5022,3.6552447552447553,1036,6.8,850,343,760,109.93706293706293,1411,1001,21.7,60.2,1.5442,2004,10,6,0,0,0,0,1,0,0,0,0
5023,3.6363636363636362,984,5.3,780,341,810,109.36363636363636,1377,910,21.2,61.4,1.5258,2004,10,6,1,0,0,0,1,0,0,0,0
5024,3.617482517482517,950,4.6,743,339,841,108.79020979020979,1377,895,19.3,68.4,1.513,2004,10,6,2,0,0,0,1,0,0,0,0
5025,3.5986013986013985,889,3.2,665,337,943,108.21678321678321,1310,805,19.8,65.1,1.49,2004,10,6,3,0,0,0,1,0,0,0,0
5026,3.57972027972028,865,2.8,636,335,992,107.64335664335664,1285,761,20.0,62.9,1.4495,2004,10,6,4,0,0,0,1,0,0,0,0
5027,3.5608391608391607,917,3.6,686,333,933,107.06993006993007,1304,805,18.3,68.5,1.4291,2004,10,6,5,0,0,0,1,0,0,0,0
5028,3.541958041958042,997,6.2,823,331,804,106.4965034965035,1395,894,18.1,68.5,1.4067,2004,10,6,6,0,0,0,1,0,0,0,0
5029,3.523076923076923,1433,24.2,1409,330,506,105.92307692307692,1972,1439,17.6,70.5,1.4057,2004,10,6,7,0,0,0,1,0,0,0,0
5031,3.4853146853146852,1528,25.8,1449,326,473,104.77622377622377,2039,1756,20.4,61.2,1.447,2004,10,6,9,0,0,0,1,0,0,0,0
5032,3.4664335664335666,1347,16.2,1186,324,560,104.2027972027972,1713,1493,22.5,55.6,1.499,2004,10,6,10,0,0,0,1,0,0,0,0
5033,3.4475524475524475,1392,17.7,1231,322,530,103.62937062937063,1771,1567,25.7,46.4,1.507,2004,10,6,11,0,0,0,1,0,0,0,0
5034,3.428671328671329,1359,16.5,1195,320,542,103.05594405594405,1784,1376,26.8,44.6,1.5467,2004,10,6,12,0,0,0,1,0,0,0,0
5035,3.4097902097902097,1391,18.3,1249,318,518,102.48251748251748,1845,1399,26.0,46.4,1.5414,2004,10,6,13,0,0,0,1,0,0,0,0
5036,3.390909090909091,1335,14.6,1137,316,563,101.9090909090909,1729,1293,26.3,46.0,1.5478,2004,10,6,14,0,0,0,1,0,0,0,0
5037,3.372027972027972,1402,17.1,1213,314,530,101.33566433566433,1789,1348,27.4,43.9,1.5811,2004,10,6,15,0,0,0,1,0,0,0,0
5038,3.3531468531468533,1406,17.2,1216,312,542,100.76223776223776,1772,1314,29.6,36.7,1.4936,2004,10,6,16,0,0,0,1,0,0,0,0
5039,3.3342657342657342,1527,24.6,1419,310,476,100.18881118881119,1966,1507,28.7,37.3,1.4486,2004,10,6,17,0,0,0,1,0,0,0,0
5040,3.3153846153846156,1559,26.9,1476,309,463,99.61538461538461,2022,1660,25.7,44.1,1.4331,2004,10,6,18,0,0,0,1,0,0,0,0
5043,3.2587412587412588,1336,16.8,1204,303,542,97.8951048951049,1759,1490,22.4,57.9,1.5449,2004,10,6,21,0,0,0,1,0,0,0,0
5044,3.23986013986014,1189,11.0,1014,301,641,97.32167832167832,1553,1249,22.7,55.8,1.5218,2004,10,6,22,0,0,0,1,0,0,0,0
5045,3.220979020979021,1226,11.4,1029,299,620,96.74825174825175,1570,1265,20.4,62.4,1.4758,2004,10,6,23,0,0,0,1,0,0,0,0
5046,3.2020979020979023,1171,9.9,972,297,650,96.17482517482517,1529,1181,20.3,64.2,1.5063,2004,10,7,0,0,0,0,0,1,0,0,0
5047,3.1832167832167833,1002,5.0,762,295,814,95.6013986013986,1385,954,21.4,60.6,1.5236,2004,10,7,1,0,0,0,0,1,0,0,0
5048,3.164335664335664,950,3.7,696,293,894,95.02797202797203,1375,875,20.3,66.3,1.5657,2004,10,7,2,0,0,0,0,1,0,0,0
5049,3.1454545454545455,930,3.1,660,291,925,94.45454545454545,1321,838,20.9,62.2,1.5182,2004,10,7,3,0,0,0,0,1,0,0,0
5050,3.1265734265734264,924,2.9,643,289,948,93.88111888111888,1329,825,19.9,66.1,1.5198,2004,10,7,4,0,0,0,0,1,0,0,0
5051,3.1076923076923078,994,4.4,732,288,852,93.3076923076923,1400,882,19.8,67.1,1.5305,2004,10,7,5,0,0,0,0,1,0,0,0
5052,3.0888111888111887,1089,7.4,873,286,741,92.73426573426573,1479,990,20.1,64.4,1.4967,2004,10,7,6,0,0,0,0,1,0,0,0
5053,3.06993006993007,1468,19.4,1280,284,518,92.16083916083916,1899,1423,19.7,66.4,1.5035,2004,10,7,7,0,0,0,0,1,0,0,0
5055,3.0321678321678323,1479,22.2,1357,280,491,91.01398601398601,1937,1581,22.5,57.0,1.5314,2004,10,7,9,0,0,0,0,1,0,0,0
5056,3.013286713286713,1425,18.5,1255,278,516,90.44055944055944,1864,1500,23.5,53.4,1.5241,2004,10,7,10,0,0,0,0,1,0,0,0
5057,2.9944055944055945,1279,14.0,1116,276,587,89.86713286713287,1668,1268,24.7,48.2,1.4802,2004,10,7,11,0,0,0,0,1,0,0,0
5058,2.9755244755244754,1319,15.5,1165,274,571,89.2937062937063,1743,1230,27.1,40.9,1.4405,2004,10,7,12,0,0,0,0,1,0,0,0
5059,2.9566433566433568,1329,15.7,1172,272,561,88.72027972027972,1739,1204,25.9,44.2,1.4576,2004,10,7,13,0,0,0,0,1,0,0,0
5060,2.9377622377622377,1327,15.7,1172,270,566,88.14685314685315,1747,1205,26.9,41.8,1.4555,2004,10,7,14,0,0,0,0,1,0,0,0
5061,2.918881118881119,1282,12.7,1075,268,605,87.57342657342657,1651,1103,27.2,40.7,1.4481,2004,10,7,15,0,0,0,0,1,0,0,0
5062,2.9,1342,15.3,1157,267,572,87.0,1707,1195,28.6,37.6,1.4468,2004,10,7,16,0,0,0,0,1,0,0,0
5064,5.3,1576,26.1,1458,418,463,119.0,2024,1637,25.2,45.8,1.4464,2004,10,7,18,0,0,0,0,1,0,0,0
5067,2.8,1331,16.5,1194,326,559,92.0,1715,1477,22.3,57.1,1.5219,2004,10,7,21,0,0,0,0,1,0,0,0
5068,1.7,1182,11.0,1016,209,658,73.0,1572,1210,21.8,58.2,1.5036,2004,10,7,22,0,0,0,0,1,0,0,0
5069,1.7,1162,10.8,1008,183,658,60.0,1556,1160,20.9,61.3,1.4923,2004,10,7,23,0,0,0,0,1,0,0,0
5070,1.7,1147,9.6,964,165,668,60.0,1517,1116,20.6,62.0,1.4827,2004,10,8,0,0,0,0,0,0,1,0,0
5071,1.2,1040,6.5,836,111,762,53.0,1423,974,20.3,62.5,1.472,2004,10,8,1,0,0,0,0,0,1,0,0
5072,0.7,920,3.6,688,67,920,47.0,1317,820,20.5,62.1,1.4771,2004,10,8,2,0,0,0,0,0,1,0,0
5073,0.7,931,3.3,670,77,931,45.0,1326,792,18.7,68.5,1.4586,2004,10,8,3,0,0,0,0,0,1,0,0
5074,0.8,954,4.4,731,88,865,43.0,1360,839,18.2,70.3,1.4498,2004,10,8,4,0,0,0,0,0,1,0,0
5075,0.9,981,5.5,790,147,817,47.0,1390,898,18.2,70.1,1.4552,2004,10,8,5,0,0,0,0,0,1,0,0
5076,1.7,1147,10.8,1009,279,653,50.0,1589,1096,18.2,70.0,1.4519,2004,10,8,6,0,0,0,0,0,1,0,0
5078,4.3,1490,24.8,1424,592,465,75.0,2033,1604,19.5,66.9,1.4999,2004,10,8,8,0,0,0,0,0,1,0,0
5079,3.9,1473,24.2,1409,557,483,87.0,1984,1637,21.1,61.1,1.5056,2004,10,8,9,0,0,0,0,0,1,0,0
5081,3.7,1468,21.0,1323,530,496,105.0,1913,1641,24.4,52.5,1.5807,2004,10,8,11,0,0,0,0,0,1,0,0
5082,3.3,1413,19.6,1285,412,518,101.0,1883,1505,26.4,45.8,1.553,2004,10,8,12,0,0,0,0,0,1,0,0
5083,3.6,1400,21.2,1331,366,520,100.0,1916,1465,27.7,39.2,1.4356,2004,10,8,13,0,0,0,0,0,1,0,0
5084,3.2,1361,18.0,1238,344,548,98.0,1805,1368,28.0,39.6,1.4738,2004,10,8,14,0,0,0,0,0,1,0,0
5085,3.5,1389,20.5,1311,339,525,98.0,1845,1748,28.7,38.4,1.486,2004,10,8,15,0,0,0,0,0,1,0,0
5086,2.4,1305,15.6,1167,297,586,98.0,1690,1301,28.5,39.4,1.5147,2004,10,8,16,0,0,0,0,0,1,0,0
5087,2.9,1354,19.2,1275,294,543,90.0,1799,1338,28.4,39.8,1.5191,2004,10,8,17,0,0,0,0,0,1,0,0
5088,2.3,1352,20.0,1296,211,534,84.0,1846,1337,26.4,45.9,1.5572,2004,10,8,18,0,0,0,0,0,1,0,0
5089,3.1,1472,21.1,1327,323,497,101.0,1895,1516,25.2,49.5,1.5665,2004,10,8,19,0,0,0,0,0,1,0,0
5090,2.9,1412,18.6,1256,333,525,98.0,1797,1435,24.9,50.9,1.5856,2004,10,8,20,0,0,0,0,0,1,0,0
5091,1.5,1221,12.3,1061,163,619,76.0,1615,1178,24.6,52.2,1.5951,2004,10,8,21,0,0,0,0,0,1,0,0
5092,1.5,1230,10.3,990,151,652,71.0,1559,1111,24.0,54.4,1.6049,2004,10,8,22,0,0,0,0,0,1,0,0
5093,1.7,1247,9.6,961,167,666,71.0,1569,1112,23.8,56.1,1.6298,2004,10,8,23,0,0,0,0,0,1,0,0
5094,1.6,1217,9.9,975,174,665,66.0,1565,1109,22.3,60.6,1.608,2004,10,9,0,1,0,0,0,0,0,1,0
5095,1.3,1158,8.6,923,142,673,62.0,1519,1072,21.9,61.5,1.5967,2004,10,9,1,1,0,0,0,0,0,1,0
5096,1.4,1150,7.3,871,155,697,58.0,1502,1030,21.1,64.5,1.594,2004,10,9,2,1,0,0,0,0,0,1,0
5097,0.9,1061,5.4,785,125,766,53.0,1447,935,21.0,64.4,1.5828,2004,10,9,3,1,0,0,0,0,0,1,0
5098,0.9,1062,5.1,770,96,780,48.0,1450,922,21.3,63.9,1.5951,2004,10,9,4,1,0,0,0,0,0,1,0
5099,1.3,1157,7.8,890,154,681,53.0,1549,1054,20.8,66.7,1.6201,2004,10,9,5,1,0,0,0,0,0,1,0
5100,1.3,1167,8.2,907,211,681,55.0,1548,1082,20.6,67.5,1.621,2004,10,9,6,1,0,0,0,0,0,1,0
5101,2.9,1403,17.6,1229,381,523,63.0,1872,1365,20.9,66.3,1.6165,2004,10,9,7,1,0,0,0,0,0,1,0
5102,3.2,1453,20.1,1298,470,489,69.0,1940,1497,21.5,63.7,1.6186,2004,10,9,8,1,0,0,0,0,0,1,0
5103,3.4,1455,18.7,1260,464,502,84.0,1868,1540,23.7,56.0,1.6238,2004,10,9,9,1,0,0,0,0,0,1,0
5104,3.6,1512,19.5,1282,450,498,95.0,1899,1554,26.0,48.2,1.598,2004,10,9,10,1,0,0,0,0,0,1,0
5105,2.3,1331,13.0,1082,274,588,80.0,1689,1252,28.5,42.4,1.6286,2004,10,9,11,1,0,0,0,0,0,1,0
5106,3.1,1472,18.2,1246,306,512,87.0,1873,1455,28.1,45.3,1.6957,2004,10,9,12,1,0,0,0,0,0,1,0
5107,3.3,1430,16.2,1187,308,539,94.0,1812,1339,29.0,43.9,1.7309,2004,10,9,13,1,0,0,0,0,0,1,0
5108,1.9,1264,11.0,1016,186,624,76.0,1650,1062,28.9,44.3,1.7392,2004,10,9,14,1,0,0,0,0,0,1,0
5109,2.6,1378,15.9,1177,238,548,92.0,1775,1266,29.6,42.3,1.7248,2004,10,9,15,1,0,0,0,0,0,1,0
5110,2.7,1377,14.2,1123,249,578,94.0,1716,1223,29.4,42.9,1.7308,2004,10,9,16,1,0,0,0,0,0,1,0
5111,3.7,1527,19.9,1293,378,502,110.0,1907,1469,28.7,45.1,1.7468,2004,10,9,17,1,0,0,0,0,0,1,0
5112,3.8,1573,21.7,1343,386,470,109.0,1990,1553,27.0,51.2,1.7928,2004,10,9,18,1,0,0,0,0,0,1,0
5113,4.8,1674,25.7,1447,461,448,122.0,2065,1689,26.5,52.7,1.7966,2004,10,9,19,1,0,0,0,0,0,1,0
5114,3.5,1455,17.3,1218,394,535,107.0,1796,1387,26.2,51.7,1.7334,2004,10,9,20,1,0,0,0,0,0,1,0
5115,2.2,1242,11.2,1022,266,630,83.0,1641,1139,24.8,56.4,1.7447,2004,10,9,21,1,0,0,0,0,0,1,0
5116,1.5,1181,8.9,935,158,701,62.0,1565,960,24.9,56.0,1.7367,2004,10,9,22,1,0,0,0,0,0,1,0
5117,3.4,1468,15.2,1155,319,565,89.0,1738,1293,24.5,57.5,1.7433,2004,10,9,23,1,0,0,0,0,0,1,0
5118,3.7,1520,17.2,1217,409,552,103.0,1812,1357,24.7,56.9,1.7438,2004,10,10,0,1,0,0,0,0,0,0,1
5119,2.0,1203,11.9,1046,223,621,74.0,1664,1103,23.9,59.2,1.7327,2004,10,10,1,1,0,0,0,0,0,0,1
5120,1.4,1096,8.1,903,107,732,52.0,1560,857,23.8,60.2,1.7515,2004,10,10,2,1,0,0,0,0,0,0,1
5121,1.1,991,4.9,759,78,845,45.0,1440,658,23.5,61.3,1.7538,2004,10,10,3,1,0,0,0,0,0,0,1
5122,0.9,941,3.6,686,50,942,38.0,1406,549,22.8,64.0,1.7507,2004,10,10,4,1,0,0,0,0,0,0,1
5123,0.7,952,3.7,695,56,910,39.0,1429,627,22.2,65.6,1.7355,2004,10,10,5,1,0,0,0,0,0,0,1
5124,1.2,1082,6.3,825,163,753,59.0,1526,930,21.3,69.1,1.7275,2004,10,10,6,1,0,0,0,0,0,0,1
5125,1.3,1095,7.7,886,187,705,56.0,1574,1001,21.3,68.2,1.7127,2004,10,10,7,1,0,0,0,0,0,0,1
5126,1.1,1049,6.3,826,150,765,51.0,1521,917,22.2,65.2,1.7256,2004,10,10,8,1,0,0,0,0,0,0,1
5127,1.0,1055,5.6,795,103,807,51.0,1494,834,24.1,59.0,1.7449,2004,10,10,9,1,0,0,0,0,0,0,1
5128,1.2,1074,5.1,767,143,814,58.0,1489,796,24.3,61.6,1.8468,2004,10,10,10,1,0,0,0,0,0,0,1
5129,1.9,1229,9.0,941,220,680,68.0,1653,1040,24.8,59.6,1.8351,2004,10,10,11,1,0,0,0,0,0,0,1
5130,2.3,1228,9.3,952,301,668,81.0,1622,1110,24.5,58.8,1.7838,2004,10,10,12,1,0,0,0,0,0,0,1
5131,1.6,1107,5.9,807,214,768,73.0,1546,836,21.0,76.8,1.8881,2004,10,10,13,1,0,0,0,0,0,0,1
5132,1.3,1031,4.4,732,162,872,69.0,1476,704,19.8,78.0,1.7879,2004,10,10,14,1,0,0,0,0,0,0,1
5133,1.8,1155,5.8,804,232,815,81.0,1510,773,19.4,80.5,1.7917,2004,10,10,15,1,0,0,0,0,0,0,1
5134,1.7,1131,6.6,841,254,784,82.0,1531,811,19.6,79.1,1.7877,2004,10,10,16,1,0,0,0,0,0,0,1
5135,1.8,1143,7.8,890,224,744,71.0,1578,848,20.8,73.1,1.7695,2004,10,10,17,1,0,0,0,0,0,0,1
5136,2.0,1145,8.4,915,247,733,81.0,1586,892,21.1,68.6,1.7014,2004,10,10,18,1,0,0,0,0,0,0,1
5137,2.2,1169,8.3,910,334,726,87.0,1563,992,21.1,68.3,1.6914,2004,10,10,19,1,0,0,0,0,0,0,1
5138,1.6,1105,8.1,905,239,734,72.0,1576,950,21.2,67.7,1.6848,2004,10,10,20,1,0,0,0,0,0,0,1
5139,1.3,1049,6.1,817,168,806,63.0,1517,882,20.8,68.6,1.6719,2004,10,10,21,1,0,0,0,0,0,0,1
5140,1.5,1069,6.7,844,185,767,63.0,1527,883,20.8,68.1,1.6585,2004,10,10,22,1,0,0,0,0,0,0,1
5141,1.5,1073,6.6,838,178,768,63.0,1549,892,20.7,68.4,1.6507,2004,10,10,23,1,0,0,0,0,0,0,1
5142,1.3,1039,6.1,817,132,799,55.0,1502,836,20.1,70.5,1.6384,2004,10,11,0,0,1,0,0,0,0,0,0
5143,1.4,1021,6.0,811,135,794,52.0,1502,837,20.2,67.9,1.5901,2004,10,11,1,0,1,0,0,0,0,0,0
5144,0.5,825,1.4,536,39,1203,32.0,1302,498,19.4,70.4,1.5663,2004,10,11,2,0,1,0,0,0,0,0,0
5145,0.4,828,1.7,558,36,1166,30.5,1304,494,18.8,73.8,1.5885,2004,10,11,3,0,1,0,0,0,0,0,0
5146,0.4,847,1.9,576,33,1139,29.0,1321,507,17.9,77.7,1.5795,2004,10,11,4,0,1,0,0,0,0,0,0
5147,0.6,903,3.4,679,90,956,44.0,1385,660,18.2,76.9,1.5945,2004,10,11,5,0,1,0,0,0,0,0,0
5148,1.1,1041,7.2,865,164,757,53.0,1486,902,18.6,74.9,1.5918,2004,10,11,6,0,1,0,0,0,0,0,0
5149,2.9,1314,19.0,1267,336,559,62.0,1888,1240,19.6,70.3,1.5821,2004,10,11,7,0,1,0,0,0,0,0,0
5150,3.5,1326,24.5,1416,366,499,68.0,1971,1395,20.2,66.6,1.5567,2004,10,11,8,0,1,0,0,0,0,0,0
5151,4.6,1464,25.6,1444,565,475,85.0,2049,1625,19.7,68.9,1.5638,2004,10,11,9,0,1,0,0,0,0,0,0
5152,3.4,1313,17.1,1213,536,564,88.0,1789,1359,19.2,73.4,1.6192,2004,10,11,10,0,1,0,0,0,0,0,0
5153,2.3,1202,12.3,1058,416,647,82.0,1623,1152,20.0,69.6,1.607,2004,10,11,11,0,1,0,0,0,0,0,0
5154,2.7,1225,15.2,1155,379,607,91.0,1738,1159,21.1,64.0,1.5795,2004,10,11,12,0,1,0,0,0,0,0,0
5155,3.1,1257,18.3,1248,368,557,87.0,1837,1179,20.2,67.4,1.5832,2004,10,11,13,0,1,0,0,0,0,0,0
5156,3.2,1271,17.2,1217,444,566,90.0,1810,1227,20.2,68.9,1.6074,2004,10,11,14,0,1,0,0,0,0,0,0
5157,2.5,1179,14.1,1120,352,634,97.0,1667,1119,21.9,57.6,1.4942,2004,10,11,15,0,1,0,0,0,0,0,0
5158,3.4,1278,18.3,1248,375,574,99.0,1814,1243,23.2,52.0,1.4642,2004,10,11,16,0,1,0,0,0,0,0,0
5159,4.8,1435,25.0,1429,479,499,109.0,2072,1449,21.7,59.1,1.5115,2004,10,11,17,0,1,0,0,0,0,0,0
5160,4.5,1326,22.2,1356,448,525,95.0,1966,1405,20.8,61.4,1.4898,2004,10,11,18,0,1,0,0,0,0,0,0
5161,4.0,1324,21.4,1335,388,537,80.0,1920,1444,19.9,64.2,1.4711,2004,10,11,19,0,1,0,0,0,0,0,0
5162,3.2,1206,16.2,1185,376,592,76.0,1751,1386,19.7,65.1,1.4769,2004,10,11,20,0,1,0,0,0,0,0,0
5163,1.9,1052,10.3,987,224,700,62.0,1556,1102,20.0,63.3,1.4672,2004,10,11,21,0,1,0,0,0,0,0,0
5164,1.9,1057,8.9,934,206,743,57.0,1525,1041,19.0,66.1,1.4415,2004,10,11,22,0,1,0,0,0,0,0,0
5165,1.3,952,6.5,833,143,846,57.0,1381,881,18.8,60.9,1.3032,2004,10,11,23,0,1,0,0,0,0,0,0
5166,1.1,911,5.1,769,113,919,54.0,1340,791,18.9,60.7,1.311,2004,10,12,0,0,0,1,0,0,0,0,0
5167,1.0,898,4.6,742,93,915,50.0,1345,796,18.1,65.2,1.343,2004,10,12,1,0,0,1,0,0,0,0,0
5168,0.5,809,2.1,593,58,1134,44.0,1277,647,18.3,65.1,1.3529,2004,10,12,2,0,0,1,0,0,0,0,0
5169,0.6,823,2.4,616,57,1072,39.0,1300,716,18.3,66.9,1.3952,2004,10,12,3,0,0,1,0,0,0,0,0
5170,0.5,814,3.2,666,56,1029,34.0,1311,719,17.8,67.5,1.3674,2004,10,12,4,0,0,1,0,0,0,0,0
5171,0.8,857,3.9,705,105,982,44.0,1312,733,16.9,66.7,1.2772,2004,10,12,5,0,0,1,0,0,0,0,0
5172,1.2,935,6.0,810,243,881,74.0,1356,835,17.8,60.6,1.2276,2004,10,12,6,0,0,1,0,0,0,0,0
5173,2.7,1159,13.8,1110,492,671,101.0,1650,1094,17.6,60.8,1.2151,2004,10,12,7,0,0,1,0,0,0,0,0
5174,3.0,1102,14.8,1141,435,648,103.0,1594,1114,17.9,57.8,1.1751,2004,10,12,8,0,0,1,0,0,0,0,0
5175,2.94,979,8.4,917,429,795,102.0,1398,903,18.1,56.4,1.1645,2004,10,12,9,0,0,1,0,0,0,0,0
5176,2.88,998,9.0,941,423,785,101.0,1442,914,18.2,55.9,1.1547,2004,10,12,10,0,0,1,0,0,0,0,0
5177,2.82,962,8.3,911,417,793,100.0,1380,872,19.7,49.1,1.1148,2004,10,12,11,0,0,1,0,0,0,0,0
5178,2.76,985,9.5,957,411,773,99.0,1426,860,20.8,45.8,1.1126,2004,10,12,12,0,0,1,0,0,0,0,0
5179,2.7,1043,12.1,1053,405,707,98.0,1514,959,20.5,46.0,1.1,2004,10,12,13,0,0,1,0,0,0,0,0
5180,2.64,929,7.4,875,399,826,97.0,1365,814,18.9,50.6,1.0927,2004,10,12,14,0,0,1,0,0,0,0,0
5181,2.58,946,8.0,898,393,816,96.0,1377,827,18.4,51.6,1.0832,2004,10,12,15,0,0,1,0,0,0,0,0
5182,2.52,955,7.9,894,387,818,95.0,1366,804,17.9,52.6,1.0711,2004,10,12,16,0,0,1,0,0,0,0,0
5183,2.46,1004,10.9,1012,381,730,94.0,1460,906,17.1,54.2,1.0503,2004,10,12,17,0,0,1,0,0,0,0,0
5184,2.4,1037,12.1,1053,375,708,93.0,1480,958,16.5,56.2,1.0455,2004,10,12,18,0,0,1,0,0,0,0,0
5185,2.34,1066,14.7,1140,369,670,92.0,1577,1032,16.7,54.1,1.0212,2004,10,12,19,0,0,1,0,0,0,0,0
5186,2.2800000000000002,890,6.0,813,363,898,91.0,1274,772,15.4,57.7,1.0008,2004,10,12,20,0,0,1,0,0,0,0,0
5187,2.2199999999999998,843,4.3,729,357,990,90.0,1219,618,15.5,57.1,0.9971,2004,10,12,21,0,0,1,0,0,0,0,0
5188,2.16,834,4.1,716,351,997,89.0,1205,614,15.6,55.9,0.985,2004,10,12,22,0,0,1,0,0,0,0,0
5189,2.1,809,3.1,659,345,1074,88.0,1161,550,14.8,58.4,0.9777,2004,10,12,23,0,0,1,0,0,0,0,0
5190,2.04,786,2.2,600,339,1164,87.0,1132,511,14.8,57.9,0.9662,2004,10,13,0,0,0,0,1,0,0,0,0
5191,1.98,747,1.5,543,333,1276,86.0,1100,469,14.6,57.6,0.9517,2004,10,13,1,0,0,0,1,0,0,0,0
5192,1.92,723,0.9,485,327,1419,85.0,1065,425,14.6,57.1,0.9428,2004,10,13,2,0,0,0,1,0,0,0,0
5196,1.6800000000000002,798,2.2,599,303,1205,81.0,1141,517,14.7,57.4,0.9564,2004,10,13,6,0,0,0,1,0,0,0,0
5197,1.62,925,5.8,800,297,908,80.0,1272,750,14.3,58.1,0.9404,2004,10,13,7,0,0,0,1,0,0,0,0
5198,1.56,906,5.9,809,291,878,79.0,1272,787,14.0,58.3,0.9294,2004,10,13,8,0,0,0,1,0,0,0,0
5199,1.5,896,5.9,809,286,882,78.0,1257,788,15.4,53.2,0.9246,2004,10,13,9,0,0,0,1,0,0,0,0
5200,1.2,882,5.3,776,281,932,72.0,1222,760,16.5,49.9,0.9289,2004,10,13,10,0,0,0,1,0,0,0,0
5201,1.2201149425287356,948,6.9,853,283,859,72.54597701149426,1283,839,17.4,47.6,0.9387,2004,10,13,11,0,0,0,1,0,0,0,0
5202,1.2402298850574711,945,7.7,886,285,818,73.0919540229885,1307,827,18.0,46.1,0.9401,2004,10,13,12,0,0,0,1,0,0,0,0
5203,1.2603448275862068,942,7.3,871,287,832,73.63793103448276,1314,765,17.9,46.5,0.9474,2004,10,13,13,0,0,0,1,0,0,0,0
5204,1.2804597701149425,943,7.2,864,289,831,74.183908045977,1297,814,17.4,48.3,0.955,2004,10,13,14,0,0,0,1,0,0,0,0
5205,1.3005747126436782,894,6.0,810,291,892,74.72988505747126,1258,737,16.0,52.6,0.9489,2004,10,13,15,0,0,0,1,0,0,0,0
5206,1.3206896551724137,984,8.3,910,293,795,75.27586206896552,1348,875,15.3,58.7,1.0154,2004,10,13,16,0,0,0,1,0,0,0,0
5207,1.3408045977011493,1044,11.2,1022,295,726,75.82183908045977,1454,983,15.2,55.9,0.9572,2004,10,13,17,0,0,0,1,0,0,0,0
5208,1.360919540229885,981,10.1,983,298,759,76.36781609195403,1370,942,14.8,56.3,0.9459,2004,10,13,18,0,0,0,1,0,0,0,0
5209,1.3810344827586207,1021,10.6,1001,300,731,76.91379310344827,1415,971,14.7,57.8,0.9626,2004,10,13,19,0,0,0,1,0,0,0,0
5210,1.4011494252873562,943,7.2,867,302,834,77.45977011494253,1314,891,14.8,57.3,0.9603,2004,10,13,20,0,0,0,1,0,0,0,0
5211,1.421264367816092,863,4.4,732,304,970,78.00574712643679,1207,724,14.9,57.1,0.9581,2004,10,13,21,0,0,0,1,0,0,0,0
5212,1.4413793103448276,847,3.8,698,306,1013,78.55172413793103,1174,719,15.2,55.5,0.9521,2004,10,13,22,0,0,0,1,0,0,0,0
5213,1.461494252873563,859,3.8,698,308,1015,79.09770114942529,1189,705,15.3,55.4,0.9564,2004,10,13,23,0,0,0,1,0,0,0,0
5214,1.4816091954022987,861,4.0,712,310,1004,79.64367816091954,1197,718,15.1,56.9,0.9673,2004,10,14,0,0,0,0,0,1,0,0,0
5215,1.5017241379310344,786,2.2,602,312,1146,80.1896551724138,1123,584,15.0,56.4,0.9554,2004,10,14,1,0,0,0,0,1,0,0,0
5216,1.5218390804597701,740,1.1,506,315,1333,80.73563218390805,1074,469,14.9,56.4,0.9474,2004,10,14,2,0,0,0,0,1,0,0,0
5217,1.5419540229885058,730,0.8,483,317,1434,81.2816091954023,1065,438,15.2,54.7,0.9394,2004,10,14,3,0,0,0,0,1,0,0,0
5218,1.5620689655172413,728,0.8,475,319,1436,81.82758620689656,1061,432,15.1,55.4,0.9439,2004,10,14,4,0,0,0,0,1,0,0,0
5219,1.582183908045977,755,1.2,517,321,1325,82.3735632183908,1091,487,14.9,56.8,0.9541,2004,10,14,5,0,0,0,0,1,0,0,0
5220,1.6022988505747127,854,3.2,663,323,1080,82.91954022988506,1189,655,15.2,55.9,0.9589,2004,10,14,6,0,0,0,0,1,0,0,0
5221,1.6224137931034481,1079,10.2,985,325,758,83.46551724137932,1465,1009,15.3,56.3,0.9684,2004,10,14,7,0,0,0,0,1,0,0,0
5222,1.6425287356321838,1097,13.6,1103,327,659,84.01149425287356,1520,1113,15.6,55.4,0.9725,2004,10,14,8,0,0,0,0,1,0,0,0
5223,1.6626436781609195,1024,9.9,976,330,747,84.55747126436782,1386,1030,16.3,53.3,0.9809,2004,10,14,9,0,0,0,0,1,0,0,0
5224,1.682758620689655,990,9.1,942,332,776,85.10344827586206,1359,986,20.4,42.2,0.9964,2004,10,14,10,0,0,0,0,1,0,0,0
5225,1.702873563218391,1013,8.0,901,334,788,85.64942528735632,1369,975,21.9,39.4,1.0234,2004,10,14,11,0,0,0,0,1,0,0,0
5226,1.7229885057471264,1051,9.7,968,336,746,86.19540229885058,1442,984,21.5,41.2,1.0399,2004,10,14,12,0,0,0,0,1,0,0,0
5227,1.743103448275862,1052,9.7,966,338,726,86.74137931034483,1446,982,22.2,41.4,1.097,2004,10,14,13,0,0,0,0,1,0,0,0
5228,1.7632183908045977,1141,12.0,1049,340,675,87.28735632183908,1530,1117,21.0,46.8,1.1508,2004,10,14,14,0,0,0,0,1,0,0,0
5229,1.7833333333333332,1130,11.3,1024,342,679,87.83333333333334,1537,1177,21.9,44.9,1.1635,2004,10,14,15,0,0,0,0,1,0,0,0
5230,1.803448275862069,1099,10.4,993,344,711,88.37931034482759,1507,1129,21.5,46.7,1.1837,2004,10,14,16,0,0,0,0,1,0,0,0
5231,1.8235632183908046,1182,12.4,1064,347,653,88.92528735632185,1616,1217,19.7,56.6,1.2811,2004,10,14,17,0,0,0,0,1,0,0,0
5232,1.84367816091954,1211,14.6,1135,349,615,89.47126436781609,1682,1234,18.8,60.8,1.3036,2004,10,14,18,0,0,0,0,1,0,0,0
5233,1.8637931034482758,1340,21.0,1324,351,537,90.01724137931035,1907,1412,19.3,59.6,1.3195,2004,10,14,19,0,0,0,0,1,0,0,0
5234,1.8839080459770114,1299,17.9,1237,353,553,90.5632183908046,1804,1350,17.6,69.2,1.3803,2004,10,14,20,0,0,0,0,1,0,0,0
5235,1.904022988505747,1046,7.3,872,355,769,91.10919540229885,1479,968,16.4,77.1,1.4243,2004,10,14,21,0,0,0,0,1,0,0,0
5236,1.9241379310344828,949,4.8,754,357,884,91.65517241379311,1393,759,16.6,77.3,1.4491,2004,10,14,22,0,0,0,0,1,0,0,0
5237,1.9442528735632183,966,4.8,756,359,908,92.20114942528735,1363,741,15.9,78.1,1.4039,2004,10,14,23,0,0,0,0,1,0,0,0
5238,1.964367816091954,1062,7.7,887,362,770,92.74712643678161,1473,866,15.1,82.3,1.4009,2004,10,15,0,0,0,0,0,0,1,0,0
5239,1.9844827586206897,934,4.3,730,364,906,93.29310344827587,1345,757,14.8,83.8,1.4005,2004,10,15,1,0,0,0,0,0,1,0,0
5240,2.004597701149425,862,3.0,649,366,1046,93.83908045977012,1289,675,14.4,84.6,1.3794,2004,10,15,2,0,0,0,0,0,1,0,0
5241,2.0247126436781606,823,2.1,590,368,1125,94.38505747126437,1241,624,15.8,77.6,1.3792,2004,10,15,3,0,0,0,0,0,1,0,0
5242,2.0448275862068965,839,2.3,604,370,1097,94.93103448275862,1259,605,15.2,79.4,1.3605,2004,10,15,4,0,0,0,0,0,1,0,0
5243,2.064942528735632,879,3.5,681,372,992,95.47701149425288,1312,703,14.8,81.9,1.3735,2004,10,15,5,0,0,0,0,0,1,0,0
5244,2.085057471264368,1095,10.0,977,374,725,96.02298850574712,1562,998,14.6,82.9,1.3706,2004,10,15,6,0,0,0,0,0,1,0,0
5245,2.1051724137931034,1359,20.5,1311,376,544,96.56896551724138,1878,1311,14.8,80.4,1.3428,2004,10,15,7,0,0,0,0,0,1,0,0
5246,2.125287356321839,1354,22.2,1358,379,519,97.11494252873564,1942,1403,15.6,77.1,1.3527,2004,10,15,8,0,0,0,0,0,1,0,0
5247,2.1454022988505748,1420,24.1,1405,381,501,97.66091954022988,1941,1573,17.3,70.9,1.3876,2004,10,15,9,0,0,0,0,0,1,0,0
5248,2.1655172413793102,1265,17.4,1221,383,578,98.20689655172414,1760,1354,22.2,51.3,1.3543,2004,10,15,10,0,0,0,0,0,1,0,0
5249,2.185632183908046,1146,14.2,1122,385,639,98.7528735632184,1659,1131,24.4,43.9,1.3184,2004,10,15,11,0,0,0,0,0,1,0,0
5250,2.2057471264367816,1150,15.0,1149,387,620,99.29885057471265,1676,1113,22.7,47.6,1.2989,2004,10,15,12,0,0,0,0,0,1,0,0
5251,2.225862068965517,1282,18.3,1247,389,560,99.8448275862069,1861,1258,20.5,61.5,1.4673,2004,10,15,13,0,0,0,0,0,1,0,0
5252,2.2459770114942526,1067,13.0,1085,391,684,100.39080459770115,1548,985,23.3,40.4,1.1421,2004,10,15,14,0,0,0,0,0,1,0,0
5253,2.2660919540229885,1185,18.1,1243,394,603,100.9367816091954,1689,1197,23.2,39.9,1.1172,2004,10,15,15,0,0,0,0,0,1,0,0
5254,2.2862068965517244,1312,23.1,1381,396,540,101.48275862068965,1881,1402,21.5,44.5,1.129,2004,10,15,16,0,0,0,0,0,1,0,0
5255,2.30632183908046,1319,24.9,1426,398,509,102.02873563218391,1938,1491,20.9,48.5,1.1878,2004,10,15,17,0,0,0,0,0,1,0,0
5256,2.3264367816091953,1255,21.7,1342,400,539,102.57471264367817,1875,1396,19.8,53.1,1.216,2004,10,15,18,0,0,0,0,0,1,0,0
5257,2.346551724137931,1123,14.1,1119,402,648,103.12068965517241,1593,1198,20.1,53.6,1.2477,2004,10,15,19,0,0,0,0,0,1,0,0
5258,2.3666666666666667,1126,11.9,1045,404,689,103.66666666666667,1523,1166,19.6,56.0,1.2623,2004,10,15,20,0,0,0,0,0,1,0,0
5259,2.386781609195402,924,5.1,766,406,902,104.21264367816093,1357,752,18.6,60.4,1.2817,2004,10,15,21,0,0,0,0,0,1,0,0
5260,2.406896551724138,982,6.8,849,408,853,104.75862068965517,1390,717,14.5,78.3,1.288,2004,10,15,22,0,0,0,0,0,1,0,0
5261,2.4270114942528735,936,4.8,756,411,939,105.30459770114942,1311,693,16.3,70.5,1.2921,2004,10,15,23,0,0,0,0,0,1,0,0
5262,2.447126436781609,1069,7.2,865,413,825,105.85057471264369,1394,816,14.1,83.8,1.346,2004,10,16,0,1,0,0,0,0,0,1,0
5263,2.4672413793103445,967,5.4,785,415,879,106.39655172413794,1326,766,14.5,81.3,1.3399,2004,10,16,1,1,0,0,0,0,0,1,0
5264,2.4873563218390804,869,3.0,649,417,1033,106.94252873563218,1249,631,14.7,80.7,1.3414,2004,10,16,2,1,0,0,0,0,0,1,0
5265,2.5074712643678163,916,3.7,692,419,986,107.48850574712644,1287,683,14.5,82.1,1.3493,2004,10,16,3,1,0,0,0,0,0,1,0
5266,2.527586206896552,886,3.6,686,421,970,108.0344827586207,1278,654,15.0,78.4,1.3333,2004,10,16,4,1,0,0,0,0,0,1,0
5267,2.5477011494252872,926,4.7,747,423,902,108.58045977011494,1325,759,14.5,80.5,1.3221,2004,10,16,5,1,0,0,0,0,0,1,0
5268,2.5678160919540227,971,6.9,851,425,808,109.1264367816092,1389,876,14.6,79.0,1.3082,2004,10,16,6,1,0,0,0,0,0,1,0
5269,2.5879310344827586,1029,7.7,886,428,807,109.67241379310346,1446,926,15.0,74.8,1.2672,2004,10,16,7,1,0,0,0,0,0,1,0
5270,2.608045977011494,1124,12.2,1057,430,667,110.2183908045977,1569,1091,15.9,70.4,1.2658,2004,10,16,8,1,0,0,0,0,0,1,0
5271,2.62816091954023,1063,9.6,964,432,729,110.76436781609195,1454,1045,17.4,62.3,1.2282,2004,10,16,9,1,0,0,0,0,0,1,0
5272,2.6482758620689655,1028,9.6,961,434,756,111.31034482758622,1413,928,21.3,42.9,1.0727,2004,10,16,10,1,0,0,0,0,0,1,0
5273,2.668390804597701,944,8.3,910,436,828,111.85632183908046,1342,777,22.0,38.9,1.0154,2004,10,16,11,1,0,0,0,0,0,1,0
5274,2.6885057471264364,913,7.0,857,438,892,112.40229885057471,1275,640,20.3,41.3,0.9745,2004,10,16,12,1,0,0,0,0,0,1,0
5275,2.7086206896551723,966,8.2,906,440,819,112.94827586206897,1354,741,20.2,45.6,1.0663,2004,10,16,13,1,0,0,0,0,0,1,0
5276,2.7287356321839082,833,4.5,737,443,1021,113.49425287356323,1162,483,20.8,37.4,0.9107,2004,10,16,14,1,0,0,0,0,0,1,0
5277,2.7488505747126437,891,5.5,789,445,960,114.04022988505747,1234,522,21.6,35.9,0.9164,2004,10,16,15,1,0,0,0,0,0,1,0
5278,2.768965517241379,995,8.7,927,447,825,114.58620689655173,1320,718,22.0,35.7,0.9329,2004,10,16,16,1,0,0,0,0,0,1,0
5279,2.7890804597701147,1038,8.7,929,449,816,115.13218390804599,1332,798,19.9,42.0,0.9665,2004,10,16,17,1,0,0,0,0,0,1,0
5280,2.8091954022988506,1146,14.0,1118,451,695,115.67816091954023,1534,1174,19.2,46.3,1.0158,2004,10,16,18,1,0,0,0,0,0,1,0
5281,2.829310344827586,1059,9.5,958,453,787,116.22413793103448,1417,891,17.9,56.9,1.1545,2004,10,16,19,1,0,0,0,0,0,1,0
5282,2.849425287356322,1065,7.9,893,455,819,116.77011494252875,1397,799,14.7,75.5,1.2554,2004,10,16,20,1,0,0,0,0,0,1,0
5283,2.8695402298850574,1013,6.2,822,457,855,117.316091954023,1377,855,15.1,78.9,1.3409,2004,10,16,21,1,0,0,0,0,0,1,0
5284,2.889655172413793,942,4.0,712,460,979,117.86206896551724,1303,734,17.2,66.7,1.2987,2004,10,16,22,1,0,0,0,0,0,1,0
5285,2.9097701149425284,925,4.4,735,462,960,118.4080459770115,1284,691,15.4,73.2,1.2755,2004,10,16,23,1,0,0,0,0,0,1,0
5286,2.9298850574712643,871,2.6,628,464,1118,118.95402298850576,1228,557,16.5,68.5,1.2753,2004,10,17,0,1,0,0,0,0,0,0,1
5287,2.95,864,2.7,633,466,1097,119.5,1259,523,16.4,70.3,1.3031,2004,10,17,1,1,0,0,0,0,0,0,1
5288,2.9701149425287356,929,3.8,698,468,991,120.04597701149426,1307,610,15.4,78.1,1.3557,2004,10,17,2,1,0,0,0,0,0,0,1
5289,2.990229885057471,912,3.6,690,470,984,120.59195402298852,1309,574,15.8,75.5,1.3436,2004,10,17,3,1,0,0,0,0,0,0,1
5290,3.0103448275862066,817,2.2,602,472,1120,121.13793103448276,1227,470,16.0,69.5,1.2549,2004,10,17,4,1,0,0,0,0,0,0,1
5291,3.0304597701149425,786,1.7,558,475,1217,121.683908045977,1179,434,15.0,71.0,1.2032,2004,10,17,5,1,0,0,0,0,0,0,1
5292,3.0505747126436784,827,2.1,595,477,1208,122.22988505747128,1214,507,13.9,75.2,1.1884,2004,10,17,6,1,0,0,0,0,0,0,1
5293,3.070689655172414,789,2.3,604,479,1181,122.77586206896552,1171,467,15.9,62.1,1.1103,2004,10,17,7,1,0,0,0,0,0,0,1
5294,3.0908045977011493,875,4.8,754,481,961,123.32183908045977,1296,591,15.9,61.0,1.0911,2004,10,17,8,1,0,0,0,0,0,0,1
5295,3.110919540229885,959,5.6,792,483,913,123.86781609195403,1315,717,17.1,58.7,1.1332,2004,10,17,9,1,0,0,0,0,0,0,1
5296,3.1310344827586203,969,6.8,850,485,846,124.41379310344828,1351,774,19.2,51.9,1.1404,2004,10,17,10,1,0,0,0,0,0,0,1
5297,3.151149425287356,947,6.2,821,487,900,124.95977011494253,1302,697,21.5,42.6,1.0798,2004,10,17,11,1,0,0,0,0,0,0,1
5298,3.171264367816092,960,6.8,848,489,866,125.50574712643679,1305,701,21.6,39.9,1.0156,2004,10,17,12,1,0,0,0,0,0,0,1
5299,3.1913793103448276,1017,11.1,1020,492,744,126.05172413793105,1478,752,21.6,40.4,1.0309,2004,10,17,13,1,0,0,0,0,0,0,1
5300,3.211494252873563,979,12.2,1057,494,701,126.59770114942529,1473,760,22.0,37.3,0.9768,2004,10,17,14,1,0,0,0,0,0,0,1
5301,3.2316091954022985,843,4.7,748,496,999,127.14367816091955,1179,505,22.1,35.2,0.9253,2004,10,17,15,1,0,0,0,0,0,0,1
5302,3.251724137931034,877,5.1,769,498,962,127.68965517241381,1212,529,22.4,36.0,0.9621,2004,10,17,16,1,0,0,0,0,0,0,1
5303,3.2718390804597703,1053,12.7,1072,500,733,128.23563218390805,1495,832,20.9,40.3,0.9866,2004,10,17,17,1,0,0,0,0,0,0,1
5304,3.291954022988506,1047,11.6,1037,502,749,128.7816091954023,1429,904,19.8,41.5,0.9489,2004,10,17,18,1,0,0,0,0,0,0,1
5305,3.3120689655172413,1105,12.7,1074,504,712,129.32758620689657,1457,1050,18.2,46.0,0.9538,2004,10,17,19,1,0,0,0,0,0,0,1
5306,3.3321839080459768,1008,9.7,968,507,783,129.8735632183908,1348,1000,17.3,50.3,0.9837,2004,10,17,20,1,0,0,0,0,0,0,1
5307,3.352298850574712,975,7.8,891,509,814,130.41954022988506,1361,911,15.8,57.6,1.0271,2004,10,17,21,1,0,0,0,0,0,0,1
5308,3.3724137931034486,954,6.8,850,511,840,130.9655172413793,1321,858,15.5,59.7,1.0413,2004,10,17,22,1,0,0,0,0,0,0,1
5309,3.392528735632184,987,8.1,904,513,808,131.51149425287358,1344,903,15.5,60.6,1.0574,2004,10,17,23,1,0,0,0,0,0,0,1
5310,3.4126436781609195,880,5.4,784,515,922,132.05747126436782,1252,781,15.8,59.9,1.0676,2004,10,18,0,0,1,0,0,0,0,0,0
5311,3.432758620689655,856,4.4,732,517,988,132.6034482758621,1247,714,14.8,64.3,1.073,2004,10,18,1,0,1,0,0,0,0,0,0
5312,3.4528735632183905,788,2.4,614,519,1116,133.14942528735634,1177,625,14.8,64.7,1.0788,2004,10,18,2,0,1,0,0,0,0,0,0
5313,3.472988505747126,760,1.6,555,521,1226,133.69540229885058,1158,568,13.8,67.6,1.0581,2004,10,18,3,0,1,0,0,0,0,0,0
5314,3.4931034482758623,777,1.8,570,524,1191,134.24137931034483,1167,616,14.5,65.0,1.0672,2004,10,18,4,0,1,0,0,0,0,0,0
5315,3.5132183908045977,825,3.1,661,526,1074,134.78735632183907,1207,710,14.0,67.4,1.0703,2004,10,18,5,0,1,0,0,0,0,0,0
5316,3.533333333333333,1011,9.2,947,528,759,135.33333333333334,1425,953,12.6,73.6,1.0699,2004,10,18,6,0,1,0,0,0,0,0,0
5317,3.5534482758620687,1237,20.8,1319,530,576,135.8793103448276,1741,1271,13.3,70.4,1.0711,2004,10,18,7,0,1,0,0,0,0,0,0
5318,3.573563218390804,1298,26.8,1473,532,514,136.42528735632186,1884,1447,14.4,65.8,1.0773,2004,10,18,8,0,1,0,0,0,0,0,0
5319,3.5936781609195405,1153,17.7,1230,534,616,136.9712643678161,1565,1296,16.8,57.8,1.0947,2004,10,18,9,0,1,0,0,0,0,0,0
5320,3.613793103448276,1101,14.2,1124,536,646,137.51724137931035,1521,1217,19.7,49.3,1.1199,2004,10,18,10,0,1,0,0,0,0,0,0
5321,3.6339080459770114,1215,16.8,1203,538,599,138.0632183908046,1664,1341,21.1,47.2,1.1659,2004,10,18,11,0,1,0,0,0,0,0,0
5322,3.654022988505747,1163,16.0,1179,541,608,138.60919540229884,1641,1180,22.2,43.2,1.1427,2004,10,18,12,0,1,0,0,0,0,0,0
5323,3.6741379310344824,1285,19.9,1293,543,549,139.1551724137931,1797,1365,21.4,47.2,1.1927,2004,10,18,13,0,1,0,0,0,0,0,0
5324,3.6942528735632187,1288,18.5,1253,545,537,139.70114942528738,1763,1410,19.9,55.4,1.2702,2004,10,18,14,0,1,0,0,0,0,0,0
5325,3.714367816091954,1362,21.4,1334,547,512,140.24712643678163,1862,1529,20.3,54.0,1.2744,2004,10,18,15,0,1,0,0,0,0,0,0
5326,3.7344827586206897,1405,22.8,1372,549,497,140.79310344827587,1883,1573,20.0,56.5,1.3051,2004,10,18,16,0,1,0,0,0,0,0,0
5331,3.835057471264368,1181,14.2,1124,560,597,143.52298850574715,1606,1302,17.6,65.9,1.3175,2004,10,18,21,0,1,0,0,0,0,0,0
5332,3.8551724137931034,995,8.0,898,562,761,144.0689655172414,1409,1023,17.5,63.5,1.2622,2004,10,18,22,0,1,0,0,0,0,0,0
5333,3.875287356321839,998,7.4,875,564,779,144.61494252873564,1380,992,16.5,67.2,1.2491,2004,10,18,23,0,1,0,0,0,0,0,0
5334,3.8954022988505743,984,7.2,864,566,788,145.16091954022988,1371,960,16.2,69.1,1.259,2004,10,19,0,0,0,1,0,0,0,0,0
5335,3.9155172413793107,1022,8.0,898,568,746,145.70689655172413,1414,955,14.9,74.7,1.2564,2004,10,19,1,0,0,1,0,0,0,0,0
5336,3.935632183908046,951,6.5,835,570,788,146.2528735632184,1354,887,14.1,76.7,1.2273,2004,10,19,2,0,0,1,0,0,0,0,0
5337,3.9557471264367816,910,5.2,773,573,842,146.79885057471265,1303,851,14.0,76.6,1.2202,2004,10,19,3,0,0,1,0,0,0,0,0
5338,3.975862068965517,932,5.6,792,575,818,147.34482758620692,1323,903,14.9,73.8,1.24,2004,10,19,4,0,0,1,0,0,0,0,0
5339,3.9959770114942526,974,7.0,859,577,772,147.89080459770116,1383,954,15.2,73.1,1.257,2004,10,19,5,0,0,1,0,0,0,0,0
5340,4.016091954022988,1117,11.5,1031,579,669,148.4367816091954,1528,1107,15.2,73.4,1.2626,2004,10,19,6,0,0,1,0,0,0,0,0
5341,4.036206896551724,1367,21.7,1343,581,517,148.98275862068965,1852,1442,15.2,74.7,1.2824,2004,10,19,7,0,0,1,0,0,0,0,0
5344,4.096551724137931,1399,24.5,1416,588,485,150.62068965517244,1894,1671,17.6,64.9,1.2925,2004,10,19,10,0,0,1,0,0,0,0,0
5345,4.116666666666666,1436,25.2,1435,590,479,151.16666666666669,1911,1710,18.3,63.8,1.331,2004,10,19,11,0,0,1,0,0,0,0,0
5346,4.136781609195403,1455,26.5,1468,592,474,151.71264367816093,1945,1746,19.4,61.1,1.3652,2004,10,19,12,0,0,1,0,0,0,0,0
5347,4.156896551724138,1311,19.6,1286,594,544,152.25862068965517,1760,1495,20.9,58.1,1.4193,2004,10,19,13,0,0,1,0,0,0,0,0
5348,4.1770114942528735,1174,13.4,1097,596,640,152.80459770114942,1596,1203,22.0,54.0,1.4114,2004,10,19,14,0,0,1,0,0,0,0,0
5349,4.197126436781609,1242,15.3,1158,598,602,153.3505747126437,1682,1252,22.8,53.0,1.4482,2004,10,19,15,0,0,1,0,0,0,0,0
5350,4.2172413793103445,1267,15.1,1151,600,593,153.89655172413794,1671,1528,21.7,57.6,1.4756,2004,10,19,16,0,0,1,0,0,0,0,0
5351,4.23735632183908,1401,21.1,1326,602,530,154.4425287356322,1887,1629,21.3,60.8,1.5205,2004,10,19,17,0,0,1,0,0,0,0,0
5352,4.257471264367816,1428,23.6,1393,605,490,154.98850574712645,1976,1608,21.2,61.7,1.5309,2004,10,19,18,0,0,1,0,0,0,0,0
5353,4.277586206896552,1478,25.7,1447,607,474,155.5344827586207,2017,1664,21.2,62.2,1.5473,2004,10,19,19,0,0,1,0,0,0,0,0
5354,4.297701149425287,1518,27.2,1483,609,454,156.08045977011494,2098,1666,20.8,65.1,1.5782,2004,10,19,20,0,0,1,0,0,0,0,0
5355,4.317816091954023,1468,24.4,1415,611,470,156.6264367816092,1985,1594,19.9,69.0,1.5877,2004,10,19,21,0,0,1,0,0,0,0,0
5356,4.337931034482758,1369,20.3,1305,613,513,157.17241379310346,1851,1421,18.8,73.7,1.5785,2004,10,19,22,0,0,1,0,0,0,0,0
5357,4.3580459770114945,1244,14.8,1141,615,571,157.7183908045977,1671,1337,19.2,71.3,1.5723,2004,10,19,23,0,0,1,0,0,0,0,0
5358,4.37816091954023,1217,12.8,1077,617,603,158.26436781609198,1628,1270,19.0,71.6,1.5549,2004,10,20,0,0,0,0,1,0,0,0,0
5359,4.3982758620689655,1103,10.0,979,620,666,158.81034482758622,1520,1156,19.5,69.7,1.5596,2004,10,20,1,0,0,0,1,0,0,0,0
5360,4.418390804597701,1118,9.3,951,622,675,159.35632183908046,1509,1124,19.4,70.1,1.5626,2004,10,20,2,0,0,0,1,0,0,0,0
5361,4.438505747126436,1087,9.3,950,624,684,159.9022988505747,1519,1049,18.4,74.5,1.5634,2004,10,20,3,0,0,0,1,0,0,0,0
5362,4.458620689655172,1069,8.8,931,626,688,160.44827586206895,1508,1044,18.7,73.4,1.5701,2004,10,20,4,0,0,0,1,0,0,0,0
5363,4.478735632183908,1112,10.2,985,628,645,160.99425287356323,1544,1109,18.4,74.6,1.5631,2004,10,20,5,0,0,0,1,0,0,0,0
5364,4.498850574712644,1196,13.1,1086,630,594,161.5402298850575,1659,1224,18.5,74.4,1.5661,2004,10,20,6,0,0,0,1,0,0,0,0
5365,4.518965517241379,1522,26.1,1457,632,458,162.08620689655174,2043,1611,18.8,73.0,1.5737,2004,10,20,7,0,0,0,1,0,0,0,0
5367,4.55919540229885,1582,26.2,1459,637,448,163.17816091954023,2036,1776,21.3,66.1,1.6556,2004,10,20,9,0,0,0,1,0,0,0,0
5368,4.5793103448275865,1494,23.1,1379,639,467,163.72413793103448,1965,1723,23.0,61.8,1.7135,2004,10,20,10,0,0,0,1,0,0,0,0
5369,4.599425287356322,1631,26.0,1455,641,438,164.27011494252875,2027,1916,22.4,64.6,1.7271,2004,10,20,11,0,0,0,1,0,0,0,0
5370,4.619540229885057,1650,28.1,1506,643,424,164.816091954023,2093,1955,23.8,59.9,1.7376,2004,10,20,12,0,0,0,1,0,0,0,0
5371,4.639655172413793,1640,28.0,1503,645,431,165.36206896551727,2094,1894,24.7,56.9,1.7472,2004,10,20,13,0,0,0,1,0,0,0,0
5372,4.659770114942528,1589,24.6,1418,647,452,165.9080459770115,2015,1823,25.4,55.1,1.761,2004,10,20,14,0,0,0,1,0,0,0,0
5373,4.679885057471265,1538,22.4,1362,649,473,166.45402298850576,1924,1793,25.7,54.5,1.7684,2004,10,20,15,0,0,0,1,0,0,0,0
5379,4.7,1506,22.3,1360,529,458,113.0,1944,1609,22.0,69.2,1.8061,2004,10,20,21,0,0,0,1,0,0,0,0
5380,3.4,1378,17.7,1229,405,511,99.0,1820,1466,21.8,69.6,1.79,2004,10,20,22,0,0,0,1,0,0,0,0
5381,3.9,1448,19.5,1283,461,496,109.0,1877,1504,21.9,68.3,1.7699,2004,10,20,23,0,0,0,1,0,0,0,0
5382,4.4,1481,22.3,1359,486,467,105.0,1957,1518,21.7,69.7,1.7872,2004,10,21,0,0,0,0,0,1,0,0,0
5383,3.3,1289,15.4,1161,335,552,91.0,1765,1289,21.3,70.3,1.7574,2004,10,21,1,0,0,0,0,1,0,0,0
5384,2.0,1109,9.3,951,210,664,77.0,1570,1076,20.8,71.7,1.7415,2004,10,21,2,0,0,0,0,1,0,0,0
5385,1.5,994,6.0,812,154,784,68.0,1453,947,21.4,69.0,1.7421,2004,10,21,3,0,0,0,0,1,0,0,0
5386,1.15,1015,6.6,839,99,754,59.0,1473,970,21.4,69.3,1.7515,2004,10,21,4,0,0,0,0,1,0,0,0
5387,0.8,966,5.1,771,149,830,60.0,1420,900,21.3,69.5,1.7447,2004,10,21,5,0,0,0,0,1,0,0,0
5388,1.3,1088,8.8,932,203,706,72.0,1565,1034,21.5,67.5,1.708,2004,10,21,6,0,0,0,0,1,0,0,0
5389,2.7,1303,16.6,1198,332,578,83.0,1791,1235,21.9,64.8,1.683,2004,10,21,7,0,0,0,0,1,0,0,0
5390,3.6,1440,24.3,1412,446,494,104.0,2016,1455,22.6,61.4,1.6645,2004,10,21,8,0,0,0,0,1,0,0,0
5391,3.6,1392,20.6,1313,524,517,119.0,1866,1478,22.6,61.5,1.6636,2004,10,21,9,0,0,0,0,1,0,0,0
5392,2.6,1248,15.6,1167,347,572,105.0,1704,1393,25.5,52.3,1.6796,2004,10,21,10,0,0,0,0,1,0,0,0
5393,2.0,1197,12.2,1058,273,634,91.0,1626,1237,27.0,47.6,1.67,2004,10,21,11,0,0,0,0,1,0,0,0
5394,3.3,1357,17.7,1230,404,542,103.0,1834,1373,25.2,53.3,1.6834,2004,10,21,12,0,0,0,0,1,0,0,0
5395,2.6,1263,14.8,1143,358,578,107.0,1736,1310,26.6,49.3,1.6872,2004,10,21,13,0,0,0,0,1,0,0,0
5396,2.1,1261,15.0,1148,312,585,111.0,1733,1287,27.2,48.5,1.7172,2004,10,21,14,0,0,0,0,1,0,0,0
5397,2.9,1382,16.7,1200,369,539,101.0,1807,1413,26.9,50.0,1.7507,2004,10,21,15,0,0,0,0,1,0,0,0
5398,3.0,1400,17.7,1230,362,519,102.0,1864,1483,26.5,52.2,1.7769,2004,10,21,16,0,0,0,0,1,0,0,0
5399,3.2,1443,20.9,1322,335,488,101.0,1933,1539,27.0,51.0,1.7936,2004,10,21,17,0,0,0,0,1,0,0,0
5402,5.0,1600,27.5,1492,486,432,107.0,2160,1665,24.7,58.7,1.8001,2004,10,21,20,0,0,0,0,1,0,0,0
5403,4.3,1525,24.9,1427,439,450,104.0,2085,1577,23.6,62.2,1.7863,2004,10,21,21,0,0,0,0,1,0,0,0
5404,4.3,1544,24.2,1409,462,448,91.0,2048,1603,22.4,67.1,1.794,2004,10,21,22,0,0,0,0,1,0,0,0
5405,4.2,1455,22.2,1357,441,466,91.0,1964,1530,21.6,69.2,1.763,2004,10,21,23,0,0,0,0,1,0,0,0
5406,2.2,1203,13.2,1090,223,593,74.0,1655,1205,21.3,68.5,1.7164,2004,10,22,0,0,0,0,0,0,1,0,0
5407,1.3,1038,7.9,895,126,714,63.0,1474,999,21.2,68.6,1.7046,2004,10,22,1,0,0,0,0,0,1,0,0
5408,1.0,975,5.9,807,116,788,57.0,1423,904,20.3,70.6,1.6659,2004,10,22,2,0,0,0,0,0,1,0,0
5409,0.7,917,4.1,714,120,870,52.5,1355,843,20.8,67.3,1.6353,2004,10,22,3,0,0,0,0,0,1,0,0
5410,0.8,930,4.6,741,125,849,48.0,1392,843,19.6,71.3,1.612,2004,10,22,4,0,0,0,0,0,1,0,0
5411,0.9,960,5.8,804,198,802,49.0,1435,886,18.7,74.4,1.5861,2004,10,22,5,0,0,0,0,0,1,0,0
5412,1.0,982,6.5,834,185,770,55.0,1435,911,19.8,69.2,1.5808,2004,10,22,6,0,0,0,0,0,1,0,0
5413,2.8,1359,19.5,1282,425,541,78.0,1912,1319,19.8,69.4,1.5859,2004,10,22,7,0,0,0,0,0,1,0,0
5414,4.1,1500,28.0,1503,465,437,91.0,2158,1927,20.4,66.7,1.5781,2004,10,22,8,0,0,0,0,0,1,0,0
5415,2.9,1315,18.7,1261,341,535,88.0,1830,1554,22.3,60.6,1.6069,2004,10,22,9,0,0,0,0,0,1,0,0
5416,2.7,1307,18.3,1248,316,525,83.0,1787,1565,22.6,59.9,1.6246,2004,10,22,10,0,0,0,0,0,1,0,0
5417,2.1,1235,14.3,1125,241,574,81.0,1704,1462,24.5,54.5,1.6514,2004,10,22,11,0,0,0,0,0,1,0,0
5418,2.4,1310,16.5,1194,266,538,83.0,1781,1487,24.4,55.4,1.6712,2004,10,22,12,0,0,0,0,0,1,0,0
5419,3.8,1459,22.9,1375,412,467,111.0,2007,1690,26.0,51.9,1.7148,2004,10,22,13,0,0,0,0,0,1,0,0
5420,3.7,1461,22.3,1358,394,474,112.0,2033,1603,26.8,49.1,1.7101,2004,10,22,14,0,0,0,0,0,1,0,0
5421,3.7,1476,22.0,1352,365,474,112.0,1996,1568,26.4,49.8,1.6928,2004,10,22,15,0,0,0,0,0,1,0,0
5422,5.5,1612,27.7,1496,548,429,137.0,2127,1743,26.9,48.6,1.7017,2004,10,22,16,0,0,0,0,0,1,0,0
5426,4.5,1494,25.5,1443,467,454,119.0,2020,1795,22.3,62.5,1.6616,2004,10,22,20,0,0,0,0,0,1,0,0
5427,2.5,1251,13.7,1107,297,579,91.0,1657,1407,21.3,66.1,1.6556,2004,10,22,21,0,0,0,0,0,1,0,0
5428,1.6,1132,9.7,965,164,669,74.0,1502,1211,21.2,65.7,1.6319,2004,10,22,22,0,0,0,0,0,1,0,0
5429,1.7,1158,9.8,970,196,664,73.0,1509,1202,20.3,68.1,1.6009,2004,10,22,23,0,0,0,0,0,1,0,0
5430,1.7,1146,10.1,983,201,673,71.0,1518,1136,20.4,66.7,1.583,2004,10,23,0,1,0,0,0,0,0,1,0
5431,1.1,993,6.0,813,132,792,57.0,1413,946,19.9,67.5,1.5544,2004,10,23,1,1,0,0,0,0,0,1,0
5432,1.0,989,6.0,814,146,800,51.0,1418,915,19.1,70.0,1.5331,2004,10,23,2,1,0,0,0,0,0,1,0
5433,0.8,943,4.6,746,120,852,46.5,1374,864,19.3,68.1,1.5139,2004,10,23,3,1,0,0,0,0,0,1,0
5434,0.75,910,4.0,712,94,872,42.0,1341,836,19.6,66.9,1.5125,2004,10,23,4,1,0,0,0,0,0,1,0
5435,0.7,925,4.6,742,127,876,43.0,1381,842,18.1,72.1,1.4834,2004,10,23,5,1,0,0,0,0,0,1,0
5436,1.2,1039,7.6,882,217,724,52.0,1473,1002,18.1,72.3,1.4927,2004,10,23,6,1,0,0,0,0,0,1,0
5437,2.3,1208,13.6,1104,394,598,65.0,1699,1165,17.6,74.8,1.491,2004,10,23,7,1,0,0,0,0,0,1,0
5438,3.0,1268,16.0,1179,511,545,69.0,1753,1294,18.2,72.8,1.5048,2004,10,23,8,1,0,0,0,0,0,1,0
5439,3.3,1353,18.9,1265,523,507,91.0,1833,1475,20.2,65.8,1.5374,2004,10,23,9,1,0,0,0,0,0,1,0
5440,2.8,1317,15.7,1171,471,542,92.0,1727,1436,21.6,61.4,1.5696,2004,10,23,10,1,0,0,0,0,0,1,0
5441,3.0,1356,16.2,1187,441,534,102.0,1738,1465,23.3,57.5,1.6169,2004,10,23,11,1,0,0,0,0,0,1,0
5442,3.4,1414,19.4,1279,414,504,118.0,1854,1583,25.0,52.4,1.6356,2004,10,23,12,1,0,0,0,0,0,1,0
5443,3.0,1326,16.9,1206,317,533,111.0,1785,1432,25.4,50.8,1.6275,2004,10,23,13,1,0,0,0,0,0,1,0
5444,2.3,1211,12.5,1067,230,609,101.0,1608,1270,26.1,47.1,1.5724,2004,10,23,14,1,0,0,0,0,0,1,0
5445,3.1,1324,15.8,1173,365,564,119.0,1749,1354,27.0,44.2,1.549,2004,10,23,15,1,0,0,0,0,0,1,0
5446,3.0,1324,16.0,1181,360,565,115.0,1747,1318,27.2,43.0,1.5246,2004,10,23,16,1,0,0,0,0,0,1,0
5447,3.3,1361,16.3,1189,420,549,120.0,1776,1351,25.6,48.3,1.5641,2004,10,23,17,1,0,0,0,0,0,1,0
5448,4.0,1475,21.0,1324,475,490,115.0,1925,1530,23.3,57.9,1.6376,2004,10,23,18,1,0,0,0,0,0,1,0
5449,4.6,1537,23.1,1381,526,469,118.0,2016,1615,22.2,63.6,1.6763,2004,10,23,19,1,0,0,0,0,0,1,0
5450,4.1,1413,17.7,1231,460,520,117.0,1853,1415,21.6,67.7,1.7228,2004,10,23,20,1,0,0,0,0,0,1,0
5451,2.3,1229,12.2,1055,255,607,96.0,1668,1219,21.0,69.3,1.7058,2004,10,23,21,1,0,0,0,0,0,1,0
5452,2.6,1297,14.6,1136,283,567,89.0,1725,1307,20.3,70.5,1.6599,2004,10,23,22,1,0,0,0,0,0,1,0
5453,2.6,1302,13.1,1088,271,594,84.0,1639,1297,20.0,69.5,1.6109,2004,10,23,23,1,0,0,0,0,0,1,0
5454,2.9,1347,15.5,1165,315,573,97.0,1741,1321,19.7,70.1,1.5891,2004,10,24,0,1,0,0,0,0,0,0,1
5455,2.1,1165,11.8,1042,227,631,68.0,1621,1133,19.5,70.7,1.5851,2004,10,24,1,1,0,0,0,0,0,0,1
5456,2.1,1155,10.9,1012,243,633,66.0,1577,1124,19.4,71.4,1.5959,2004,10,24,2,1,0,0,0,0,0,0,1
5457,1.5,1050,8.4,916,192,696,58.5,1512,997,19.3,71.1,1.5746,2004,10,24,3,1,0,0,0,0,0,0,1
5458,1.45,1035,7.0,855,142,731,51.0,1467,952,18.7,73.8,1.5704,2004,10,24,4,1,0,0,0,0,0,0,1
5459,1.4,1057,8.6,925,139,684,48.0,1503,972,18.0,75.4,1.5441,2004,10,24,5,1,0,0,0,0,0,0,1
5460,1.2,1029,7.5,880,182,709,47.0,1451,965,17.3,78.4,1.532,2004,10,24,6,1,0,0,0,0,0,0,1
5461,1.5,1037,8.1,902,196,704,48.0,1481,984,17.5,76.6,1.5174,2004,10,24,7,1,0,0,0,0,0,0,1
5462,0.9,920,4.8,755,108,853,45.0,1359,880,20.0,66.7,1.5401,2004,10,24,8,1,0,0,0,0,0,0,1
5463,1.4,1080,7.8,891,175,732,59.0,1477,1001,19.1,70.0,1.5366,2004,10,24,9,1,0,0,0,0,0,0,1
5464,2.1,1152,9.7,966,266,661,84.0,1542,1137,21.4,61.7,1.5547,2004,10,24,10,1,0,0,0,0,0,0,1
5465,1.6,1085,8.4,918,179,721,72.0,1467,1023,24.6,50.4,1.5363,2004,10,24,11,1,0,0,0,0,0,0,1
5466,1.5,1071,7.6,882,154,745,68.0,1431,962,25.0,49.1,1.5295,2004,10,24,12,1,0,0,0,0,0,0,1
5467,1.1,1000,5.9,807,95,811,52.0,1376,825,25.3,46.7,1.4874,2004,10,24,13,1,0,0,0,0,0,0,1
5468,1.4,1058,7.4,875,151,756,70.0,1421,877,24.8,47.9,1.4819,2004,10,24,14,1,0,0,0,0,0,0,1
5469,2.0,1184,10.1,983,230,667,90.0,1537,1046,25.3,48.0,1.5249,2004,10,24,15,1,0,0,0,0,0,0,1
5470,2.0,1189,9.7,965,239,670,87.0,1533,1060,26.5,44.9,1.5278,2004,10,24,16,1,0,0,0,0,0,0,1
5471,2.5,1277,11.8,1043,306,614,99.0,1631,1155,25.0,50.1,1.563,2004,10,24,17,1,0,0,0,0,0,0,1
5472,4.3,1482,20.3,1305,472,503,128.0,1874,1464,22.9,57.6,1.5885,2004,10,24,18,1,0,0,0,0,0,0,1
5473,5.2,1555,24.3,1410,532,464,127.0,1971,2185,21.7,62.9,1.6117,2004,10,24,19,1,0,0,0,0,0,0,1
5474,3.4,1324,15.6,1168,375,568,99.0,1716,1959,21.8,63.0,1.619,2004,10,24,20,1,0,0,0,0,0,0,1
5475,1.3,1015,7.3,869,147,747,72.0,1439,1375,21.2,63.4,1.5748,2004,10,24,21,1,0,0,0,0,0,0,1
5476,1.2,1010,7.1,860,118,768,62.0,1450,1212,20.2,65.8,1.535,2004,10,24,22,1,0,0,0,0,0,0,1
5477,1.7,1081,9.0,938,181,697,62.0,1517,1273,18.4,71.5,1.5038,2004,10,24,23,1,0,0,0,0,0,0,1
5478,1.7,1071,8.9,936,209,695,63.0,1516,1249,17.9,72.4,1.4758,2004,10,25,0,0,1,0,0,0,0,0,0
5479,1.4,1014,7.2,864,167,745,56.0,1474,1097,16.9,75.4,1.4393,2004,10,25,1,0,1,0,0,0,0,0,0
5480,0.9,891,4.4,735,112,878,44.0,1353,933,16.5,75.5,1.4056,2004,10,25,2,0,1,0,0,0,0,0,0
5481,0.7,874,4.1,715,110,889,40.5,1315,858,15.4,79.0,1.3735,2004,10,25,3,0,1,0,0,0,0,0,0
5482,0.8,882,4.3,729,108,875,37.0,1319,870,15.5,78.6,1.37,2004,10,25,4,0,1,0,0,0,0,0,0
5483,0.9,940,5.9,806,181,800,48.0,1392,1013,16.2,76.9,1.4029,2004,10,25,5,0,1,0,0,0,0,0,0
5484,1.2,1020,7.2,866,253,749,59.0,1440,1087,15.8,79.6,1.417,2004,10,25,6,0,1,0,0,0,0,0,0
5485,3.2,1316,18.5,1253,521,527,77.0,1780,1566,16.0,76.3,1.3772,2004,10,25,7,0,1,0,0,0,0,0,0
5486,4.4,1423,25.0,1429,649,467,88.0,1998,1631,16.3,74.3,1.3644,2004,10,25,8,0,1,0,0,0,0,0,0
5487,3.5,1314,18.8,1262,516,531,111.0,1754,1564,18.7,66.3,1.414,2004,10,25,9,0,1,0,0,0,0,0,0
5488,3.2,1317,19.5,1283,487,518,114.0,1812,1601,20.5,60.2,1.4346,2004,10,25,10,0,1,0,0,0,0,0,0
5489,3.0,1305,18.2,1245,529,524,108.0,1742,1539,19.3,66.2,1.4706,2004,10,25,11,0,1,0,0,0,0,0,0
5490,3.5,1351,20.0,1298,565,498,111.0,1821,1577,20.0,63.9,1.4805,2004,10,25,12,0,1,0,0,0,0,0,0
5491,4.0,1438,24.8,1425,558,451,126.0,1971,1732,21.4,59.4,1.4928,2004,10,25,13,0,1,0,0,0,0,0,0
5492,3.8,1454,23.1,1380,568,457,117.0,1947,1672,21.5,60.9,1.5398,2004,10,25,14,0,1,0,0,0,0,0,0
5493,4.2,1512,25.5,1441,605,432,119.0,2034,1744,21.6,60.9,1.5551,2004,10,25,15,0,1,0,0,0,0,0,0
5499,3.5,1319,19.1,1273,492,511,87.0,1806,1444,18.5,73.4,1.5461,2004,10,25,21,0,1,0,0,0,0,0,0
5500,3.5,1313,19.6,1285,464,505,82.0,1803,1373,17.7,75.6,1.5226,2004,10,25,22,0,1,0,0,0,0,0,0
5501,1.9,1073,10.7,1005,258,661,67.0,1488,1110,18.5,70.4,1.487,2004,10,25,23,0,1,0,0,0,0,0,0
5502,2.2,1119,12.2,1056,311,624,68.0,1562,1099,17.0,76.1,1.4582,2004,10,26,0,0,0,1,0,0,0,0,0
5503,1.6,989,8.0,900,231,737,60.0,1401,968,16.8,74.9,1.4258,2004,10,26,1,0,0,1,0,0,0,0,0
5504,1.0,912,5.5,788,127,822,48.0,1331,847,15.5,78.5,1.3782,2004,10,26,2,0,0,1,0,0,0,0,0
5505,1.0,904,5.5,787,125,820,45.0,1319,852,15.3,79.0,1.3605,2004,10,26,3,0,0,1,0,0,0,0,0
5506,0.95,851,4.3,726,124,897,42.0,1277,799,15.0,77.9,1.3197,2004,10,26,4,0,0,1,0,0,0,0,0
5507,0.9,902,5.9,809,138,835,46.0,1355,834,14.8,79.4,1.3312,2004,10,26,5,0,0,1,0,0,0,0,0
5508,1.4,981,8.6,923,228,730,54.0,1425,956,15.7,77.0,1.3591,2004,10,26,6,0,0,1,0,0,0,0,0
5509,3.0,1267,18.7,1260,383,572,82.0,1776,1259,16.2,75.9,1.3872,2004,10,26,7,0,0,1,0,0,0,0,0
5510,4.5,1392,25.0,1429,581,469,93.0,1990,1494,16.3,75.9,1.3991,2004,10,26,8,0,0,1,0,0,0,0,0
5511,3.8,1308,19.6,1285,545,522,95.0,1781,1458,17.7,70.6,1.4202,2004,10,26,9,0,0,1,0,0,0,0,0
5512,3.4,1313,20.8,1318,593,511,120.0,1820,1491,18.3,67.6,1.4103,2004,10,26,10,0,0,1,0,0,0,0,0
5513,3.5,1350,20.1,1299,602,518,132.0,1784,1560,20.1,62.0,1.4409,2004,10,26,11,0,0,1,0,0,0,0,0
5514,4.4,1477,26.7,1471,624,455,146.0,2031,1750,22.6,54.5,1.4737,2004,10,26,12,0,0,1,0,0,0,0,0
5515,4.0,1409,23.6,1393,546,484,157.0,1874,1709,24.6,47.1,1.4378,2004,10,26,13,0,0,1,0,0,0,0,0
5516,4.5,1495,26.4,1465,597,451,158.0,2043,1786,24.9,48.3,1.4942,2004,10,26,14,0,0,1,0,0,0,0,0
5522,5.0,1465,24.0,1404,561,468,127.0,1962,1736,22.6,58.3,1.5829,2004,10,26,20,0,0,1,0,0,0,0,0
5523,2.1,1076,9.8,972,239,691,95.0,1506,1192,21.0,57.4,1.4098,2004,10,26,21,0,0,1,0,0,0,0,0
5524,1.4,1055,7.9,895,175,758,79.0,1468,1043,19.8,63.7,1.4524,2004,10,26,22,0,0,1,0,0,0,0,0
5525,1.6,1075,7.5,878,169,734,78.0,1495,948,17.7,78.8,1.5855,2004,10,26,23,0,0,1,0,0,0,0,0
5526,2.0,1135,9.2,948,215,685,80.0,1569,992,17.6,80.5,1.6062,2004,10,27,0,0,0,0,1,0,0,0,0
5527,1.2,998,5.7,799,115,786,67.0,1435,867,17.4,81.3,1.6066,2004,10,27,1,0,0,0,1,0,0,0,0
5528,0.8,953,4.4,734,94,861,61.0,1401,825,17.4,81.0,1.6012,2004,10,27,2,0,0,0,1,0,0,0,0
5529,0.6,926,3.9,708,87,874,56.0,1381,803,17.2,81.8,1.5856,2004,10,27,3,0,0,0,1,0,0,0,0
5530,0.6499999999999999,895,3.1,656,80,946,51.0,1343,786,17.0,81.0,1.5521,2004,10,27,4,0,0,0,1,0,0,0,0
5531,0.7,967,5.1,767,132,833,56.0,1416,866,16.8,81.3,1.5447,2004,10,27,5,0,0,0,1,0,0,0,0
5532,1.7,1164,10.5,997,295,641,68.0,1606,1113,17.6,78.8,1.5723,2004,10,27,6,0,0,0,1,0,0,0,0
5533,3.4,1421,20.6,1313,517,502,101.0,1983,1384,18.0,75.7,1.5527,2004,10,27,7,0,0,0,1,0,0,0,0
5534,4.9,1465,28.5,1515,555,454,119.0,2119,1516,18.0,74.8,1.5281,2004,10,27,8,0,0,0,1,0,0,0,0
5535,2.7,1189,12.7,1075,429,614,108.0,1652,1222,18.2,74.0,1.5343,2004,10,27,9,0,0,0,1,0,0,0,0
5536,3.2,1278,16.1,1182,561,585,132.0,1734,1354,19.7,65.4,1.4854,2004,10,27,10,0,0,0,1,0,0,0,0
5537,2.7,1169,14.9,1144,427,611,130.0,1666,1291,21.0,57.9,1.4267,2004,10,27,11,0,0,0,1,0,0,0,0
5538,3.2,1214,16.8,1203,445,580,129.0,1739,1308,20.7,58.6,1.4142,2004,10,27,12,0,0,0,1,0,0,0,0
5539,4.1,1351,21.8,1345,538,502,117.0,1923,1420,19.5,67.1,1.506,2004,10,27,13,0,0,0,1,0,0,0,0
5540,3.6,1340,18.6,1256,556,537,119.0,1842,1297,18.5,76.2,1.6045,2004,10,27,14,0,0,0,1,0,0,0,0
5541,2.8,1157,14.5,1131,370,623,113.0,1675,1157,19.6,69.7,1.5675,2004,10,27,15,0,0,0,1,0,0,0,0
5542,2.1,1118,13.4,1096,257,647,102.0,1649,1130,19.9,65.3,1.5066,2004,10,27,16,0,0,0,1,0,0,0,0
5543,2.4,1150,15.8,1173,266,608,101.0,1711,1195,20.0,63.3,1.4622,2004,10,27,17,0,0,0,1,0,0,0,0
5544,3.6,1247,20.7,1315,403,544,116.0,1874,1341,19.2,66.4,1.4592,2004,10,27,18,0,0,0,1,0,0,0,0
5545,2.6,1194,16.6,1198,275,587,101.0,1732,1228,19.3,67.5,1.4977,2004,10,27,19,0,0,0,1,0,0,0,0
5546,2.8,1184,15.3,1157,338,586,94.0,1685,1273,18.2,71.4,1.4776,2004,10,27,20,0,0,0,1,0,0,0,0
5547,1.4,990,8.0,898,176,748,75.0,1442,1006,17.8,71.2,1.4396,2004,10,27,21,0,0,0,1,0,0,0,0
5548,1.1,933,5.8,803,159,842,69.0,1369,898,17.6,69.9,1.3969,2004,10,27,22,0,0,0,1,0,0,0,0
5549,1.3,968,7.0,858,147,796,60.0,1388,894,16.0,75.9,1.3721,2004,10,27,23,0,0,0,1,0,0,0,0
5550,0.9,861,4.5,735,99,925,58.0,1287,789,16.9,72.0,1.3749,2004,10,28,0,0,0,0,0,1,0,0,0
5551,1.0,904,5.2,774,98,878,51.0,1329,805,15.7,76.3,1.3519,2004,10,28,1,0,0,0,0,1,0,0,0
5552,0.9,866,4.4,734,109,899,45.0,1299,770,14.8,78.7,1.3169,2004,10,28,2,0,0,0,0,1,0,0,0
5553,0.7,881,4.2,724,110,913,43.0,1277,776,14.8,79.7,1.3286,2004,10,28,3,0,0,0,0,1,0,0,0
5554,0.75,838,3.8,700,112,936,41.0,1268,744,14.6,79.9,1.3156,2004,10,28,4,0,0,0,0,1,0,0,0
5555,0.8,905,5.2,776,163,851,48.0,1327,825,15.2,78.0,1.3382,2004,10,28,5,0,0,0,0,1,0,0,0
5556,1.6,1055,10.0,977,326,703,61.0,1506,1013,15.5,77.2,1.3502,2004,10,28,6,0,0,0,0,1,0,0,0
5557,3.4,1328,20.0,1296,640,527,88.0,1829,1341,15.7,76.4,1.3558,2004,10,28,7,0,0,0,0,1,0,0,0
5559,3.5,1291,20.0,1296,667,529,97.0,1752,1432,16.7,73.8,1.3886,2004,10,28,9,0,0,0,0,1,0,0,0
5561,2.4,1116,12.2,1057,425,639,112.0,1532,1236,20.4,58.1,1.3762,2004,10,28,11,0,0,0,0,1,0,0,0
5562,2.3,1139,13.1,1088,349,625,101.0,1580,1180,20.6,57.3,1.3792,2004,10,28,12,0,0,0,0,1,0,0,0
5563,2.6,1165,14.5,1131,332,609,99.0,1640,1196,21.6,53.6,1.3669,2004,10,28,13,0,0,0,0,1,0,0,0
5564,2.9,1260,17.5,1224,412,571,113.0,1731,1301,21.4,55.6,1.4015,2004,10,28,14,0,0,0,0,1,0,0,0
5565,4.4,1475,25.9,1451,631,455,122.0,1991,1646,20.7,63.0,1.5204,2004,10,28,15,0,0,0,0,1,0,0,0
5569,2.7,1140,14.2,1122,262,619,103.0,1602,1208,19.7,64.5,1.4594,2004,10,28,19,0,0,0,0,1,0,0,0
5570,2.5,1147,12.4,1065,292,651,112.0,1562,1160,19.4,64.0,1.4282,2004,10,28,20,0,0,0,0,1,0,0,0
5571,1.5,988,6.6,839,177,805,88.0,1382,937,20.1,60.8,1.4152,2004,10,28,21,0,0,0,0,1,0,0,0
5572,1.0,924,4.8,754,103,890,63.0,1327,783,20.4,60.4,1.4263,2004,10,28,22,0,0,0,0,1,0,0,0
5573,1.2,950,5.4,782,127,862,69.0,1331,807,20.1,62.6,1.4543,2004,10,28,23,0,0,0,0,1,0,0,0
5574,1.0,926,4.3,727,119,925,65.0,1326,729,19.9,64.9,1.4905,2004,10,29,0,0,0,0,0,0,1,0,0
5575,0.8,879,2.9,645,83,1023,50.0,1288,612,18.2,74.7,1.5441,2004,10,29,1,0,0,0,0,0,1,0,0
5576,0.6,864,2.5,621,65,1073,43.0,1286,574,18.4,73.8,1.5463,2004,10,29,2,0,0,0,0,0,1,0,0
5577,0.6,868,2.2,596,74,1092,49.5,1276,579,18.7,73.5,1.5664,2004,10,29,3,0,0,0,0,0,1,0,0
5578,0.8500000000000001,894,2.7,636,84,1010,56.0,1308,687,18.2,76.6,1.5907,2004,10,29,4,0,0,0,0,0,1,0,0
5579,1.1,1009,6.1,816,200,799,69.0,1430,856,18.5,76.4,1.6112,2004,10,29,5,0,0,0,0,0,1,0,0
5580,1.3,1069,7.7,889,242,738,91.0,1469,976,19.3,71.6,1.5844,2004,10,29,6,0,0,0,0,0,1,0,0
5581,2.9,1311,15.9,1178,366,574,111.0,1769,1208,20.2,66.9,1.5643,2004,10,29,7,0,0,0,0,0,1,0,0
5582,3.7,1370,22.8,1372,404,485,124.0,1945,1400,20.8,64.7,1.5692,2004,10,29,8,0,0,0,0,0,1,0,0
5583,3.0,1246,16.6,1197,429,566,119.0,1746,1278,21.9,61.8,1.6021,2004,10,29,9,0,0,0,0,0,1,0,0
5584,1.4,1039,8.4,917,169,735,77.0,1467,934,23.5,57.7,1.6515,2004,10,29,10,0,0,0,0,0,1,0,0
5585,2.6,1296,13.9,1113,419,604,101.0,1736,1073,19.8,81.0,1.8538,2004,10,29,11,0,0,0,0,0,1,0,0
5586,4.2,1523,24.9,1428,603,458,116.0,2114,1363,20.2,86.5,2.0224,2004,10,29,12,0,0,0,0,0,1,0,0
5587,5.1,1424,22.4,1361,589,484,137.0,1983,1346,20.2,82.2,1.9184,2004,10,29,13,0,0,0,0,0,1,0,0
5589,4.5,1338,18.1,1244,592,558,144.0,1847,1255,20.2,79.1,1.85,2004,10,29,15,0,0,0,0,0,1,0,0
5590,2.7,1214,13.9,1113,305,616,118.0,1664,1213,20.1,75.4,1.751,2004,10,29,16,0,0,0,0,0,1,0,0
5591,3.1,1290,18.5,1253,371,550,135.0,1807,1332,20.2,72.3,1.6893,2004,10,29,17,0,0,0,0,0,1,0,0
5592,4.2,1353,20.9,1323,465,519,129.0,1860,1430,20.0,73.3,1.693,2004,10,29,18,0,0,0,0,0,1,0,0
5593,3.1,1130,12.9,1082,390,647,128.0,1591,1102,18.3,74.9,1.5583,2004,10,29,19,0,0,0,0,0,1,0,0
5594,1.7,969,6.7,843,227,828,103.0,1375,895,18.9,70.4,1.5259,2004,10,29,20,0,0,0,0,0,1,0,0
5595,1.8,1038,7.0,856,284,801,116.0,1415,905,17.3,76.3,1.4919,2004,10,29,21,0,0,0,0,0,1,0,0
5596,1.7,1020,7.3,869,211,793,95.0,1410,869,17.1,77.9,1.5081,2004,10,29,22,0,0,0,0,0,1,0,0
5597,2.1,1097,9.1,944,297,716,107.0,1489,982,17.3,79.3,1.5569,2004,10,29,23,0,0,0,0,0,1,0,0
5598,2.4,1123,9.9,973,351,690,108.0,1520,999,17.3,79.9,1.5643,2004,10,30,0,1,0,0,0,0,0,1,0
5599,1.8,1023,6.9,851,259,782,94.0,1413,881,16.9,80.6,1.5372,2004,10,30,1,1,0,0,0,0,0,1,0
5600,1.5,1015,6.5,833,214,786,84.0,1400,868,16.9,81.4,1.551,2004,10,30,2,1,0,0,0,0,0,1,0
5601,1.4,979,5.9,805,193,809,78.0,1383,843,16.8,81.5,1.5418,2004,10,30,3,1,0,0,0,0,0,1,0
5602,1.2,931,5.4,784,173,826,72.0,1372,833,16.9,79.8,1.5238,2004,10,30,4,1,0,0,0,0,0,1,0
5603,1.0,922,5.4,783,192,857,76.0,1367,825,16.7,79.7,1.503,2004,10,30,5,1,0,0,0,0,0,1,0
5604,1.4,989,7.8,891,237,762,82.0,1453,901,16.8,79.0,1.4978,2004,10,30,6,1,0,0,0,0,0,1,0
5605,2.4,1149,13.6,1103,413,622,94.0,1662,1090,16.8,79.8,1.5115,2004,10,30,7,1,0,0,0,0,0,1,0
5606,3.1,1202,15.4,1160,455,585,102.0,1723,1165,16.9,79.9,1.5253,2004,10,30,8,1,0,0,0,0,0,1,0
5607,3.0,1206,14.4,1131,493,592,106.0,1675,1201,17.4,79.3,1.5593,2004,10,30,9,1,0,0,0,0,0,1,0
5608,2.7,1224,14.3,1126,482,596,108.0,1656,1231,18.0,76.6,1.5706,2004,10,30,10,1,0,0,0,0,0,1,0
5609,4.0,1371,20.3,1305,599,521,152.0,1845,1461,21.2,64.4,1.6015,2004,10,30,11,1,0,0,0,0,0,1,0
5610,3.7,1327,18.7,1259,481,539,160.0,1826,1434,22.4,60.8,1.6261,2004,10,30,12,1,0,0,0,0,0,1,0
5611,3.4,1301,17.3,1218,406,553,133.0,1806,1399,22.6,61.1,1.6596,2004,10,30,13,1,0,0,0,0,0,1,0
5612,3.4,1301,16.9,1208,419,560,147.0,1781,1417,23.6,57.3,1.645,2004,10,30,14,1,0,0,0,0,0,1,0
5613,3.2,1314,16.4,1191,387,564,135.0,1777,1395,23.5,58.3,1.664,2004,10,30,15,1,0,0,0,0,0,1,0
5614,3.9,1394,19.1,1272,461,526,135.0,1869,1442,22.9,61.6,1.7014,2004,10,30,16,1,0,0,0,0,0,1,0
5615,3.7,1385,18.7,1260,493,528,129.0,1850,1425,22.3,64.3,1.7055,2004,10,30,17,1,0,0,0,0,0,1,0
5616,4.3,1440,22.4,1362,532,486,117.0,1968,1496,21.6,68.0,1.7305,2004,10,30,18,1,0,0,0,0,0,1,0
5617,4.9,1493,25.3,1437,581,470,116.0,2015,1551,21.2,67.4,1.6755,2004,10,30,19,1,0,0,0,0,0,1,0
5618,4.0,1319,17.7,1230,494,551,109.0,1785,1381,20.8,65.8,1.6001,2004,10,30,20,1,0,0,0,0,0,1,0
5619,2.8,1187,13.8,1110,392,612,96.0,1658,1229,20.4,64.8,1.5379,2004,10,30,21,1,0,0,0,0,0,1,0
5620,2.4,1119,10.2,984,311,688,90.0,1539,1082,20.1,66.7,1.5548,2004,10,30,22,1,0,0,0,0,0,1,0
5621,1.9,1100,8.6,924,236,744,82.0,1494,963,19.5,70.0,1.5711,2004,10,30,23,1,0,0,0,0,0,1,0
5622,2.0,1076,7.9,895,270,757,86.0,1492,939,19.3,70.4,1.5578,2004,10,31,0,1,0,0,0,0,0,0,1
5623,1.5,972,5.7,799,199,833,72.0,1425,825,19.7,68.6,1.5563,2004,10,31,1,1,0,0,0,0,0,0,1
5624,1.3,973,6.4,828,146,818,61.0,1445,811,19.7,68.2,1.5484,2004,10,31,2,1,0,0,0,0,0,0,1
5625,1.0,918,4.6,742,110,905,53.0,1386,720,19.9,68.4,1.5673,2004,10,31,3,1,0,0,0,0,0,0,1
5626,0.75,844,2.7,630,74,1035,45.0,1320,627,18.4,74.2,1.5581,2004,10,31,4,1,0,0,0,0,0,0,1
5627,0.5,817,2.1,588,55,1134,37.0,1310,589,18.9,71.3,1.5449,2004,10,31,5,1,0,0,0,0,0,0,1
5628,0.4,791,1.2,519,43,1291,31.0,1295,540,18.1,79.0,1.6224,2004,10,31,6,1,0,0,0,0,0,0,1
5629,0.4,819,1.4,537,46,1264,30.0,1315,551,20.4,71.2,1.6834,2004,10,31,7,1,0,0,0,0,0,0,1
5630,0.9,972,4.6,743,139,944,41.0,1477,742,20.6,70.7,1.6996,2004,10,31,8,1,0,0,0,0,0,0,1
5631,1.3,997,5.7,797,169,812,64.0,1470,824,19.3,74.1,1.6391,2004,10,31,9,1,0,0,0,0,0,0,1
5632,2.1,1194,10.6,1000,254,653,74.0,1642,1059,22.2,64.4,1.7005,2004,10,31,10,1,0,0,0,0,0,0,1
5633,2.4,1240,11.0,1014,303,628,77.0,1643,1144,23.0,64.6,1.7851,2004,10,31,11,1,0,0,0,0,0,0,1
5634,2.0,1117,8.6,922,259,717,83.0,1585,994,24.3,57.4,1.7233,2004,10,31,12,1,0,0,0,0,0,0,1
5635,1.8,1141,8.8,932,226,689,71.0,1595,1014,22.0,67.0,1.7441,2004,10,31,13,1,0,0,0,0,0,0,1
5636,1.5,1062,7.5,880,161,719,62.0,1580,924,22.9,65.7,1.8148,2004,10,31,14,1,0,0,0,0,0,0,1
5637,1.6,1160,11.6,1036,182,622,62.0,1727,1023,23.2,63.9,1.7957,2004,10,31,15,1,0,0,0,0,0,0,1
5638,2.2,1169,10.1,983,289,672,79.0,1633,1033,23.0,62.3,1.7248,2004,10,31,16,1,0,0,0,0,0,0,1
5639,2.3,1185,10.8,1006,340,666,93.0,1638,1065,22.4,63.2,1.6878,2004,10,31,17,1,0,0,0,0,0,0,1
5641,4.7,1464,22.4,1362,543,487,100.0,1987,1648,21.2,70.3,1.7476,2004,10,31,19,1,0,0,0,0,0,0,1
5642,4.1,1423,20.6,1314,501,508,89.0,1912,1466,20.8,70.9,1.7203,2004,10,31,20,1,0,0,0,0,0,0,1
5643,4.1,1318,17.5,1226,521,543,83.0,1848,1365,20.0,73.2,1.6965,2004,10,31,21,1,0,0,0,0,0,0,1
5644,2.7,1229,13.9,1114,352,598,76.0,1723,1247,19.7,73.7,1.6708,2004,10,31,22,1,0,0,0,0,0,0,1
5645,2.6,1187,13.6,1105,321,611,68.0,1700,1183,19.9,72.6,1.6681,2004,10,31,23,1,0,0,0,0,0,0,1
5646,3.2,1353,15.9,1176,318,584,69.0,1723,2150,20.1,71.3,1.6564,2004,11,1,0,0,1,0,0,0,0,0,0
5647,3.7,1407,17.8,1235,338,548,77.0,1780,2519,20.1,71.1,1.6498,2004,11,1,1,0,1,0,0,0,0,0,0
5648,3.5,1333,16.7,1201,353,552,68.0,1767,1925,19.6,73.2,1.6543,2004,11,1,2,0,1,0,0,0,0,0,0
5649,3.0,1269,16.0,1181,322,559,60.0,1756,1762,19.1,75.8,1.6568,2004,11,1,3,0,1,0,0,0,0,0,0
5650,2.85,1253,16.9,1206,291,540,52.0,1779,1579,18.4,77.9,1.6389,2004,11,1,4,0,1,0,0,0,0,0,0
5651,2.7,1212,15.0,1149,279,562,49.0,1710,1599,18.4,78.1,1.637,2004,11,1,5,0,1,0,0,0,0,0,0
5652,1.8,1061,9.6,962,200,679,45.0,1554,1395,19.2,74.7,1.6398,2004,11,1,6,0,1,0,0,0,0,0,0
5653,1.3,1028,7.8,890,180,733,51.0,1525,1323,19.4,75.1,1.6766,2004,11,1,7,0,1,0,0,0,0,0,0
5654,1.5,1067,8.7,928,213,711,51.0,1564,1309,19.1,75.6,1.6519,2004,11,1,8,0,1,0,0,0,0,0,0
5655,1.9,1111,9.8,970,266,667,62.0,1594,1441,20.3,71.1,1.6803,2004,11,1,9,0,1,0,0,0,0,0,0
5656,2.2,1189,12.4,1065,247,609,74.0,1683,1830,23.1,61.3,1.7131,2004,11,1,10,0,1,0,0,0,0,0,0
5657,2.6,1293,13.9,1114,326,584,88.0,1702,1704,25.1,56.0,1.7565,2004,11,1,11,0,1,0,0,0,0,0,0
5658,2.7,1285,12.5,1065,319,597,90.0,1686,1576,25.8,56.1,1.841,2004,11,1,12,0,1,0,0,0,0,0,0
5659,2.5,1236,10.9,1011,320,631,91.0,1706,1305,23.7,68.2,1.9739,2004,11,1,13,0,1,0,0,0,0,0,0
5660,1.5,1082,6.5,834,174,747,64.0,1562,991,23.1,70.8,1.98,2004,11,1,14,0,1,0,0,0,0,0,0
5661,2.0,1188,9.4,954,216,664,72.0,1636,1148,23.9,66.3,1.9361,2004,11,1,15,0,1,0,0,0,0,0,0
5662,3.1,1348,15.3,1157,376,564,88.0,1810,1307,23.8,65.0,1.8897,2004,11,1,16,0,1,0,0,0,0,0,0
5663,3.7,1394,16.4,1193,496,547,110.0,1811,1386,23.2,65.6,1.8435,2004,11,1,17,0,1,0,0,0,0,0,0
5664,4.0,1472,19.8,1290,523,510,95.0,1942,1420,21.8,72.7,1.8789,2004,11,1,18,0,1,0,0,0,0,0,0
5665,4.1,1291,15.8,1174,465,567,91.0,1746,1341,21.7,67.3,1.7256,2004,11,1,19,0,1,0,0,0,0,0,0
5666,3.1,1264,14.5,1133,407,593,94.0,1750,1258,21.3,66.3,1.6594,2004,11,1,20,0,1,0,0,0,0,0,0
5667,3.2,1264,14.7,1138,412,579,86.0,1733,1245,20.4,71.6,1.7004,2004,11,1,21,0,1,0,0,0,0,0,0
5668,3.2,1260,15.3,1160,403,568,79.0,1755,1231,19.6,75.3,1.6981,2004,11,1,22,0,1,0,0,0,0,0,0
5669,2.7,1184,13.0,1084,357,612,71.0,1674,1151,19.3,75.8,1.6762,2004,11,1,23,0,1,0,0,0,0,0,0
5670,2.3,1122,10.5,996,259,660,62.0,1586,1048,18.4,76.3,1.6017,2004,11,2,0,0,0,1,0,0,0,0,0
5671,1.6,983,7.6,881,227,752,56.0,1472,928,18.2,76.4,1.5787,2004,11,2,1,0,0,1,0,0,0,0,0
5672,1.1,885,4.8,753,147,878,49.0,1374,813,17.9,74.8,1.5219,2004,11,2,2,0,0,1,0,0,0,0,0
5673,0.7,825,3.1,661,109,987,43.5,1334,753,17.5,74.5,1.4781,2004,11,2,3,0,0,1,0,0,0,0,0
5674,0.6499999999999999,791,2.6,627,72,1069,38.0,1306,709,17.2,74.0,1.4388,2004,11,2,4,0,0,1,0,0,0,0,0
5675,0.6,802,2.7,636,96,1016,35.0,1289,721,17.6,73.2,1.4555,2004,11,2,5,0,0,1,0,0,0,0,0
5676,0.5,804,3.0,652,73,1054,37.0,1294,710,17.9,69.3,1.4099,2004,11,2,6,0,0,1,0,0,0,0,0
5677,1.5,1014,8.7,927,309,747,56.0,1497,951,16.1,76.3,1.3902,2004,11,2,7,0,0,1,0,0,0,0,0
5678,3.4,1316,20.7,1317,607,538,85.0,1860,1336,17.1,72.8,1.4054,2004,11,2,8,0,0,1,0,0,0,0,0
5679,4.4,1296,25.2,1435,562,504,112.0,1899,1489,20.8,57.9,1.407,2004,11,2,9,0,0,1,0,0,0,0,0
5680,4.4,1381,23.6,1394,560,495,107.0,1911,1558,20.6,60.2,1.4428,2004,11,2,10,0,0,1,0,0,0,0,0
5682,4.9,1426,25.6,1445,667,477,151.0,1970,1782,24.0,50.0,1.4679,2004,11,2,12,0,0,1,0,0,0,0,0
5692,3.7,1258,19.1,1272,454,541,77.0,1804,1325,19.3,70.8,1.5728,2004,11,2,22,0,0,1,0,0,0,0,0
5693,2.6,1138,13.9,1113,337,610,66.0,1641,1203,19.2,68.8,1.5097,2004,11,2,23,0,0,1,0,0,0,0,0
5694,1.1,936,6.8,849,127,798,56.0,1381,947,20.4,61.1,1.4495,2004,11,3,0,0,0,0,1,0,0,0,0
5695,2.6,1167,13.2,1090,281,626,62.0,1620,1106,18.0,71.5,1.4615,2004,11,3,1,0,0,0,1,0,0,0,0
5696,2.2,1071,10.7,1003,252,665,58.0,1542,1045,17.5,73.2,1.4515,2004,11,3,2,0,0,0,1,0,0,0,0
5697,0.9,866,4.1,717,158,909,47.5,1328,827,17.2,71.7,1.394,2004,11,3,3,0,0,0,1,0,0,0,0
5698,0.7,836,2.9,647,65,985,37.0,1271,777,16.4,74.4,1.3779,2004,11,3,4,0,0,0,1,0,0,0,0
5699,0.5,823,2.7,630,69,1033,35.0,1253,748,16.8,71.9,1.3628,2004,11,3,5,0,0,0,1,0,0,0,0
5700,0.7,890,4.3,727,151,917,50.0,1290,833,16.9,70.5,1.3504,2004,11,3,6,0,0,0,1,0,0,0,0
5701,1.3,1019,8.0,901,231,750,64.0,1438,960,17.0,70.1,1.3512,2004,11,3,7,0,0,0,1,0,0,0,0
5702,2.2,1177,15.5,1166,297,621,75.0,1667,1157,18.8,62.5,1.3401,2004,11,3,8,0,0,0,1,0,0,0,0
5703,3.7,1348,23.8,1398,515,505,101.0,1847,1444,20.3,58.4,1.3745,2004,11,3,9,0,0,0,1,0,0,0,0
5704,3.7,1341,21.0,1323,499,516,94.0,1786,1522,23.7,49.1,1.423,2004,11,3,10,0,0,0,1,0,0,0,0
5705,3.4,1307,19.3,1278,445,527,95.0,1767,1452,26.6,42.8,1.4713,2004,11,3,11,0,0,0,1,0,0,0,0
5706,3.4,1305,19.7,1287,464,525,124.0,1771,1437,26.2,43.5,1.4591,2004,11,3,12,0,0,0,1,0,0,0,0
5707,2.6,1177,13.2,1090,298,612,86.0,1632,1209,26.3,43.6,1.4663,2004,11,3,13,0,0,0,1,0,0,0,0
5708,2.5,1192,13.0,1085,266,617,79.0,1638,1170,26.6,42.5,1.4568,2004,11,3,14,0,0,0,1,0,0,0,0
5709,2.5,1214,12.9,1080,323,611,87.0,1642,1190,26.3,43.7,1.4718,2004,11,3,15,0,0,0,1,0,0,0,0
5710,2.7,1240,15.1,1152,352,575,94.0,1699,1278,25.6,46.2,1.4903,2004,11,3,16,0,0,0,1,0,0,0,0
5711,3.2,1271,16.3,1188,372,563,107.0,1703,1305,25.1,47.6,1.4983,2004,11,3,17,0,0,0,1,0,0,0,0
5712,3.7,1333,20.5,1312,383,520,107.0,1853,1364,23.8,51.4,1.4956,2004,11,3,18,0,0,0,1,0,0,0,0
5713,4.6,1390,24.4,1414,455,487,117.0,1959,1428,23.3,53.1,1.496,2004,11,3,19,0,0,0,1,0,0,0,0
5714,3.3,1266,18.7,1261,355,541,97.0,1807,1285,22.4,55.2,1.4735,2004,11,3,20,0,0,0,1,0,0,0,0
5715,2.4,1140,12.7,1072,267,626,90.0,1597,1143,21.7,57.7,1.4766,2004,11,3,21,0,0,0,1,0,0,0,0
5716,2.8,1240,15.6,1168,308,582,86.0,1714,1235,20.5,63.0,1.5043,2004,11,3,22,0,0,0,1,0,0,0,0
5717,2.7,1187,14.2,1122,313,589,77.0,1641,1208,19.5,67.6,1.5156,2004,11,3,23,0,0,0,1,0,0,0,0
5718,1.8,1043,9.9,975,216,675,66.0,1489,1041,18.7,69.0,1.4727,2004,11,4,0,0,0,0,0,1,0,0,0
5719,1.1,948,6.3,826,137,802,57.0,1382,897,19.3,65.5,1.45,2004,11,4,1,0,0,0,0,1,0,0,0
5720,1.2,955,5.2,775,140,831,55.0,1362,862,17.6,70.8,1.4105,2004,11,4,2,0,0,0,0,1,0,0,0
5721,0.8,915,4.2,721,117,891,47.5,1315,816,16.8,72.9,1.3851,2004,11,4,3,0,0,0,0,1,0,0,0
5722,0.6,832,2.9,644,94,990,40.0,1239,747,17.8,68.1,1.3722,2004,11,4,4,0,0,0,0,1,0,0,0
5723,0.5,846,2.6,628,79,1025,40.0,1218,727,16.1,73.5,1.3329,2004,11,4,5,0,0,0,0,1,0,0,0
5724,0.7,897,4.7,750,156,874,46.0,1270,799,15.8,73.5,1.3151,2004,11,4,6,0,0,0,0,1,0,0,0
5725,0.8,908,5.1,767,153,868,53.0,1272,807,17.0,68.0,1.3102,2004,11,4,7,0,0,0,0,1,0,0,0
5726,3.5,1348,22.2,1357,464,526,84.0,1833,1324,16.0,72.2,1.3077,2004,11,4,8,0,0,0,0,1,0,0,0
5727,3.6,1384,23.3,1386,435,504,88.0,1833,1404,17.8,65.4,1.3213,2004,11,4,9,0,0,0,0,1,0,0,0
5729,4.733333333333333,1360,19.7,1287,523,517,130.0,1755,1478,23.6,48.0,1.3757,2004,11,4,11,0,0,0,0,1,0,0,0
5730,5.3,1305,17.4,1223,460,545,120.0,1720,1414,23.7,49.8,1.4433,2004,11,4,12,0,0,0,0,1,0,0,0
5738,4.3,1463,27.2,1484,485,443,97.0,2011,1590,21.1,66.1,1.6313,2004,11,4,20,0,0,0,0,1,0,0,0
5739,3.6,1380,21.8,1345,480,493,92.0,1856,1419,20.0,69.0,1.5956,2004,11,4,21,0,0,0,0,1,0,0,0
5740,3.9,1383,21.3,1332,572,495,96.0,1855,1415,19.1,72.0,1.5732,2004,11,4,22,0,0,0,0,1,0,0,0
5741,2.4,1181,13.3,1094,345,600,74.0,1599,1180,18.8,70.6,1.5209,2004,11,4,23,0,0,0,0,1,0,0,0
5742,1.6,1061,8.8,931,195,699,65.0,1481,1015,18.5,69.5,1.4657,2004,11,5,0,0,0,0,0,0,1,0,0
5743,1.8,1091,9.2,945,213,698,62.0,1467,1014,18.4,68.5,1.439,2004,11,5,1,0,0,0,0,0,1,0,0
5744,1.5,1010,7.6,884,216,719,59.0,1430,938,16.8,73.3,1.3915,2004,11,5,2,0,0,0,0,0,1,0,0
5745,0.7,868,3.6,688,144,922,50.0,1249,777,17.9,66.8,1.3596,2004,11,5,3,0,0,0,0,0,1,0,0
5746,0.5,852,2.8,639,73,1009,41.0,1204,723,16.5,71.0,1.3239,2004,11,5,4,0,0,0,0,0,1,0,0
5747,0.4,826,2.2,601,67,1056,38.0,1180,702,16.9,67.9,1.295,2004,11,5,5,0,0,0,0,0,1,0,0
5748,0.5,862,3.4,677,96,973,43.0,1192,725,16.1,69.3,1.2591,2004,11,5,6,0,0,0,0,0,1,0,0
5749,0.8,951,5.7,800,162,803,52.0,1257,836,16.1,69.6,1.2593,2004,11,5,7,0,0,0,0,0,1,0,0
5750,2.0,1210,16.3,1188,305,583,75.0,1575,1129,16.2,70.1,1.2837,2004,11,5,8,0,0,0,0,0,1,0,0
5752,4.5,1477,25.5,1443,658,469,126.0,1878,1646,19.6,58.3,1.3141,2004,11,5,10,0,0,0,0,0,1,0,0
5754,3.3,1354,20.9,1321,445,504,107.0,1799,1496,20.8,56.3,1.3664,2004,11,5,12,0,0,0,0,0,1,0,0
5755,3.6,1385,22.1,1354,455,490,114.0,1823,1506,21.7,53.1,1.3649,2004,11,5,13,0,0,0,0,0,1,0,0
5756,4.4,1460,25.0,1430,524,466,125.0,1932,1604,23.0,49.0,1.362,2004,11,5,14,0,0,0,0,0,1,0,0
5757,4.3,1492,26.4,1463,527,460,138.0,1935,1632,24.2,44.0,1.3078,2004,11,5,15,0,0,0,0,0,1,0,0
5761,3.6,1388,22.4,1363,370,485,105.0,1815,1556,20.3,61.4,1.4417,2004,11,5,19,0,0,0,0,0,1,0,0
5762,2.9,1303,15.9,1177,348,562,98.0,1619,1389,20.0,63.2,1.4581,2004,11,5,20,0,0,0,0,0,1,0,0
5763,2.7,1257,14.3,1126,361,581,93.0,1599,1300,19.1,64.4,1.405,2004,11,5,21,0,0,0,0,0,1,0,0
5764,1.9,1132,10.7,1002,255,640,76.0,1474,1126,18.1,67.5,1.3855,2004,11,5,22,0,0,0,0,0,1,0,0
5765,1.3,1050,7.6,881,162,732,69.0,1363,982,17.8,66.9,1.3464,2004,11,5,23,0,0,0,0,0,1,0,0
5766,1.2,1033,6.7,842,166,756,66.0,1362,941,17.6,66.5,1.3249,2004,11,6,0,1,0,0,0,0,0,1,0
5767,1.8,1106,9.0,938,247,685,76.0,1395,1010,16.1,71.2,1.2948,2004,11,6,1,1,0,0,0,0,0,1,0
5768,1.9,1107,9.0,940,255,689,73.0,1403,985,15.5,73.3,1.2845,2004,11,6,2,1,0,0,0,0,0,1,0
5769,1.5,1011,7.0,856,192,769,63.5,1341,889,15.4,72.8,1.2633,2004,11,6,3,1,0,0,0,0,0,1,0
5770,0.9,916,4.3,726,129,879,54.0,1248,791,15.6,70.8,1.2461,2004,11,6,4,1,0,0,0,0,0,1,0
5771,0.5,852,2.8,641,83,1012,44.0,1172,710,17.0,64.5,1.2374,2004,11,6,5,1,0,0,0,0,0,1,0
5772,0.6,889,3.7,694,114,913,45.0,1198,743,14.9,72.3,1.2186,2004,11,6,6,1,0,0,0,0,0,1,0
5773,1.1,1002,6.3,828,233,798,58.0,1307,857,14.0,76.6,1.2183,2004,11,6,7,1,0,0,0,0,0,1,0
5774,2.8,1231,14.5,1134,448,587,87.0,1572,1143,14.6,74.2,1.2256,2004,11,6,8,1,0,0,0,0,0,1,0
5775,2.9,1212,16.4,1191,455,551,97.0,1586,1210,15.9,69.8,1.253,2004,11,6,9,1,0,0,0,0,0,1,0
5776,1.7,1121,10.9,1012,254,650,80.0,1436,1060,18.4,61.3,1.2854,2004,11,6,10,1,0,0,0,0,0,1,0
5777,2.3,1260,14.1,1121,313,568,82.0,1569,1252,20.0,56.7,1.3078,2004,11,6,11,1,0,0,0,0,0,1,0
5778,3.3,1391,17.1,1214,490,518,112.0,1691,1435,20.4,57.0,1.3507,2004,11,6,12,1,0,0,0,0,0,1,0
5779,3.5,1463,19.4,1280,496,482,121.0,1794,1544,20.7,59.3,1.4283,2004,11,6,13,1,0,0,0,0,0,1,0
5780,3.8,1464,20.9,1321,514,475,132.0,1794,1600,21.7,54.8,1.4024,2004,11,6,14,1,0,0,0,0,0,1,0
5781,3.4,1412,17.7,1230,454,516,141.0,1672,1534,22.0,54.2,1.4096,2004,11,6,15,1,0,0,0,0,0,1,0
5782,3.8,1450,19.8,1292,507,495,130.0,1768,1495,21.4,57.1,1.4356,2004,11,6,16,1,0,0,0,0,0,1,0
5783,3.6,1416,19.5,1283,474,510,113.0,1739,1442,20.8,58.7,1.4259,2004,11,6,17,1,0,0,0,0,0,1,0
5784,3.5,1346,17.0,1211,404,540,101.0,1674,1340,20.1,59.6,1.3852,2004,11,6,18,1,0,0,0,0,0,1,0
5785,2.8,1273,14.6,1137,356,586,91.0,1563,1231,20.0,58.4,1.3473,2004,11,6,19,1,0,0,0,0,0,1,0
5786,2.5,1206,12.0,1049,345,634,90.0,1484,1128,19.5,58.9,1.3195,2004,11,6,20,1,0,0,0,0,0,1,0
5787,3.1,1252,13.3,1094,395,615,90.0,1526,1188,19.5,57.4,1.2874,2004,11,6,21,1,0,0,0,0,0,1,0
5788,1.8,1069,7.9,897,249,729,83.0,1364,998,19.1,59.2,1.295,2004,11,6,22,1,0,0,0,0,0,1,0
5789,1.6,1061,7.9,895,197,737,73.0,1359,944,18.8,59.1,1.2702,2004,11,6,23,1,0,0,0,0,0,1,0
5790,1.9,1072,7.5,880,224,767,80.0,1318,928,18.0,60.4,1.2331,2004,11,7,0,1,0,0,0,0,0,0,1
5791,2.0,1075,8.4,917,231,737,87.0,1354,1037,17.5,60.7,1.2009,2004,11,7,1,1,0,0,0,0,0,0,1
5792,1.4,992,6.9,853,177,796,79.0,1305,930,17.5,59.4,1.1768,2004,11,7,2,1,0,0,0,0,0,0,1
5793,1.2,914,4.6,741,137,891,67.5,1210,803,17.1,59.2,1.1477,2004,11,7,3,1,0,0,0,0,0,0,1
5794,0.95,854,3.8,700,98,980,56.0,1151,665,17.0,52.3,1.0009,2004,11,7,4,1,0,0,0,0,0,0,1
5795,0.7,774,2.1,591,64,1151,42.0,1044,533,16.1,49.8,0.9021,2004,11,7,5,1,0,0,0,0,0,0,1
5796,0.4,757,1.5,542,44,1339,31.0,1004,449,15.5,51.5,0.9026,2004,11,7,6,1,0,0,0,0,0,0,1
5797,0.4,752,1.2,516,53,1370,35.0,997,440,15.1,52.0,0.8878,2004,11,7,7,1,0,0,0,0,0,0,1
5798,0.5,757,1.6,551,94,1295,51.0,967,453,14.9,46.8,0.7885,2004,11,7,8,1,0,0,0,0,0,0,1
5799,0.7,777,1.9,580,100,1263,58.0,963,465,15.5,42.4,0.74,2004,11,7,9,1,0,0,0,0,0,0,1
5800,0.7,774,2.0,583,98,1246,57.0,966,457,16.6,38.2,0.7186,2004,11,7,10,1,0,0,0,0,0,0,1
5801,0.7,805,2.7,632,115,1176,63.0,1033,475,18.0,34.7,0.7089,2004,11,7,11,1,0,0,0,0,0,0,1
5802,1.0,838,3.6,686,115,1083,61.0,1046,532,18.0,35.1,0.7176,2004,11,7,12,1,0,0,0,0,0,0,1
5803,1.0,824,3.7,695,76,1091,34.0,1035,526,17.6,33.8,0.6726,2004,11,7,13,1,0,0,0,0,0,0,1
5804,0.9,812,3.9,704,55,1055,26.0,1044,520,17.5,33.7,0.6691,2004,11,7,14,1,0,0,0,0,0,0,1
5805,0.9,806,3.8,702,59,1052,28.0,1035,500,17.2,33.9,0.6591,2004,11,7,15,1,0,0,0,0,0,0,1
5806,0.9,789,3.4,675,95,1121,50.0,974,482,16.8,32.1,0.6073,2004,11,7,16,1,0,0,0,0,0,0,1
5807,1.1,821,4.0,713,107,1067,55.0,1030,539,16.0,34.1,0.6155,2004,11,7,17,1,0,0,0,0,0,0,1
5808,3.2,1024,14.3,1127,189,704,84.0,1346,943,14.8,37.5,0.6259,2004,11,7,18,1,0,0,0,0,0,0,1
5809,3.1,1009,10.5,995,386,784,140.0,1201,1016,14.4,39.2,0.6407,2004,11,7,19,1,0,0,0,0,0,0,1
5810,3.1,1064,12.2,1055,412,738,138.0,1242,1063,14.1,43.0,0.6883,2004,11,7,20,1,0,0,0,0,0,0,1
5811,2.3,1001,11.4,1029,342,733,127.0,1255,1034,13.4,48.4,0.7397,2004,11,7,21,1,0,0,0,0,0,0,1
5812,1.8,927,7.3,868,255,847,117.0,1155,864,12.7,51.2,0.7505,2004,11,7,22,1,0,0,0,0,0,0,1
5813,0.8,819,2.4,613,89,1118,57.0,1060,500,9.9,71.4,0.8736,2004,11,7,23,1,0,0,0,0,0,0,1
5814,0.9,847,2.7,630,106,1057,59.0,1091,537,10.2,71.6,0.8893,2004,11,8,0,0,1,0,0,0,0,0,0
5815,0.8,798,2.5,621,109,1115,62.0,1041,524,10.6,61.3,0.7856,2004,11,8,1,0,1,0,0,0,0,0,0
5816,0.7,757,1.7,561,67,1192,42.0,998,457,11.1,55.6,0.7344,2004,11,8,2,0,1,0,0,0,0,0,0
5821,0.7,797,2.1,593,146,1212,72.0,984,494,10.8,49.7,0.6429,2004,11,8,7,0,1,0,0,0,0,0,0
5822,1.7,950,7.4,875,359,850,131.0,1179,828,10.7,50.4,0.6467,2004,11,8,8,0,1,0,0,0,0,0,0
5823,1.8,887,5.9,809,322,899,133.0,1111,769,10.9,50.0,0.6531,2004,11,8,9,0,1,0,0,0,0,0,0
5824,1.5,850,4.8,755,293,966,116.0,1051,714,12.1,46.5,0.653,2004,11,8,10,0,1,0,0,0,0,0,0
5825,1.3,836,4.5,740,255,987,117.0,1046,672,12.4,44.1,0.6324,2004,11,8,11,0,1,0,0,0,0,0,0
5826,1.2,827,5.1,768,233,972,103.0,1040,671,13.0,40.1,0.5989,2004,11,8,12,0,1,0,0,0,0,0,0
5827,1.3,819,6.0,810,220,947,100.0,1027,631,13.4,36.3,0.5556,2004,11,8,13,0,1,0,0,0,0,0,0
5828,1.8,919,10.0,978,246,820,105.0,1180,805,13.1,38.5,0.5776,2004,11,8,14,0,1,0,0,0,0,0,0
5829,1.7,897,7.8,890,272,850,121.0,1139,808,11.5,46.4,0.6302,2004,11,8,15,0,1,0,0,0,0,0,0
5830,2.2,973,11.2,1023,358,780,132.0,1226,964,13.1,40.4,0.606,2004,11,8,16,0,1,0,0,0,0,0,0
5831,3.2,1065,17.0,1211,514,669,156.0,1364,1188,13.0,39.3,0.5877,2004,11,8,17,0,1,0,0,0,0,0,0
5838,5.475,858,4.9,760,616,940,155.8235294117647,1049,873,7.1,63.6,0.6442,2004,11,9,0,0,0,1,0,0,0,0,0
5839,5.25,821,3.7,696,595,1032,151.29411764705884,1013,783,7.2,62.2,0.6362,2004,11,9,1,0,0,1,0,0,0,0,0
5840,5.0249999999999995,781,2.9,645,574,1088,146.76470588235293,986,719,5.6,67.9,0.6247,2004,11,9,2,0,0,1,0,0,0,0,0
5841,4.8,741,1.9,580,554,1224,142.23529411764707,952,660,5.1,68.7,0.6077,2004,11,9,3,0,0,1,0,0,0,0,0
5842,4.574999999999999,720,1.4,540,533,1296,137.70588235294116,938,613,4.4,71.4,0.6024,2004,11,9,4,0,0,1,0,0,0,0,0
5843,4.35,733,1.9,574,512,1238,133.1764705882353,964,627,4.1,73.1,0.6074,2004,11,9,5,0,0,1,0,0,0,0,0
5844,4.125,780,3.2,666,491,1099,128.64705882352942,1003,697,3.2,76.8,0.5963,2004,11,9,6,0,0,1,0,0,0,0,0
5845,3.8999999999999995,915,7.4,873,470,873,124.11764705882354,1135,915,3.7,76.2,0.6137,2004,11,9,7,0,0,1,0,0,0,0,0
5846,3.6749999999999994,1228,22.4,1362,449,575,119.58823529411765,1543,1399,4.9,70.7,0.6193,2004,11,9,8,0,0,1,0,0,0,0,0
5847,3.4499999999999997,1239,22.8,1373,428,550,115.05882352941177,1593,1495,7.1,62.0,0.6265,2004,11,9,9,0,0,1,0,0,0,0,0
5848,3.2249999999999996,1209,18.5,1255,407,588,110.52941176470588,1447,1499,8.1,59.1,0.6397,2004,11,9,10,0,0,1,0,0,0,0,0
5849,2.9999999999999996,1257,20.4,1308,387,548,106.0,1466,1720,11.1,48.8,0.643,2004,11,9,11,0,0,1,0,0,0,0,0
5850,2.7749999999999995,1007,10.6,1000,366,727,101.47058823529412,1197,1210,11.3,46.5,0.6194,2004,11,9,12,0,0,1,0,0,0,0,0
5851,2.55,1020,11.8,1041,345,733,96.94117647058823,1245,1123,12.5,42.3,0.6104,2004,11,9,13,0,0,1,0,0,0,0,0
5852,2.3249999999999993,1094,14.8,1144,324,669,92.41176470588235,1327,1209,12.5,42.8,0.6177,2004,11,9,14,0,0,1,0,0,0,0,0
5853,2.1,1045,13.1,1087,303,712,87.88235294117648,1270,1144,12.6,42.4,0.6159,2004,11,9,15,0,0,1,0,0,0,0,0
5854,1.5,909,7.5,879,282,874,83.3529411764706,1083,847,13.8,40.7,0.6405,2004,11,9,16,0,0,1,0,0,0,0,0
5855,1.6,1013,8.1,905,261,816,78.82352941176471,1201,923,11.0,58.8,0.7705,2004,11,9,17,0,0,1,0,0,0,0,0
5856,3.5,1236,16.9,1206,240,615,74.29411764705883,1523,1166,8.3,76.5,0.8426,2004,11,9,18,0,0,1,0,0,0,0,0
5857,4.6,1275,19.9,1294,219,570,69.76470588235294,1605,1280,8.6,75.5,0.8469,2004,11,9,19,0,0,1,0,0,0,0,0
5858,4.7,1237,16.5,1194,199,615,65.23529411764706,1508,1193,8.8,76.6,0.8678,2004,11,9,20,0,0,1,0,0,0,0,0
5859,3.0,1101,9.6,963,178,748,60.705882352941174,1320,966,8.0,81.0,0.8714,2004,11,9,21,0,0,1,0,0,0,0,0
5860,1.5,962,5.3,778,157,911,56.176470588235304,1162,752,7.3,85.7,0.8818,2004,11,9,22,0,0,1,0,0,0,0,0
5861,0.9,841,3.5,680,136,1052,51.64705882352942,1067,594,6.5,85.6,0.8353,2004,11,9,23,0,0,1,0,0,0,0,0
5862,0.8,831,2.5,620,115,1164,47.117647058823536,1039,545,6.5,83.5,0.8116,2004,11,10,0,0,0,0,1,0,0,0,0
5863,0.7,843,2.5,622,94,1146,42.58823529411765,1060,555,6.9,82.3,0.8244,2004,11,10,1,0,0,0,1,0,0,0,0
5864,0.6,798,2.2,600,73,1151,38.05882352941177,1049,543,7.3,78.1,0.8041,2004,11,10,2,0,0,0,1,0,0,0,0
5865,0.3,730,0.8,477,52,1433,33.529411764705884,950,420,7.9,68.0,0.7265,2004,11,10,3,0,0,0,1,0,0,0,0
5868,0.3,771,0.9,490,48,1419,39.0,990,411,6.3,84.8,0.8148,2004,11,10,6,0,0,0,1,0,0,0,0
5869,0.5,805,1.6,555,113,1255,72.0,1019,496,6.7,79.8,0.7872,2004,11,10,7,0,0,0,1,0,0,0,0
5870,1.4,958,5.8,803,267,910,128.0,1172,738,7.1,77.9,0.7914,2004,11,10,8,0,0,0,1,0,0,0,0
5871,2.0,1021,9.5,959,332,760,149.0,1297,910,7.9,73.5,0.7883,2004,11,10,9,0,0,0,1,0,0,0,0
5872,1.6,969,6.7,843,354,857,165.0,1213,821,6.9,86.0,0.8632,2004,11,10,10,0,0,0,1,0,0,0,0
5873,1.3,923,4.4,733,316,962,150.0,1124,740,6.8,87.1,0.8652,2004,11,10,11,0,0,0,1,0,0,0,0
5874,1.4,973,6.8,850,395,868,165.0,1213,852,8.0,81.6,0.8755,2004,11,10,12,0,0,0,1,0,0,0,0
5875,1.9,996,7.8,893,391,808,175.0,1237,895,9.5,70.0,0.8296,2004,11,10,13,0,0,0,1,0,0,0,0
5876,2.7,1055,10.8,1007,457,736,145.0,1301,1019,10.5,62.2,0.7923,2004,11,10,14,0,0,0,1,0,0,0,0
5877,2.1,1023,9.8,971,448,752,98.0,1283,993,11.4,59.1,0.7963,2004,11,10,15,0,0,0,1,0,0,0,0
5878,2.4,1039,11.3,1024,543,721,105.0,1325,1043,11.1,58.6,0.7737,2004,11,10,16,0,0,0,1,0,0,0,0
5879,2.7,1051,12.3,1061,574,696,106.0,1333,1111,10.8,57.6,0.7473,2004,11,10,17,0,0,0,1,0,0,0,0
5880,2.5,1050,12.6,1070,435,699,141.0,1334,1087,10.6,56.9,0.7281,2004,11,10,18,0,0,0,1,0,0,0,0
5881,3.7,1156,17.0,1209,504,614,177.0,1467,1250,10.6,59.3,0.7588,2004,11,10,19,0,0,0,1,0,0,0,0
5882,4.6,1277,21.4,1335,586,551,182.0,1636,1331,10.0,71.5,0.8768,2004,11,10,20,0,0,0,1,0,0,0,0
5883,3.9,1172,15.3,1159,580,621,193.0,1461,1243,10.3,71.1,0.8878,2004,11,10,21,0,0,0,1,0,0,0,0
5884,2.2,1048,9.9,973,346,731,148.0,1298,1074,10.5,70.3,0.893,2004,11,10,22,0,0,0,1,0,0,0,0
5885,2.7,1144,13.4,1096,531,643,167.0,1394,1258,10.2,71.3,0.8859,2004,11,10,23,0,0,0,1,0,0,0,0
5886,2.6,1104,11.2,1023,477,677,158.0,1314,1189,9.7,73.1,0.8787,2004,11,11,0,0,0,0,0,1,0,0,0
5887,2.1,1038,9.4,957,344,713,132.0,1271,1092,9.3,73.5,0.8651,2004,11,11,1,0,0,0,0,1,0,0,0
5888,1.4,960,6.6,838,219,797,97.0,1189,996,9.2,73.9,0.8616,2004,11,11,2,0,0,0,0,1,0,0,0
5889,1.2,934,5.5,787,196,822,85.5,1147,974,8.1,78.1,0.8452,2004,11,11,3,0,0,0,0,1,0,0,0
5890,1.1,930,5.4,784,174,850,74.0,1151,902,7.6,81.2,0.8483,2004,11,11,4,0,0,0,0,1,0,0,0
5891,1.1,918,5.3,778,165,864,68.0,1136,859,7.5,81.5,0.8495,2004,11,11,5,0,0,0,0,1,0,0,0
5892,1.1,952,6.1,814,250,804,89.0,1153,970,8.3,77.2,0.8464,2004,11,11,6,0,0,0,0,1,0,0,0
5893,1.5,1019,8.1,905,388,757,117.0,1244,1062,8.9,75.6,0.8667,2004,11,11,7,0,0,0,0,1,0,0,0
5899,2.8,1150,13.6,1105,557,629,199.0,1450,1160,12.5,71.3,1.0285,2004,11,11,13,0,0,0,0,1,0,0,0
5901,3.4,1186,14.3,1125,659,617,184.0,1493,1171,12.5,73.2,1.0563,2004,11,11,15,0,0,0,0,1,0,0,0
5902,3.2,1172,13.7,1107,552,629,186.0,1449,1106,12.2,75.7,1.0693,2004,11,11,16,0,0,0,0,1,0,0,0
5903,2.8,1109,11.2,1021,395,689,168.0,1361,1036,11.5,78.1,1.0565,2004,11,11,17,0,0,0,0,1,0,0,0
5904,3.9,1201,16.5,1196,573,597,187.0,1546,1196,11.6,76.0,1.0354,2004,11,11,18,0,0,0,0,1,0,0,0
5905,3.5,1189,16.1,1183,463,603,166.0,1534,1170,12.0,73.3,1.0264,2004,11,11,19,0,0,0,0,1,0,0,0
5906,4.7,1282,20.6,1312,568,551,177.0,1671,1312,12.9,68.8,1.0175,2004,11,11,20,0,0,0,0,1,0,0,0
5908,1.2,904,4.8,754,193,930,114.0,1172,805,12.3,73.4,1.049,2004,11,11,22,0,0,0,0,1,0,0,0
5909,1.1,900,4.0,711,151,975,84.0,1153,736,12.7,71.0,1.0387,2004,11,11,23,0,0,0,0,1,0,0,0
5910,1.2,932,4.5,740,167,926,92.0,1180,774,12.9,69.9,1.0371,2004,11,12,0,0,0,0,0,0,1,0,0
5911,1.6,968,5.4,785,239,872,111.0,1209,826,12.9,70.5,1.0442,2004,11,12,1,0,0,0,0,0,1,0,0
5912,0.7,827,2.4,610,102,1092,71.0,1120,636,13.1,67.7,1.0198,2004,11,12,2,0,0,0,0,0,1,0,0
5913,0.4,789,1.2,515,78,1276,57.0,1054,516,13.1,67.6,1.0127,2004,11,12,3,0,0,0,0,0,1,0,0
5914,0.5,812,1.6,549,55,1213,43.0,1079,531,13.8,64.0,1.0042,2004,11,12,4,0,0,0,0,0,1,0,0
5915,0.6,811,1.7,559,71,1170,50.0,1085,558,13.7,64.4,1.0036,2004,11,12,5,0,0,0,0,0,1,0,0
5916,0.5,827,1.7,560,79,1169,53.0,1087,565,13.9,63.8,1.0079,2004,11,12,6,0,0,0,0,0,1,0,0
5917,0.6,849,2.3,604,117,1086,67.0,1108,604,14.1,64.5,1.0287,2004,11,12,7,0,0,0,0,0,1,0,0
5918,1.4,1001,5.7,798,266,855,113.0,1257,794,14.0,66.1,1.0488,2004,11,12,8,0,0,0,0,0,1,0,0
5919,2.0,1021,7.9,896,340,741,140.0,1314,907,14.2,66.4,1.0673,2004,11,12,9,0,0,0,0,0,1,0,0
5920,1.6,978,6.4,831,257,807,116.0,1257,838,14.9,62.5,1.0529,2004,11,12,10,0,0,0,0,0,1,0,0
5921,1.6,996,6.9,855,311,793,122.0,1277,884,16.3,58.4,1.0729,2004,11,12,11,0,0,0,0,0,1,0,0
5922,1.7,1014,6.7,843,279,791,116.0,1297,866,16.9,56.5,1.0801,2004,11,12,12,0,0,0,0,0,1,0,0
5923,2.0,1061,8.7,928,267,730,118.0,1366,909,17.4,55.8,1.098,2004,11,12,13,0,0,0,0,0,1,0,0
5924,2.3,1092,9.9,975,310,690,125.0,1418,990,17.4,57.3,1.1328,2004,11,12,14,0,0,0,0,0,1,0,0
5925,2.4,1129,11.4,1028,352,661,126.0,1480,1050,17.7,55.5,1.1127,2004,11,12,15,0,0,0,0,0,1,0,0
5926,2.2,1077,9.8,969,337,690,135.0,1405,1023,16.8,58.9,1.1199,2004,11,12,16,0,0,0,0,0,1,0,0
5927,2.6,1153,12.9,1079,358,635,140.0,1496,1103,17.0,57.5,1.1071,2004,11,12,17,0,0,0,0,0,1,0,0
5928,4.0,1234,16.6,1197,547,575,163.0,1597,1239,16.2,60.2,1.1003,2004,11,12,18,0,0,0,0,0,1,0,0
5929,5.2,1319,20.8,1319,600,539,178.0,1735,1384,16.7,58.0,1.0916,2004,11,12,19,0,0,0,0,0,1,0,0
5930,3.9,1251,18.8,1264,470,561,160.0,1677,1289,16.5,58.8,1.0921,2004,11,12,20,0,0,0,0,0,1,0,0
5931,3.8,1165,12.6,1070,522,650,166.0,1467,1180,15.8,61.1,1.0856,2004,11,12,21,0,0,0,0,0,1,0,0
5932,1.6,954,5.9,807,208,833,115.0,1243,855,15.7,60.8,1.0769,2004,11,12,22,0,0,0,0,0,1,0,0
5933,1.5,971,6.1,818,205,828,107.0,1252,857,15.9,59.6,1.0673,2004,11,12,23,0,0,0,0,0,1,0,0
5934,1.6,961,5.0,765,217,865,108.0,1212,811,15.6,60.0,1.0594,2004,11,13,0,1,0,0,0,0,0,1,0
5935,1.5,952,4.9,758,216,876,111.0,1203,794,15.6,60.1,1.0557,2004,11,13,1,1,0,0,0,0,0,1,0
5936,1.0,875,2.7,635,117,1037,75.0,1133,612,15.7,59.5,1.0534,2004,11,13,2,1,0,0,0,0,0,1,0
5937,0.8,891,2.7,633,145,1035,81.5,1137,590,15.7,60.1,1.064,2004,11,13,3,1,0,0,0,0,0,1,0
5938,1.3,1006,5.0,765,174,848,88.0,1239,807,15.6,61.7,1.0847,2004,11,13,4,1,0,0,0,0,0,1,0
5939,1.0,907,3.7,691,111,927,71.0,1173,702,15.8,59.9,1.0693,2004,11,13,5,1,0,0,0,0,0,1,0
5940,1.0,938,3.8,702,147,904,75.0,1185,753,15.2,61.8,1.0602,2004,11,13,6,1,0,0,0,0,0,1,0
5941,0.9,925,3.3,672,140,991,86.0,1154,709,16.1,55.4,1.0089,2004,11,13,7,1,0,0,0,0,0,1,0
5942,2.1,1157,9.7,967,421,678,124.0,1365,1087,14.9,64.1,1.0773,2004,11,13,8,1,0,0,0,0,0,1,0
5943,2.1,1169,10.7,1003,350,665,128.0,1409,1126,15.6,62.0,1.0904,2004,11,13,9,1,0,0,0,0,0,1,0
5944,3.1,1312,14.7,1139,550,565,164.0,1568,1386,17.9,54.6,1.11,2004,11,13,10,1,0,0,0,0,0,1,0
5945,3.8,1347,17.6,1227,589,539,199.0,1627,1476,21.1,44.5,1.0964,2004,11,13,11,1,0,0,0,0,0,1,0
5946,3.7,1321,17.5,1224,537,543,192.0,1617,1424,20.3,46.7,1.0971,2004,11,13,12,1,0,0,0,0,0,1,0
5947,3.6,1267,14.1,1118,473,592,166.0,1503,1310,21.5,42.7,1.0837,2004,11,13,13,1,0,0,0,0,0,1,0
5948,3.3,1234,12.1,1053,364,639,133.0,1476,1114,21.5,43.1,1.0919,2004,11,13,14,1,0,0,0,0,0,1,0
5949,2.1,1101,9.2,947,270,699,118.0,1374,1029,21.5,43.4,1.0965,2004,11,13,15,1,0,0,0,0,0,1,0
5950,2.3,1149,10.6,998,368,664,133.0,1434,1101,20.8,45.5,1.1054,2004,11,13,16,1,0,0,0,0,0,1,0
5951,2.1,1094,9.0,941,318,695,128.0,1371,1040,19.2,49.6,1.0893,2004,11,13,17,1,0,0,0,0,0,1,0
5952,1.9,1056,7.5,878,244,758,116.0,1308,856,18.3,51.6,1.0732,2004,11,13,18,1,0,0,0,0,0,1,0
5953,1.9,1030,8.0,899,234,767,118.0,1275,836,17.7,51.5,1.0357,2004,11,13,19,1,0,0,0,0,0,1,0
5954,2.3,1075,9.1,943,296,752,142.0,1305,894,17.2,51.5,1.0015,2004,11,13,20,1,0,0,0,0,0,1,0
5955,1.7,927,4.7,748,205,888,113.0,1157,696,15.9,54.9,0.9853,2004,11,13,21,1,0,0,0,0,0,1,0
5956,0.8,793,1.8,570,95,1143,59.0,1036,524,14.0,55.2,0.8807,2004,11,13,22,1,0,0,0,0,0,1,0
5957,0.8,796,2.1,589,93,1136,52.0,1026,506,13.3,53.0,0.8044,2004,11,13,23,1,0,0,0,0,0,1,0
5958,0.8,780,1.8,568,100,1190,57.0,997,453,11.9,55.5,0.7711,2004,11,14,0,1,0,0,0,0,0,0,1
5959,0.8,774,1.8,569,100,1222,58.0,984,434,11.4,54.6,0.7363,2004,11,14,1,1,0,0,0,0,0,0,1
5960,0.6,718,1.0,500,63,1401,44.0,914,373,10.4,53.7,0.6749,2004,11,14,2,1,0,0,0,0,0,0,1
5981,0.8,741,2.3,607,128,1312,73.0,865,433,11.3,32.3,0.4329,2004,11,14,23,1,0,0,0,0,0,0,1
5982,0.6,696,1.3,532,96,1416,62.0,814,393,10.9,33.5,0.4378,2004,11,15,0,0,1,0,0,0,0,0,0
5989,0.7,767,2.0,588,181,1292,94.0,885,508,10.5,37.0,0.4707,2004,11,15,7,0,1,0,0,0,0,0,0
5990,2.0,964,8.7,928,480,871,167.0,1130,936,10.7,37.9,0.487,2004,11,15,8,0,1,0,0,0,0,0,0
5991,2.4,925,8.6,923,442,841,162.0,1115,944,11.1,38.1,0.5023,2004,11,15,9,0,1,0,0,0,0,0,0
5992,1.8,883,6.8,849,361,910,141.0,1053,843,12.6,36.6,0.5314,2004,11,15,10,0,1,0,0,0,0,0,0
5993,1.6,894,6.2,820,288,932,127.0,1072,820,13.8,36.2,0.569,2004,11,15,11,0,1,0,0,0,0,0,0
5994,1.7,881,6.4,831,330,911,116.0,1074,793,13.4,37.1,0.5683,2004,11,15,12,0,1,0,0,0,0,0,0
5995,1.8,867,6.7,842,300,909,104.0,1077,737,13.5,34.9,0.5393,2004,11,15,13,0,1,0,0,0,0,0,0
5996,1.7,856,6.2,821,239,937,111.0,1043,718,13.7,32.2,0.5032,2004,11,15,14,0,1,0,0,0,0,0,0
5997,1.7,862,6.7,843,265,930,114.0,1032,743,13.6,32.1,0.4977,2004,11,15,15,0,1,0,0,0,0,0,0
5998,1.7,891,7.8,891,287,874,121.0,1077,848,13.5,31.8,0.4876,2004,11,15,16,0,1,0,0,0,0,0,0
5999,2.6,931,11.5,1032,403,795,164.0,1098,991,13.5,27.9,0.4287,2004,11,15,17,0,1,0,0,0,0,0,0
6000,4.0,1025,16.7,1202,515,691,194.0,1263,1191,12.7,28.9,0.4233,2004,11,15,18,0,1,0,0,0,0,0,0
6001,3.8,1029,16.6,1198,446,694,175.0,1305,1169,12.6,30.2,0.4384,2004,11,15,19,0,1,0,0,0,0,0,0
6002,4.0,1038,16.3,1190,501,685,180.0,1291,1167,12.3,32.0,0.4553,2004,11,15,20,0,1,0,0,0,0,0,0
6003,2.4,904,8.6,924,355,846,147.0,1083,966,12.0,34.3,0.4787,2004,11,15,21,0,1,0,0,0,0,0,0
6004,1.4,844,5.4,782,217,969,112.0,1003,796,11.6,37.3,0.5095,2004,11,15,22,0,1,0,0,0,0,0,0
6005,1.3,839,4.0,711,180,1029,94.0,990,712,11.3,40.3,0.5406,2004,11,15,23,0,1,0,0,0,0,0,0
6006,1.3,844,3.9,705,167,1035,91.0,986,701,11.3,41.8,0.561,2004,11,16,0,0,0,1,0,0,0,0,0
6007,1.0,800,2.8,641,126,1113,76.0,957,591,11.2,42.0,0.5582,2004,11,16,1,0,0,1,0,0,0,0,0
6008,0.8,786,2.2,596,113,1178,73.0,937,609,11.0,42.6,0.5595,2004,11,16,2,0,0,1,0,0,0,0,0
6009,0.6,737,0.9,492,75,1391,52.5,880,467,11.2,41.3,0.5498,2004,11,16,3,0,0,1,0,0,0,0,0
6012,0.5,778,1.2,517,96,1330,63.0,890,510,10.2,43.6,0.5405,2004,11,16,6,0,0,1,0,0,0,0,0
6013,0.9,867,3.3,669,271,1069,119.0,981,779,10.1,44.0,0.5434,2004,11,16,7,0,0,1,0,0,0,0,0
6018,2.6,982,10.7,1003,498,1037,189.0,1117,1072,17.2,22.4,0.4354,2004,11,16,12,0,0,1,0,0,0,0,0
6019,2.5,948,11.1,1017,389,1065,147.0,1077,929,17.3,20.4,0.4011,2004,11,16,13,0,0,1,0,0,0,0,0
6020,2.8,1017,11.7,1039,457,769,161.0,1149,1024,18.1,21.0,0.4321,2004,11,16,14,0,0,1,0,0,0,0,0
6021,2.2,985,10.9,1011,425,779,148.0,1138,1010,17.9,22.3,0.4537,2004,11,16,15,0,0,1,0,0,0,0,0
6022,2.4,1017,11.4,1029,483,768,148.0,1160,1046,17.6,23.7,0.473,2004,11,16,16,0,0,1,0,0,0,0,0
6023,3.5,1121,16.3,1190,604,673,188.0,1297,1264,16.7,25.9,0.4886,2004,11,16,17,0,0,1,0,0,0,0,0
6024,4.2,1129,18.5,1255,648,634,206.0,1370,1365,14.8,29.6,0.4965,2004,11,16,18,0,0,1,0,0,0,0,0
6025,3.1,1101,14.5,1134,427,683,168.0,1283,1281,13.6,34.0,0.5251,2004,11,16,19,0,0,1,0,0,0,0,0
6026,3.2,1182,15.8,1175,461,637,171.0,1363,1463,13.4,40.4,0.6178,2004,11,16,20,0,0,1,0,0,0,0,0
6027,2.8,1144,13.2,1091,436,671,171.0,1295,1388,11.8,44.3,0.6121,2004,11,16,21,0,0,1,0,0,0,0,0
6028,2.2,1046,7.8,890,300,791,142.0,1109,1195,10.7,47.5,0.6108,2004,11,16,22,0,0,1,0,0,0,0,0
6029,1.8,990,6.1,817,277,849,134.0,1071,1111,10.2,49.4,0.6138,2004,11,16,23,0,0,1,0,0,0,0,0
6030,1.7,974,5.0,764,196,910,107.0,1029,992,9.5,51.0,0.6045,2004,11,17,0,0,0,0,1,0,0,0,0
6031,1.6,953,5.3,778,277,885,121.0,1051,1019,7.7,57.9,0.6107,2004,11,17,1,0,0,0,1,0,0,0,0
6032,1.1,868,2.9,647,131,1054,85.0,962,828,8.4,54.5,0.6022,2004,11,17,2,0,0,0,1,0,0,0,0
6033,0.8,833,1.9,574,114,1150,76.5,930,752,7.9,55.4,0.593,2004,11,17,3,0,0,0,1,0,0,0,0
6034,0.7,786,1.2,522,97,1253,68.0,910,699,6.2,61.0,0.5824,2004,11,17,4,0,0,0,1,0,0,0,0
6035,0.8,834,1.6,551,105,1193,69.0,917,719,6.8,58.6,0.5813,2004,11,17,5,0,0,0,1,0,0,0,0
6036,0.9,845,2.0,583,138,1132,81.0,929,761,5.7,62.7,0.5801,2004,11,17,6,0,0,0,1,0,0,0,0
6037,1.2,929,4.0,713,183,987,92.0,1002,830,5.9,62.0,0.5811,2004,11,17,7,0,0,0,1,0,0,0,0
6038,3.3,1234,15.4,1161,664,629,200.0,1386,1318,6.3,61.7,0.5926,2004,11,17,8,0,0,0,1,0,0,0,0
6039,3.8,1270,19.0,1267,611,565,201.0,1434,1482,7.5,58.8,0.6117,2004,11,17,9,0,0,0,1,0,0,0,0
6040,3.2,1241,14.6,1135,600,622,213.0,1280,1474,11.4,45.4,0.6113,2004,11,17,10,0,0,0,1,0,0,0,0
6052,2.6,1127,9.2,948,427,703,198.0,1188,1312,10.5,61.1,0.7755,2004,11,17,22,0,0,0,1,0,0,0,0
6053,2.3,1096,7.1,860,274,777,145.0,1131,1179,9.7,62.5,0.7509,2004,11,17,23,0,0,0,1,0,0,0,0
6054,2.7,1119,8.2,908,387,735,167.0,1173,1197,8.8,65.5,0.7435,2004,11,18,0,0,0,0,0,1,0,0,0
6055,2.2,999,5.1,771,235,864,127.0,1068,995,8.8,63.8,0.7236,2004,11,18,1,0,0,0,0,1,0,0,0
6056,2.0,987,5.6,794,225,852,119.0,1106,971,8.5,65.0,0.7221,2004,11,18,2,0,0,0,0,1,0,0,0
6057,1.3,912,3.5,685,205,934,101.5,1050,876,7.5,69.3,0.7201,2004,11,18,3,0,0,0,0,1,0,0,0
6058,1.2,893,3.8,701,185,935,84.0,1045,844,6.4,74.0,0.7134,2004,11,18,4,0,0,0,0,1,0,0,0
6059,1.1,878,3.6,687,212,964,89.0,1035,813,5.9,76.6,0.7179,2004,11,18,5,0,0,0,0,1,0,0,0
6060,1.4,996,6.6,841,358,797,122.0,1127,1005,6.1,76.7,0.7271,2004,11,18,6,0,0,0,0,1,0,0,0
6061,2.1,1119,9.9,974,531,710,162.0,1224,1170,6.8,74.5,0.7415,2004,11,18,7,0,0,0,0,1,0,0,0
6067,3.6,1282,13.8,1111,570,586,208.0,1455,1428,18.3,50.0,1.0431,2004,11,18,13,0,0,0,0,1,0,0,0
6068,3.2,1271,15.3,1157,384,572,187.0,1483,1353,18.8,49.2,1.0548,2004,11,18,14,0,0,0,0,1,0,0,0
6069,3.1,1321,15.9,1178,381,552,182.0,1539,1491,18.4,49.6,1.0391,2004,11,18,15,0,0,0,0,1,0,0,0
6070,3.8,1362,17.4,1223,541,535,212.0,1597,1517,18.3,51.0,1.0586,2004,11,18,16,0,0,0,0,1,0,0,0
6071,3.9,1316,17.6,1228,484,540,174.0,1610,1413,17.6,53.1,1.0596,2004,11,18,17,0,0,0,0,1,0,0,0
6072,4.6,1374,20.4,1307,549,521,220.0,1709,1429,17.3,53.6,1.0472,2004,11,18,18,0,0,0,0,1,0,0,0
6073,4.9,1388,22.6,1367,596,500,214.0,1722,1503,16.8,55.2,1.048,2004,11,18,19,0,0,0,0,1,0,0,0
6074,5.4,1422,25.1,1432,620,474,212.0,1852,1636,16.6,56.5,1.0551,2004,11,18,20,0,0,0,0,1,0,0,0
6075,4.3,1281,17.2,1216,542,548,191.0,1604,1687,16.3,58.1,1.0648,2004,11,18,21,0,0,0,0,1,0,0,0
6076,3.1,1192,11.7,1040,381,640,160.0,1441,1405,15.9,59.0,1.059,2004,11,18,22,0,0,0,0,1,0,0,0
6077,2.5,1108,9.2,945,270,692,130.0,1355,1199,15.9,59.4,1.0628,2004,11,18,23,0,0,0,0,1,0,0,0
6078,2.4,1071,7.7,885,284,740,133.0,1298,1090,15.7,60.9,1.0774,2004,11,19,0,0,0,0,0,0,1,0,0
6079,1.9,999,5.6,793,204,817,110.0,1242,898,16.1,59.5,1.0811,2004,11,19,1,0,0,0,0,0,1,0,0
6080,1.3,925,3.3,670,93,940,65.0,1173,663,15.5,63.8,1.1119,2004,11,19,2,0,0,0,0,0,1,0,0
6081,1.2,886,2.3,608,72,1013,53.0,1143,611,14.9,65.3,1.1018,2004,11,19,3,0,0,0,0,0,1,0,0
6082,1.1,888,2.1,590,51,1009,41.0,1152,625,14.7,64.4,1.0704,2004,11,19,4,0,0,0,0,0,1,0,0
6083,0.9,863,1.3,531,45,1097,36.0,1095,606,14.7,59.8,0.9968,2004,11,19,5,0,0,0,0,0,1,0,0
6084,1.0,870,1.6,550,68,1126,45.0,1078,515,15.4,55.9,0.9722,2004,11,19,6,0,0,0,0,0,1,0,0
6085,1.6,1043,5.3,776,198,800,98.0,1248,826,14.5,63.0,1.0319,2004,11,19,7,0,0,0,0,0,1,0,0
6086,4.8,1478,20.5,1310,633,492,194.0,1775,1542,14.7,63.1,1.0513,2004,11,19,8,0,0,0,0,0,1,0,0
6088,5.6,1354,16.7,1201,588,529,193.0,1593,1538,16.1,59.2,1.0736,2004,11,19,10,0,0,0,0,0,1,0,0
6089,3.5,1290,13.8,1110,612,571,231.0,1512,1441,17.0,55.9,1.0741,2004,11,19,11,0,0,0,0,0,1,0,0
6090,2.8,1203,11.8,1043,428,617,202.0,1470,1217,17.6,52.2,1.0396,2004,11,19,12,0,0,0,0,0,1,0,0
6091,3.6,1298,15.2,1156,463,549,188.0,1582,1320,17.3,55.4,1.0836,2004,11,19,13,0,0,0,0,0,1,0,0
6092,4.8,1352,17.9,1236,479,522,184.0,1659,1368,17.8,53.5,1.0833,2004,11,19,14,0,0,0,0,0,1,0,0
6093,5.0,1247,14.8,1142,469,574,222.0,1547,1199,18.3,52.3,1.0922,2004,11,19,15,0,0,0,0,0,1,0,0
6094,5.6,1375,18.3,1247,583,531,221.0,1650,1375,18.3,52.8,1.1016,2004,11,19,16,0,0,0,0,0,1,0,0
6099,4.3,837,6.5,835,390,896,146.0,960,1078,14.2,27.7,0.4451,2004,11,19,21,0,0,0,0,0,1,0,0
6100,2.6,667,3.6,689,207,1210,120.0,709,620,13.4,14.3,0.2185,2004,11,19,22,0,0,0,0,0,1,0,0
6101,2.6,695,4.0,711,204,1193,110.0,739,645,12.8,14.8,0.218,2004,11,19,23,0,0,0,0,0,1,0,0
6102,2.7,683,3.6,686,243,1240,121.0,702,627,12.2,14.0,0.1988,2004,11,20,0,1,0,0,0,0,0,1,0
6103,2.7,695,4.0,709,264,1236,126.0,717,645,12.0,14.5,0.2029,2004,11,20,1,1,0,0,0,0,0,1,0
6104,2.6,703,3.5,685,215,1218,117.0,734,641,10.8,17.0,0.2193,2004,11,20,2,1,0,0,0,0,0,1,0
6105,2.4,698,2.4,614,180,1286,105.5,718,591,10.4,19.2,0.242,2004,11,20,3,1,0,0,0,0,0,1,0
6106,1.5,714,2.3,605,146,1278,94.0,738,594,9.7,22.5,0.2698,2004,11,20,4,1,0,0,0,0,0,1,0
6107,0.6,692,1.5,546,92,1347,70.0,697,500,9.0,23.1,0.2648,2004,11,20,5,1,0,0,0,0,0,1,0
6108,0.7,729,2.8,639,174,1234,96.0,773,628,8.7,24.7,0.2785,2004,11,20,6,1,0,0,0,0,0,1,0
6109,1.2,880,6.0,812,294,928,136.0,954,1040,6.9,39.4,0.3948,2004,11,20,7,1,0,0,0,0,0,1,0
6110,2.0,974,11.1,1019,412,769,177.0,1122,1159,6.3,44.8,0.431,2004,11,20,8,1,0,0,0,0,0,1,0
6111,2.8,1086,15.3,1157,573,674,214.0,1237,1330,7.2,43.2,0.4417,2004,11,20,9,1,0,0,0,0,0,1,0
6112,2.9,1087,17.1,1213,661,668,243.0,1216,1402,11.9,27.9,0.3882,2004,11,20,10,1,0,0,0,0,0,1,0
6113,2.2,933,10.3,990,555,849,192.0,956,1104,14.8,17.9,0.2977,2004,11,20,11,1,0,0,0,0,0,1,0
6114,1.6,852,8.5,919,363,967,149.0,831,855,14.8,14.3,0.2397,2004,11,20,12,1,0,0,0,0,0,1,0
6115,1.5,882,10.4,993,302,902,141.0,941,862,14.7,15.5,0.2586,2004,11,20,13,1,0,0,0,0,0,1,0
6116,1.9,888,10.9,1009,340,866,137.0,937,973,14.7,16.6,0.2756,2004,11,20,14,1,0,0,0,0,0,1,0
6117,1.5,878,10.6,1000,306,880,138.0,942,936,14.8,15.6,0.2615,2004,11,20,15,1,0,0,0,0,0,1,0
6118,1.8,892,11.1,1018,377,879,149.0,931,1009,15.3,14.3,0.2462,2004,11,20,16,1,0,0,0,0,0,1,0
6119,3.4,1117,21.1,1327,625,692,196.0,1302,1475,13.5,19.5,0.3003,2004,11,20,17,1,0,0,0,0,0,1,0
6121,1.6,1012,10.6,999,421,785,164.0,1057,1329,10.2,33.4,0.4143,2004,11,20,19,1,0,0,0,0,0,1,0
6122,1.2,1025,8.4,916,294,832,149.0,1018,1262,9.5,35.9,0.4273,2004,11,20,20,1,0,0,0,0,0,1,0
6123,1.2,1033,7.6,881,339,855,159.0,999,1230,8.0,39.8,0.4286,2004,11,20,21,1,0,0,0,0,0,1,0
6124,0.9,1008,7.1,861,260,858,149.0,991,1229,6.6,44.1,0.4333,2004,11,20,22,1,0,0,0,0,0,1,0
6125,0.7,992,7.2,867,256,876,133.0,997,1196,6.1,45.2,0.4295,2004,11,20,23,1,0,0,0,0,0,1,0
6126,2.5,1187,13.9,1114,572,700,216.0,1193,1433,5.2,50.8,0.452,2004,11,21,0,1,0,0,0,0,0,0,1
6127,1.5,1065,9.7,968,428,808,196.0,1059,1249,4.9,53.0,0.4629,2004,11,21,1,1,0,0,0,0,0,0,1
6128,0.5,889,4.9,760,195,968,120.0,919,983,5.3,48.7,0.4364,2004,11,21,2,1,0,0,0,0,0,0,1
6129,0.3,901,5.1,767,177,961,110.5,944,965,4.2,53.6,0.4454,2004,11,21,3,1,0,0,0,0,0,0,1
6130,0.5,875,5.6,795,160,928,101.0,965,932,3.1,56.3,0.4368,2004,11,21,4,1,0,0,0,0,0,0,1
6131,0.1,808,2.8,636,101,1120,75.0,862,770,4.1,52.2,0.4338,2004,11,21,5,1,0,0,0,0,0,0,1
6132,0.2,858,2.7,633,97,1136,73.0,878,788,3.5,55.9,0.4431,2004,11,21,6,1,0,0,0,0,0,0,1
6133,0.2,819,3.6,690,127,1051,84.0,907,819,1.8,61.7,0.4376,2004,11,21,7,1,0,0,0,0,0,0,1
6134,0.2,862,4.9,757,227,983,116.0,938,879,1.3,65.3,0.4457,2004,11,21,8,1,0,0,0,0,0,0,1
6135,0.5,877,5.6,793,253,944,132.0,951,924,3.2,57.0,0.4434,2004,11,21,9,1,0,0,0,0,0,0,1
6136,0.4,941,6.4,832,234,914,125.0,970,964,7.2,42.8,0.4356,2004,11,21,10,1,0,0,0,0,0,0,1
6137,0.8,983,6.8,846,291,871,148.0,996,1055,10.3,34.2,0.4291,2004,11,21,11,1,0,0,0,0,0,0,1
6138,1.5,1067,10.1,981,402,755,186.0,1104,1383,10.9,33.8,0.4393,2004,11,21,12,1,0,0,0,0,0,0,1
6139,1.9,1100,11.2,1022,492,752,193.0,1101,1367,12.2,30.0,0.4245,2004,11,21,13,1,0,0,0,0,0,0,1
6140,1.1,958,8.7,928,351,841,174.0,986,1120,13.3,24.3,0.3686,2004,11,21,14,1,0,0,0,0,0,0,1
6141,0.3,866,5.0,763,160,1018,106.0,859,775,15.2,18.7,0.3214,2004,11,21,15,1,0,0,0,0,0,0,1
6142,0.9,1018,8.2,907,292,889,127.0,981,1150,14.9,21.7,0.3646,2004,11,21,16,1,0,0,0,0,0,0,1
6143,2.1,1175,12.7,1074,537,748,172.0,1134,1528,13.1,25.4,0.3814,2004,11,21,17,1,0,0,0,0,0,0,1
6144,2.4,1197,10.9,1012,607,717,179.0,1103,1655,11.7,32.7,0.4472,2004,11,21,18,1,0,0,0,0,0,0,1
6145,1.6,1110,7.4,872,308,822,150.0,971,1393,10.1,34.4,0.4249,2004,11,21,19,1,0,0,0,0,0,0,1
6146,1.1,1060,6.3,825,277,854,147.0,967,1338,9.8,36.0,0.4364,2004,11,21,20,1,0,0,0,0,0,0,1
6147,1.3,1136,7.7,885,348,806,163.0,1006,1403,7.1,43.2,0.436,2004,11,21,21,1,0,0,0,0,0,0,1
6148,0.8,1049,7.2,864,267,818,145.0,1010,1327,5.9,47.8,0.4459,2004,11,21,22,1,0,0,0,0,0,0,1
6149,1.0,1053,7.0,859,399,810,186.0,1008,1346,5.3,50.5,0.453,2004,11,21,23,1,0,0,0,0,0,0,1
6150,0.3,970,5.0,763,163,917,116.0,930,1132,5.6,48.0,0.4412,2004,11,22,0,0,1,0,0,0,0,0,0
6151,1.0,1049,8.2,907,297,795,145.0,1038,1209,3.9,55.9,0.4568,2004,11,22,1,0,1,0,0,0,0,0,0
6152,0.4,919,5.0,761,212,911,122.0,942,1044,3.3,58.0,0.4551,2004,11,22,2,0,1,0,0,0,0,0,0
6153,0.1,870,3.5,684,146,997,95.0,895,936,3.7,56.3,0.4544,2004,11,22,3,0,1,0,0,0,0,0,0
6154,0.1,814,2.0,587,81,1146,68.0,876,840,4.2,54.8,0.4571,2004,11,22,4,0,1,0,0,0,0,0,0
6155,0.1,820,2.3,604,116,1127,80.0,874,847,2.6,60.8,0.4544,2004,11,22,5,0,1,0,0,0,0,0,0
6156,0.1,897,4.2,722,201,987,108.0,953,959,3.7,57.9,0.4651,2004,11,22,6,0,1,0,0,0,0,0,0
6157,0.4,988,6.8,850,333,861,149.0,1030,1133,4.5,54.8,0.466,2004,11,22,7,0,1,0,0,0,0,0,0
6172,2.4,1392,16.9,1206,650,521,164.0,1347,2199,8.5,57.8,0.6432,2004,11,22,22,0,1,0,0,0,0,0,0
6173,1.7,1335,13.9,1112,444,570,130.0,1331,1861,7.7,71.1,0.7503,2004,11,22,23,0,1,0,0,0,0,0,0
6174,1.3,1285,11.6,1037,370,610,121.0,1277,1751,7.9,72.5,0.7766,2004,11,23,0,0,0,1,0,0,0,0,0
6175,1.1,1267,10.8,1008,349,628,118.0,1264,1652,8.0,75.3,0.8079,2004,11,23,1,0,0,1,0,0,0,0,0
6176,0.8,1176,8.8,930,287,679,113.0,1216,1455,8.0,76.2,0.8217,2004,11,23,2,0,0,1,0,0,0,0,0
6177,0.3,1079,6.0,812,256,782,103.5,1158,1158,7.8,81.3,0.8631,2004,11,23,3,0,0,1,0,0,0,0,0
6178,0.8,1084,6.1,816,226,776,94.0,1165,1126,7.9,81.8,0.8759,2004,11,23,4,0,0,1,0,0,0,0,0
6179,1.3,1091,6.4,829,238,755,92.0,1177,1126,8.2,81.4,0.888,2004,11,23,5,0,0,1,0,0,0,0,0
6180,1.4,1126,7.7,886,316,713,98.0,1225,1158,8.5,81.1,0.8989,2004,11,23,6,0,0,1,0,0,0,0,0
6181,2.1,1210,10.0,978,508,666,111.0,1332,1237,8.9,79.3,0.9088,2004,11,23,7,0,0,1,0,0,0,0,0
6199,2.8,1270,13.4,1098,558,572,123.0,1420,1463,10.0,83.6,1.0235,2004,11,24,1,0,0,0,1,0,0,0,0
6200,2.3,1163,10.1,980,467,654,106.0,1327,1299,10.4,80.8,1.0191,2004,11,24,2,0,0,0,1,0,0,0,0
6201,1.8,1130,8.4,915,381,697,93.5,1281,1205,10.6,80.3,1.0252,2004,11,24,3,0,0,0,1,0,0,0,0
6202,1.4,1023,5.4,781,295,809,81.0,1195,1019,10.6,78.8,1.008,2004,11,24,4,0,0,0,1,0,0,0,0
6203,1.0,931,3.4,679,151,947,66.0,1138,867,10.5,77.8,0.9839,2004,11,24,5,0,0,0,1,0,0,0,0
6204,1.0,953,4.1,717,188,907,64.0,1152,911,9.8,79.2,0.9567,2004,11,24,6,0,0,0,1,0,0,0,0
6205,1.8,1108,8.7,927,380,718,86.0,1315,1106,9.5,80.3,0.9532,2004,11,24,7,0,0,0,1,0,0,0,0
6209,3.3,1303,15.1,1153,558,575,116.0,1520,1582,13.3,68.8,1.0505,2004,11,24,11,0,0,0,1,0,0,0,0
6210,2.0,1103,8.8,931,427,711,162.0,1293,1235,15.1,58.3,0.9978,2004,11,24,12,0,0,0,1,0,0,0,0
6211,2.0,1138,9.7,967,317,695,104.0,1332,1195,15.6,56.2,0.9876,2004,11,24,13,0,0,0,1,0,0,0,0
6212,2.9,1278,14.4,1130,436,580,129.0,1506,1471,15.4,59.6,1.0375,2004,11,24,14,0,0,0,1,0,0,0,0
6213,2.7,1292,14.7,1141,490,556,146.0,1498,1582,14.6,63.7,1.0508,2004,11,24,15,0,0,0,1,0,0,0,0
6214,3.4,1374,17.4,1222,602,516,160.0,1582,1671,13.7,66.8,1.0432,2004,11,24,16,0,0,0,1,0,0,0,0
6224,3.0,1091,11.3,1025,533,666,93.0,1262,1130,6.0,83.0,0.78,2004,11,25,2,0,0,0,0,1,0,0,0
6225,2.1,1009,8.7,928,494,754,91.0,1166,983,5.1,84.0,0.7439,2004,11,25,3,0,0,0,0,1,0,0,0
6226,2.2,1050,9.4,956,456,725,89.0,1162,1025,4.3,85.4,0.7152,2004,11,25,4,0,0,0,0,1,0,0,0
6227,2.2,1053,9.4,955,486,710,94.0,1154,1050,4.0,85.7,0.7041,2004,11,25,5,0,0,0,0,1,0,0,0
6228,2.0,1016,9.1,945,498,724,93.0,1147,1038,4.0,84.4,0.6943,2004,11,25,6,0,0,0,0,1,0,0,0
6229,2.2,1057,10.7,1004,585,702,100.0,1204,1080,4.0,83.1,0.682,2004,11,25,7,0,0,0,0,1,0,0,0
6233,2.8,1111,11.8,1042,603,682,171.0,1257,1434,13.6,48.7,0.7547,2004,11,25,11,0,0,0,0,1,0,0,0
6234,2.1,1087,10.6,1000,391,706,127.0,1251,1310,14.6,46.5,0.7687,2004,11,25,12,0,0,0,0,1,0,0,0
6235,2.0,1104,11.4,1028,279,696,109.0,1263,1227,15.4,43.0,0.7483,2004,11,25,13,0,0,0,0,1,0,0,0
6236,2.5,1142,12.8,1078,358,670,126.0,1256,1261,16.4,38.2,0.7081,2004,11,25,14,0,0,0,0,1,0,0,0
6237,2.5,1164,13.4,1096,403,662,136.0,1311,1261,16.8,37.6,0.7129,2004,11,25,15,0,0,0,0,1,0,0,0
6238,2.8,1214,14.2,1124,465,659,156.0,1302,1345,16.8,36.7,0.6944,2004,11,25,16,0,0,0,0,1,0,0,0
6240,4.5,1368,21.4,1334,660,529,173.0,1547,1653,13.8,48.9,0.7699,2004,11,25,18,0,0,0,0,1,0,0,0
6241,3.1,1226,15.4,1161,402,606,137.0,1368,1442,13.3,50.9,0.7745,2004,11,25,19,0,0,0,0,1,0,0,0
6242,2.6,1225,14.5,1134,350,614,122.0,1352,1421,11.5,57.3,0.7786,2004,11,25,20,0,0,0,0,1,0,0,0
6243,2.6,1190,11.4,1028,355,654,129.0,1287,1329,10.7,59.8,0.7674,2004,11,25,21,0,0,0,0,1,0,0,0
6244,2.0,1128,7.8,889,296,743,110.0,1160,1212,10.0,61.8,0.7576,2004,11,25,22,0,0,0,0,1,0,0,0
6245,1.8,1105,7.6,883,266,747,102.0,1180,1179,9.9,62.1,0.7566,2004,11,25,23,0,0,0,0,1,0,0,0
6246,2.5,1152,9.5,959,373,689,114.0,1232,1231,9.3,64.5,0.7554,2004,11,26,0,0,0,0,0,0,1,0,0
6247,2.3,1141,9.7,967,417,698,117.0,1245,1214,9.1,65.7,0.7607,2004,11,26,1,0,0,0,0,0,1,0,0
6248,2.1,1121,8.1,901,308,712,98.0,1215,1134,8.9,71.8,0.818,2004,11,26,2,0,0,0,0,0,1,0,0
6249,1.5,1043,5.9,805,258,798,88.5,1155,992,9.1,72.9,0.8429,2004,11,26,3,0,0,0,0,0,1,0,0
6250,1.35,1090,6.6,841,209,757,79.0,1202,989,8.7,77.6,0.8753,2004,11,26,4,0,0,0,0,0,1,0,0
6251,1.2,982,4.8,752,196,844,77.0,1153,897,9.0,77.3,0.8873,2004,11,26,5,0,0,0,0,0,1,0,0
6252,1.0,974,4.6,743,203,864,75.0,1155,885,9.1,77.3,0.8944,2004,11,26,6,0,0,0,0,0,1,0,0
6253,1.7,1118,8.4,915,393,731,95.0,1289,1059,9.3,76.9,0.9007,2004,11,26,7,0,0,0,0,0,1,0,0
6270,4.1,1499,16.9,1207,654,748,143.0,1530,1881,13.0,73.7,1.0957,2004,11,27,0,1,0,0,0,0,0,1,0
6272,3.8,1424,14.9,1145,574,641,122.0,1482,1615,12.4,78.4,1.1269,2004,11,27,2,1,0,0,0,0,0,1,0
6273,2.7,1279,10.2,986,446,756,112.5,1362,1473,11.9,79.7,1.1075,2004,11,27,3,1,0,0,0,0,0,1,0
6274,2.4,1250,9.1,942,319,755,103.0,1323,1380,11.9,80.7,1.1199,2004,11,27,4,1,0,0,0,0,0,1,0
6275,2.0,1189,7.3,870,263,821,97.0,1272,1251,13.2,75.8,1.1459,2004,11,27,5,1,0,0,0,0,0,1,0
6276,1.7,1197,7.6,881,320,820,99.0,1295,1173,12.3,81.9,1.1674,2004,11,27,6,1,0,0,0,0,0,1,0
6277,2.1,1273,9.2,946,439,729,110.0,1349,1217,12.8,80.8,1.1898,2004,11,27,7,1,0,0,0,0,0,1,0
6278,2.5,1298,11.1,1017,398,727,110.0,1418,1193,13.7,76.3,1.1932,2004,11,27,8,1,0,0,0,0,0,1,0
6279,3.8,1453,16.3,1190,637,583,121.0,1644,1358,13.4,78.8,1.2104,2004,11,27,9,1,0,0,0,0,0,1,0
6287,4.5,1515,18.7,1259,632,508,147.0,1695,1555,15.6,70.2,1.238,2004,11,27,17,1,0,0,0,0,0,1,0
6291,4.6,1380,15.5,1163,667,573,130.0,1547,1485,13.7,72.5,1.1326,2004,11,27,21,1,0,0,0,0,0,1,0
6292,2.4,1214,9.9,972,355,663,98.0,1359,1280,12.8,73.8,1.0853,2004,11,27,22,1,0,0,0,0,0,1,0
6293,2.7,1225,10.1,982,359,656,89.0,1358,1236,11.2,78.3,1.0415,2004,11,27,23,1,0,0,0,0,0,1,0
6294,2.5,1250,10.3,989,327,665,88.0,1343,1204,10.6,79.4,1.0133,2004,11,28,0,1,0,0,0,0,0,0,1
6295,2.3,1143,7.6,882,289,738,86.0,1260,1069,10.8,77.5,1.0027,2004,11,28,1,1,0,0,0,0,0,0,1
6296,1.7999999999999998,1046,6.1,817,213,790,78.0,1214,957,10.5,78.6,0.9976,2004,11,28,2,1,0,0,0,0,0,0,1
6297,1.3,953,4.2,722,138,911,70.0,1148,828,10.3,77.6,0.9743,2004,11,28,3,1,0,0,0,0,0,0,1
6298,1.0,913,3.1,659,86,1010,55.0,1121,748,10.3,74.9,0.9362,2004,11,28,4,1,0,0,0,0,0,0,1
6299,0.9,858,1.6,554,60,1207,45.0,1047,663,11.2,69.0,0.9159,2004,11,28,5,1,0,0,0,0,0,0,1
6300,0.7,848,1.7,560,62,1206,44.0,1045,644,8.9,77.1,0.8804,2004,11,28,6,1,0,0,0,0,0,0,1
6301,0.8,871,1.5,548,73,1197,50.0,1025,662,9.5,73.3,0.8719,2004,11,28,7,1,0,0,0,0,0,0,1
6302,1.0,909,2.6,624,157,1056,74.0,1073,736,8.6,77.2,0.8617,2004,11,28,8,1,0,0,0,0,0,0,1
6303,1.1,906,2.8,637,166,1024,81.0,1070,761,8.6,76.6,0.8586,2004,11,28,9,1,0,0,0,0,0,0,1
6304,0.8,859,1.9,573,98,1126,65.0,1039,696,9.7,72.0,0.8649,2004,11,28,10,1,0,0,0,0,0,0,1
6305,1.4,1028,5.2,773,153,877,76.0,1194,871,11.1,68.2,0.8979,2004,11,28,11,1,0,0,0,0,0,0,1
6306,2.2,1089,6.5,835,307,778,110.0,1216,1004,11.8,65.0,0.8966,2004,11,28,12,1,0,0,0,0,0,0,1
6307,2.7,1184,9.4,954,416,701,124.0,1313,1133,12.1,64.8,0.9135,2004,11,28,13,1,0,0,0,0,0,0,1
6308,2.3,1136,8.2,906,346,729,120.0,1274,1140,12.6,63.2,0.9209,2004,11,28,14,1,0,0,0,0,0,0,1
6309,1.9,1069,6.9,854,252,780,99.0,1242,999,13.4,61.9,0.9513,2004,11,28,15,1,0,0,0,0,0,0,1
6310,2.7,1214,8.6,922,326,741,117.0,1273,1124,13.3,63.3,0.9597,2004,11,28,16,1,0,0,0,0,0,0,1
6311,3.2,1212,8.6,926,490,720,132.0,1283,1193,11.2,70.9,0.9406,2004,11,28,17,1,0,0,0,0,0,0,1
6312,3.2,1218,10.1,981,452,677,113.0,1335,1258,9.6,76.5,0.9184,2004,11,28,18,1,0,0,0,0,0,0,1
6313,3.5,1279,12.6,1069,542,628,117.0,1418,1356,9.9,76.3,0.9296,2004,11,28,19,1,0,0,0,0,0,0,1
6314,4.5,1382,16.5,1196,605,573,127.0,1543,1468,10.4,74.6,0.9394,2004,11,28,20,1,0,0,0,0,0,0,1
6315,4.1,1292,13.0,1085,577,620,132.0,1438,1390,10.3,75.1,0.9399,2004,11,28,21,1,0,0,0,0,0,0,1
6316,3.3,1250,12.1,1054,491,634,121.0,1407,1348,10.4,75.4,0.947,2004,11,28,22,1,0,0,0,0,0,0,1
6317,3.1,1260,11.4,1030,492,639,122.0,1378,1355,10.5,75.4,0.9566,2004,11,28,23,1,0,0,0,0,0,0,1
6318,3.0,1203,10.3,988,412,658,113.0,1350,1315,10.2,78.4,0.9757,2004,11,29,0,0,1,0,0,0,0,0,0
6319,2.3,1146,8.0,900,283,718,99.0,1280,1183,9.9,80.5,0.984,2004,11,29,1,0,1,0,0,0,0,0,0
6320,2.3,1130,8.1,902,280,715,86.0,1289,1117,9.8,81.4,0.9855,2004,11,29,2,0,1,0,0,0,0,0,0
6321,1.7,1032,4.9,757,218,837,76.0,1182,1001,9.5,81.7,0.9693,2004,11,29,3,0,1,0,0,0,0,0,0
6322,1.5,993,4.2,720,156,891,66.0,1143,925,8.9,83.0,0.9487,2004,11,29,4,0,1,0,0,0,0,0,0
6323,1.3,987,4.9,759,166,856,67.0,1162,940,8.8,83.7,0.9529,2004,11,29,5,0,1,0,0,0,0,0,0
6324,1.4,1018,5.7,800,225,821,78.0,1185,956,8.7,84.2,0.9526,2004,11,29,6,0,1,0,0,0,0,0,0
6325,2.0,1129,9.8,971,325,707,90.0,1315,1064,8.7,83.7,0.9454,2004,11,29,7,0,1,0,0,0,0,0,0
6331,2.5,1163,11.1,1016,366,781,120.0,1363,1339,18.6,49.1,1.0425,2004,11,29,13,0,1,0,0,0,0,0,0
6332,2.6,1186,12.8,1077,346,797,121.0,1404,1328,18.6,49.3,1.0451,2004,11,29,14,0,1,0,0,0,0,0,0
6333,1.9,1166,10.8,1007,289,775,117.0,1391,1227,18.4,49.9,1.0453,2004,11,29,15,0,1,0,0,0,0,0,0
6334,2.3,1200,11.4,1027,316,760,121.0,1416,1199,17.9,51.4,1.0488,2004,11,29,16,0,1,0,0,0,0,0,0
6335,1.9,1134,8.1,903,238,821,107.0,1299,1046,18.0,51.9,1.0622,2004,11,29,17,0,1,0,0,0,0,0,0
6336,2.3,1161,10.0,979,267,758,115.0,1375,1132,16.7,57.3,1.0813,2004,11,29,18,0,1,0,0,0,0,0,0
6337,1.8,1117,7.3,871,182,781,94.0,1320,986,17.3,57.0,1.1137,2004,11,29,19,0,1,0,0,0,0,0,0
6338,1.9,1114,7.3,872,197,857,98.0,1310,991,16.8,58.7,1.1109,2004,11,29,20,0,1,0,0,0,0,0,0
6339,1.4,1022,4.6,744,149,1224,87.0,1210,847,16.5,59.2,1.1021,2004,11,29,21,0,1,0,0,0,0,0,0
6343,1.4,1052,5.1,766,169,1031,81.0,1302,796,13.8,80.4,1.2621,2004,11,30,1,0,0,1,0,0,0,0,0
6345,0.8,897,2.0,581,87,1184,58.5,1181,636,13.6,82.8,1.2845,2004,11,30,3,0,0,1,0,0,0,0,0
6346,0.6,878,1.2,518,50,1294,42.0,1149,539,13.8,81.3,1.2767,2004,11,30,4,0,0,1,0,0,0,0,0
6347,0.6,840,1.4,534,47,1268,38.0,1109,483,13.6,75.5,1.172,2004,11,30,5,0,0,1,0,0,0,0,0
6348,0.7,879,1.9,575,110,1262,64.0,1111,537,11.5,81.4,1.1025,2004,11,30,6,0,0,1,0,0,0,0,0
6349,1.1,999,3.6,690,193,1027,86.0,1192,707,11.8,80.7,1.1181,2004,11,30,7,0,0,1,0,0,0,0,0
6350,2.5,1251,11.0,1015,475,751,127.0,1453,1070,12.3,78.9,1.1283,2004,11,30,8,0,0,1,0,0,0,0,0
6351,3.6,1351,17.5,1226,420,648,122.0,1649,1248,13.0,76.0,1.1317,2004,11,30,9,0,0,1,0,0,0,0,0
6352,3.6,1312,15.9,1177,439,711,141.0,1588,1261,13.7,70.9,1.1076,2004,11,30,10,0,0,1,0,0,0,0,0
6353,3.3,1201,13.4,1098,461,763,139.0,1500,1209,14.0,70.9,1.1244,2004,11,30,11,0,0,1,0,0,0,0,0
6354,2.0,1120,8.8,932,238,897,105.0,1301,1039,14.6,65.9,1.088,2004,11,30,12,0,0,1,0,0,0,0,0
6355,1.9,1071,9.4,955,232,940,103.0,1311,977,14.9,59.9,1.0063,2004,11,30,13,0,0,1,0,0,0,0,0
6356,2.2,1085,9.7,967,241,943,108.0,1321,976,14.9,58.4,0.9839,2004,11,30,14,0,0,1,0,0,0,0,0
6357,2.2,1113,10.1,980,278,984,109.0,1311,995,15.3,54.3,0.9357,2004,11,30,15,0,0,1,0,0,0,0,0
6358,3.8,1310,20.2,1301,496,746,149.0,1694,1350,14.6,56.6,0.9367,2004,11,30,16,0,0,1,0,0,0,0,0
6359,3.5,1183,14.2,1122,464,897,143.0,1476,1215,12.6,62.0,0.9027,2004,11,30,17,0,0,1,0,0,0,0,0
6360,5.2,1362,22.8,1373,600,755,159.0,1698,1461,11.9,62.3,0.8674,2004,11,30,18,0,0,1,0,0,0,0,0
6363,4.1,1157,12.4,1063,491,905,160.0,1394,1223,10.7,73.9,0.9502,2004,11,30,21,0,0,1,0,0,0,0,0
6364,2.3,1061,8.0,899,284,1067,117.0,1277,939,9.6,83.0,0.9899,2004,11,30,22,0,0,1,0,0,0,0,0
6365,1.9,1006,6.5,836,245,1226,113.0,1210,902,9.6,79.9,0.9579,2004,11,30,23,0,0,1,0,0,0,0,0
6366,2.2,1039,7.5,880,273,1198,113.0,1251,933,9.8,79.4,0.9626,2004,12,1,0,0,0,0,1,0,0,0,0
6374,3.4,1318,18.1,1243,641,1261,121.0,1638,1318,9.0,79.8,0.9203,2004,12,1,8,0,0,0,1,0,0,0,0
6377,3.2,1202,13.0,1083,629,1376,143.0,1410,1340,11.0,74.4,0.9736,2004,12,1,11,0,0,0,1,0,0,0,0
6385,3.0,1124,11.9,1047,401,1401,126.0,1419,1193,12.5,72.6,1.0489,2004,12,1,19,0,0,0,1,0,0,0,0
6397,1.4,1073,7.2,867,336,768,89.0,1329,981,12.5,76.4,1.1021,2004,12,2,7,0,0,0,0,1,0,0,0
6402,2.8,1245,14.8,1143,639,569,128.0,1531,1406,15.9,62.7,1.1273,2004,12,2,12,0,0,0,0,1,0,0,0
6403,3.4,1295,16.8,1205,668,538,128.0,1579,1476,16.4,61.9,1.1465,2004,12,2,13,0,0,0,0,1,0,0,0
6404,2.9,1338,16.9,1208,469,539,123.0,1600,1481,18.0,58.0,1.1901,2004,12,2,14,0,0,0,0,1,0,0,0
6405,3.9,1405,19.0,1269,605,500,136.0,1735,1534,19.2,57.9,1.2757,2004,12,2,15,0,0,0,0,1,0,0,0
6406,4.0,1456,19.8,1291,641,490,137.0,1753,1592,18.1,62.1,1.2822,2004,12,2,16,0,0,0,0,1,0,0,0
6414,3.2,1289,13.1,1087,564,587,102.0,1515,1208,14.1,81.4,1.3066,2004,12,3,0,0,0,0,0,0,1,0,0
6415,2.6,1194,9.3,950,434,667,100.0,1433,1043,14.4,82.7,1.3496,2004,12,3,1,0,0,0,0,0,1,0,0
6416,2.1,1165,9.4,957,308,661,86.0,1452,979,14.1,84.1,1.3461,2004,12,3,2,0,0,0,0,0,1,0,0
6417,1.3,1003,4.7,747,220,843,83.0,1289,806,14.1,84.8,1.3544,2004,12,3,3,0,0,0,0,0,1,0,0
6418,1.1,986,3.8,700,133,883,80.0,1249,768,14.0,84.1,1.3389,2004,12,3,4,0,0,0,0,0,1,0,0
6419,0.7,930,2.5,623,103,975,74.0,1215,720,13.9,85.1,1.3449,2004,12,3,5,0,0,0,0,0,1,0,0
6420,0.9,988,4.0,709,178,897,82.0,1267,785,13.8,85.5,1.3469,2004,12,3,6,0,0,0,0,0,1,0,0
6421,1.5,1094,7.0,857,289,739,96.0,1378,903,13.8,85.3,1.3412,2004,12,3,7,0,0,0,0,0,1,0,0
6425,3.6,1290,13.0,1084,596,586,144.0,1544,1362,15.8,74.7,1.3336,2004,12,3,11,0,0,0,0,0,1,0,0
6426,3.0,1280,14.9,1144,481,555,144.0,1599,1624,16.4,72.1,1.336,2004,12,3,12,0,0,0,0,0,1,0,0
6427,3.1,1302,15.7,1169,495,544,139.0,1636,1605,16.8,70.3,1.3341,2004,12,3,13,0,0,0,0,0,1,0,0
6428,3.3,1332,18.1,1242,460,524,138.0,1716,1608,17.9,66.3,1.3499,2004,12,3,14,0,0,0,0,0,1,0,0
6429,3.4,1332,15.5,1163,445,548,134.0,1664,1522,18.8,62.7,1.3506,2004,12,3,15,0,0,0,0,0,1,0,0
6430,4.6,1493,23.8,1399,618,466,150.0,1893,1708,19.0,61.6,1.3407,2004,12,3,16,0,0,0,0,0,1,0,0
6432,5.1,1482,24.0,1404,634,463,134.0,1883,1657,16.5,71.7,1.3358,2004,12,3,18,0,0,0,0,0,1,0,0
6433,4.9,1501,23.6,1392,575,476,128.0,1832,1645,15.7,72.7,1.2872,2004,12,3,19,0,0,0,0,0,1,0,0
6436,3.0,1232,12.7,1074,472,606,107.0,1504,1317,14.0,75.7,1.2051,2004,12,3,22,0,0,0,0,0,1,0,0
6437,3.4,1270,14.0,1117,542,586,101.0,1528,1290,13.1,78.7,1.1817,2004,12,3,23,0,0,0,0,0,1,0,0
6438,3.5,1257,13.7,1108,577,592,94.0,1520,1287,12.6,78.4,1.1419,2004,12,4,0,1,0,0,0,0,0,1,0
6439,3.2,1246,12.8,1077,568,621,99.0,1462,1235,12.8,77.9,1.1438,2004,12,4,1,1,0,0,0,0,0,1,0
6440,2.9,1166,11.0,1013,451,643,90.0,1408,1144,12.1,79.4,1.1201,2004,12,4,2,1,0,0,0,0,0,1,0
6441,2.1,1062,8.2,906,346,724,80.5,1305,1004,11.6,80.1,1.0899,2004,12,4,3,1,0,0,0,0,0,1,0
6442,1.9,1005,6.4,829,242,779,71.0,1246,944,11.6,79.7,1.0858,2004,12,4,4,1,0,0,0,0,0,1,0
6443,1.7,1032,6.8,848,277,751,71.0,1266,972,11.4,81.1,1.0928,2004,12,4,5,1,0,0,0,0,0,1,0
6444,1.7,1034,7.4,876,291,740,66.0,1305,968,11.5,81.7,1.1033,2004,12,4,6,1,0,0,0,0,0,1,0
6445,1.3,1024,6.2,822,277,800,70.0,1266,954,12.4,77.1,1.1072,2004,12,4,7,1,0,0,0,0,0,1,0
6446,2.8,1243,13.7,1108,510,595,90.0,1539,1201,12.3,79.0,1.1293,2004,12,4,8,1,0,0,0,0,0,1,0
6447,2.5,1148,9.6,963,451,680,102.0,1395,1017,12.2,83.9,1.189,2004,12,4,9,1,0,0,0,0,0,1,0
6448,2.7,1182,10.4,994,584,654,102.0,1431,1039,12.2,85.1,1.2079,2004,12,4,10,1,0,0,0,0,0,1,0
6449,1.5,1015,6.5,835,260,796,94.0,1263,911,12.4,80.1,1.1462,2004,12,4,11,1,0,0,0,0,0,1,0
6450,2.6,1175,10.6,1002,492,668,122.0,1422,1059,13.0,77.8,1.1641,2004,12,4,12,1,0,0,0,0,0,1,0
6451,3.1,1224,11.9,1046,580,630,124.0,1476,1213,11.8,86.5,1.1981,2004,12,4,13,1,0,0,0,0,0,1,0
6452,2.5,1123,8.4,916,373,709,103.0,1346,1003,11.9,85.7,1.1912,2004,12,4,14,1,0,0,0,0,0,1,0
6453,2.6,1187,9.6,961,497,685,115.0,1408,1017,11.9,88.7,1.2352,2004,12,4,15,1,0,0,0,0,0,1,0
6454,2.5,1116,7.1,860,413,758,107.0,1316,937,12.3,87.0,1.2422,2004,12,4,16,1,0,0,0,0,0,1,0
6455,2.3,1131,8.3,912,444,728,120.0,1356,987,12.7,84.4,1.2352,2004,12,4,17,1,0,0,0,0,0,1,0
6456,3.1,1215,10.9,1012,533,653,120.0,1441,1131,13.1,81.7,1.2284,2004,12,4,18,1,0,0,0,0,0,1,0
6457,1.9,1077,6.9,852,325,773,108.0,1302,969,13.1,80.4,1.2038,2004,12,4,19,1,0,0,0,0,0,1,0
6458,2.5,1210,10.6,1000,439,679,115.0,1456,1062,13.4,79.9,1.2254,2004,12,4,20,1,0,0,0,0,0,1,0
6459,3.1,1181,9.4,956,506,689,124.0,1400,1058,13.8,76.8,1.206,2004,12,4,21,1,0,0,0,0,0,1,0
6460,2.0,1088,6.9,851,349,766,109.0,1307,959,14.0,75.9,1.2064,2004,12,4,22,1,0,0,0,0,0,1,0
6461,1.9,1054,5.6,794,235,830,93.0,1282,887,13.5,78.3,1.2097,2004,12,4,23,1,0,0,0,0,0,1,0
6462,2.4,1096,6.3,826,378,795,103.0,1285,911,13.0,79.2,1.182,2004,12,5,0,1,0,0,0,0,0,0,1
6463,2.0,1042,6.5,834,304,808,106.0,1267,914,12.4,77.5,1.1115,2004,12,5,1,1,0,0,0,0,0,0,1
6464,1.2,887,3.4,679,180,969,96.0,1132,786,12.3,71.2,1.0175,2004,12,5,2,1,0,0,0,0,0,0,1
6465,1.0,884,3.0,651,164,1034,88.5,1105,741,12.2,69.6,0.986,2004,12,5,3,1,0,0,0,0,0,0,1
6466,1.0,862,2.8,639,148,1033,81.0,1100,727,12.3,67.5,0.9624,2004,12,5,4,1,0,0,0,0,0,0,1
6467,0.8,821,2.0,584,106,1132,70.0,1070,686,12.7,65.6,0.9566,2004,12,5,5,1,0,0,0,0,0,0,1
6468,0.6,797,1.5,543,87,1235,60.0,1047,648,12.5,65.9,0.9533,2004,12,5,6,1,0,0,0,0,0,0,1
6469,0.7,802,1.4,538,96,1237,63.0,1042,645,12.4,65.4,0.9426,2004,12,5,7,1,0,0,0,0,0,0,1
6470,0.8,848,1.9,578,120,1160,68.0,1068,679,13.2,62.5,0.943,2004,12,5,8,1,0,0,0,0,0,0,1
6471,0.9,863,2.4,610,130,1088,68.0,1086,696,13.1,62.4,0.9366,2004,12,5,9,1,0,0,0,0,0,0,1
6472,1.0,889,3.1,661,140,1001,66.0,1115,735,12.9,64.7,0.9564,2004,12,5,10,1,0,0,0,0,0,0,1
6473,1.3,969,4.4,733,176,901,72.0,1191,803,13.0,67.6,1.009,2004,12,5,11,1,0,0,0,0,0,0,1
6474,1.7,1013,5.6,795,209,826,81.0,1257,848,13.0,69.7,1.0403,2004,12,5,12,1,0,0,0,0,0,0,1
6475,2.4,1100,6.7,842,309,774,89.0,1296,882,12.0,80.0,1.1167,2004,12,5,13,1,0,0,0,0,0,0,1
6476,1.7,1019,5.5,788,226,828,85.0,1267,812,11.4,83.7,1.1278,2004,12,5,14,1,0,0,0,0,0,0,1
6477,1.8,1061,7.7,887,246,745,86.0,1367,889,12.0,80.8,1.1264,2004,12,5,15,1,0,0,0,0,0,0,1
6478,1.5,940,3.7,692,208,934,83.0,1177,749,11.5,81.0,1.101,2004,12,5,16,1,0,0,0,0,0,0,1
6479,1.1,904,2.8,640,154,1022,77.0,1152,682,11.3,81.0,1.0851,2004,12,5,17,1,0,0,0,0,0,0,1
6480,2.4,1120,8.9,935,275,744,93.0,1385,922,12.0,78.4,1.0954,2004,12,5,18,1,0,0,0,0,0,0,1
6481,2.0,987,4.6,746,281,880,103.0,1212,833,12.1,75.5,1.0669,2004,12,5,19,1,0,0,0,0,0,0,1
6482,1.5,971,4.4,734,237,905,90.0,1187,808,12.5,71.9,1.0351,2004,12,5,20,1,0,0,0,0,0,0,1
6483,1.7,965,4.4,733,225,909,93.0,1173,790,12.6,70.5,1.0239,2004,12,5,21,1,0,0,0,0,0,0,1
6484,1.0,873,2.8,641,143,1025,72.0,1120,685,12.5,69.1,1.0003,2004,12,5,22,1,0,0,0,0,0,0,1
6485,1.0,892,3.3,672,146,1012,73.0,1111,706,13.1,64.3,0.9628,2004,12,5,23,1,0,0,0,0,0,0,1
6486,1.0,857,2.3,605,115,1094,64.0,1071,636,13.2,62.9,0.9517,2004,12,6,0,0,1,0,0,0,0,0,0
6487,0.9,901,3.2,662,125,1034,66.0,1127,678,13.3,63.6,0.9673,2004,12,6,1,0,1,0,0,0,0,0,0
6488,1.1,901,3.1,661,150,1022,71.0,1124,714,13.3,65.3,0.9948,2004,12,6,2,0,1,0,0,0,0,0,0
6489,1.1,904,3.0,649,114,983,62.5,1157,726,12.7,72.2,1.0525,2004,12,6,3,0,1,0,0,0,0,0,0
6490,0.6,857,1.7,562,78,1140,54.0,1130,646,11.9,79.6,1.1043,2004,12,6,4,0,1,0,0,0,0,0,0
6491,0.7,881,2.3,602,108,1034,58.0,1157,685,11.8,81.4,1.1238,2004,12,6,5,0,1,0,0,0,0,0,0
6492,0.9,913,3.8,701,181,926,72.0,1219,750,12.0,80.1,1.1231,2004,12,6,6,0,1,0,0,0,0,0,0
6493,1.3,1012,6.1,817,302,819,89.0,1314,878,12.2,78.8,1.1178,2004,12,6,7,0,1,0,0,0,0,0,0
6494,3.1,1314,15.8,1173,587,589,112.0,1627,1238,12.7,77.2,1.1298,2004,12,6,8,0,1,0,0,0,0,0,0
6497,3.2,1221,13.2,1090,576,641,135.0,1489,1424,18.5,52.9,1.1174,2004,12,6,11,0,1,0,0,0,0,0,0
6498,2.5,1171,12.0,1049,438,655,119.0,1418,1338,18.4,52.6,1.1064,2004,12,6,12,0,1,0,0,0,0,0,0
6499,3.8,1316,19.9,1293,562,538,144.0,1682,1559,19.4,49.8,1.1095,2004,12,6,13,0,1,0,0,0,0,0,0
6500,3.3,1208,16.4,1191,467,573,130.0,1589,1415,19.5,50.1,1.1225,2004,12,6,14,0,1,0,0,0,0,0,0
6501,2.5,1145,13.8,1112,323,621,109.0,1481,1331,20.3,47.5,1.1187,2004,12,6,15,0,1,0,0,0,0,0,0
6502,2.7,1189,15.6,1167,391,599,114.0,1541,1315,18.7,53.0,1.1322,2004,12,6,16,0,1,0,0,0,0,0,0
6503,2.9,1173,15.7,1170,379,597,115.0,1551,1289,17.3,57.1,1.1161,2004,12,6,17,0,1,0,0,0,0,0,0
6504,3.1,1237,18.0,1239,387,570,123.0,1620,1389,16.4,59.5,1.1017,2004,12,6,18,0,1,0,0,0,0,0,0
6505,4.0,1253,17.9,1238,433,571,138.0,1613,1351,15.9,60.8,1.088,2004,12,6,19,0,1,0,0,0,0,0,0
6506,3.1,1155,14.3,1126,349,617,123.0,1511,1267,15.5,60.7,1.0591,2004,12,6,20,0,1,0,0,0,0,0,0
6507,2.7,1175,12.8,1077,337,634,112.0,1480,1279,15.3,63.1,1.0872,2004,12,6,21,0,1,0,0,0,0,0,0
6508,1.7,1001,7.3,871,245,806,87.0,1264,1071,16.6,58.5,1.0963,2004,12,6,22,0,1,0,0,0,0,0,0
6509,1.5,1014,5.8,804,236,871,79.0,1233,994,14.6,64.7,1.0677,2004,12,6,23,0,1,0,0,0,0,0,0
6510,1.4,966,5.1,770,191,900,74.0,1206,956,14.0,66.1,1.05,2004,12,7,0,0,0,1,0,0,0,0,0
6511,1.4,987,5.5,786,273,901,75.0,1220,936,13.0,69.4,1.0364,2004,12,7,1,0,0,1,0,0,0,0,0
6512,1.1,888,3.5,680,211,985,70.0,1138,826,13.1,67.4,1.0101,2004,12,7,2,0,0,1,0,0,0,0,0
6513,1.1,911,4.2,719,178,947,67.0,1170,839,11.6,73.4,0.999,2004,12,7,3,0,0,1,0,0,0,0,0
6514,0.8500000000000001,828,2.6,627,146,1074,64.0,1103,748,11.9,71.4,0.9921,2004,12,7,4,0,0,1,0,0,0,0,0
6515,0.6,857,2.3,604,126,1126,63.0,1091,740,12.4,68.3,0.9801,2004,12,7,5,0,0,1,0,0,0,0,0
6516,0.8,886,2.8,641,146,1082,67.0,1098,783,14.1,60.6,0.9715,2004,12,7,6,0,0,1,0,0,0,0,0
6517,1.0,964,4.3,730,243,985,71.0,1146,891,12.9,64.2,0.9506,2004,12,7,7,0,0,1,0,0,0,0,0
6518,2.8,1230,12.6,1070,450,761,98.0,1431,1197,11.7,68.9,0.9439,2004,12,7,8,0,0,1,0,0,0,0,0
6519,3.4,1236,16.8,1203,499,681,114.0,1566,1311,12.5,65.8,0.9538,2004,12,7,9,0,0,1,0,0,0,0,0
6520,3.3,1322,17.3,1219,574,682,130.0,1591,1472,14.5,61.1,1.0007,2004,12,7,10,0,0,1,0,0,0,0,0
6522,3.5,1357,21.6,1339,572,657,141.0,1583,1639,17.4,53.3,1.0528,2004,12,7,12,0,0,1,0,0,0,0,0
6523,3.0,1289,18.0,1239,396,733,118.0,1635,1469,18.8,49.3,1.0581,2004,12,7,13,0,0,1,0,0,0,0,0
6524,3.6,1257,16.0,1179,455,818,134.0,1545,1415,19.4,47.1,1.051,2004,12,7,14,0,0,1,0,0,0,0,0
6525,3.0,1199,13.7,1108,423,818,123.0,1450,1250,19.2,47.1,1.0371,2004,12,7,15,0,0,1,0,0,0,0,0
6526,2.6,1181,14.1,1121,356,629,117.0,1466,1236,17.7,51.5,1.0315,2004,12,7,16,0,0,1,0,0,0,0,0
6527,2.6,1175,13.9,1112,350,628,110.0,1484,1212,16.5,54.6,1.0164,2004,12,7,17,0,0,1,0,0,0,0,0
6528,3.1,1202,14.3,1126,359,606,115.0,1480,1212,15.4,57.9,1.0068,2004,12,7,18,0,0,1,0,0,0,0,0
6529,3.2,1170,13.3,1095,358,618,116.0,1470,1195,15.2,58.4,1.0007,2004,12,7,19,0,0,1,0,0,0,0,0
6530,2.4,1115,11.6,1036,289,649,99.0,1381,1200,14.9,58.4,0.9843,2004,12,7,20,0,0,1,0,0,0,0,0
6531,2.6,1130,11.3,1026,359,657,115.0,1374,1209,14.5,60.4,0.9909,2004,12,7,21,0,0,1,0,0,0,0,0
6532,2.4,1195,11.0,1013,355,646,104.0,1345,1276,14.5,62.3,1.0216,2004,12,7,22,0,0,1,0,0,0,0,0
6533,1.8,1111,7.7,887,244,720,92.0,1262,1132,14.6,60.6,1.0033,2004,12,7,23,0,0,1,0,0,0,0,0
6534,1.7,1092,7.0,855,194,750,84.0,1231,1061,15.0,59.3,1.0045,2004,12,8,0,0,0,0,1,0,0,0,0
6535,1.9,1111,7.0,856,176,746,81.0,1254,1036,14.7,60.3,1.0031,2004,12,8,1,0,0,0,1,0,0,0,0
6536,1.4,992,4.4,731,170,1035,77.0,1149,911,15.3,59.1,1.0191,2004,12,8,2,0,0,0,1,0,0,0,0
6537,1.5,1051,6.1,815,191,1305,76.0,1203,951,12.3,69.7,0.9954,2004,12,8,3,0,0,0,1,0,0,0,0
6538,1.7,1080,7.9,896,212,1075,75.0,1262,1033,11.6,72.5,0.9916,2004,12,8,4,0,0,0,1,0,0,0,0
6539,1.0,893,3.1,655,146,990,69.0,1097,816,12.0,71.9,1.003,2004,12,8,5,0,0,0,1,0,0,0,0
6540,0.9,923,3.2,664,177,988,67.0,1121,822,11.8,71.8,0.9909,2004,12,8,6,0,0,0,1,0,0,0,0
6541,1.0,950,4.0,713,172,917,68.0,1139,841,11.8,71.4,0.9864,2004,12,8,7,0,0,0,1,0,0,0,0
6542,1.0,947,3.2,666,159,985,68.0,1115,795,12.8,66.3,0.9804,2004,12,8,8,0,0,0,1,0,0,0,0
6543,1.1,973,4.0,712,184,923,69.0,1157,831,13.2,65.2,0.9841,2004,12,8,9,0,0,0,1,0,0,0,0
6544,1.7,1111,7.6,884,310,751,81.0,1280,1025,13.1,66.2,0.9933,2004,12,8,10,0,0,0,1,0,0,0,0
6545,2.3,1206,9.8,969,363,701,95.0,1365,1178,14.3,63.3,1.0266,2004,12,8,11,0,0,0,1,0,0,0,0
6546,2.1,1202,9.5,958,302,732,92.0,1330,1181,16.0,58.1,1.0482,2004,12,8,12,0,0,0,1,0,0,0,0
6547,2.7,1261,11.2,1022,424,635,113.0,1407,1250,17.3,53.9,1.0562,2004,12,8,13,0,0,0,1,0,0,0,0
6548,2.3,1102,6.9,855,258,763,98.0,1279,1039,17.3,53.3,1.0407,2004,12,8,14,0,0,0,1,0,0,0,0
6549,1.2,997,4.6,742,179,911,82.0,1180,899,16.7,54.7,1.0311,2004,12,8,15,0,0,0,1,0,0,0,0
6550,1.4,1049,5.5,790,221,870,96.0,1183,1019,15.4,58.9,1.02,2004,12,8,16,0,0,0,1,0,0,0,0
6551,1.9,1082,6.5,834,303,800,107.0,1207,1057,15.2,58.0,0.9927,2004,12,8,17,0,0,0,1,0,0,0,0
6552,2.6,1177,10.3,987,429,692,119.0,1324,1229,16.2,54.5,0.9956,2004,12,8,18,0,0,0,1,0,0,0,0
6553,2.4,1166,8.9,935,357,756,114.0,1301,1135,16.5,55.3,1.0267,2004,12,8,19,0,0,0,1,0,0,0,0
6554,3.5,1352,14.0,1118,438,625,127.0,1524,1188,14.6,72.1,1.1947,2004,12,8,20,0,0,0,1,0,0,0,0
6555,3.5,1210,9.2,947,457,697,121.0,1404,1060,13.9,76.7,1.2098,2004,12,8,21,0,0,0,1,0,0,0,0
6556,2.2,1161,8.2,909,355,721,109.0,1370,962,13.7,79.3,1.2326,2004,12,8,22,0,0,0,1,0,0,0,0
6557,2.3,1142,7.2,866,348,815,107.0,1329,939,13.8,77.3,1.2169,2004,12,8,23,0,0,0,1,0,0,0,0
6558,1.9,1054,5.5,789,241,886,100.0,1254,864,14.2,71.7,1.1578,2004,12,9,0,0,0,0,0,1,0,0,0
6559,1.0,926,2.9,649,134,1035,83.0,1145,741,14.9,65.7,1.105,2004,12,9,1,0,0,0,0,1,0,0,0
6560,0.8,873,2.0,583,94,1155,66.0,1108,642,14.7,67.3,1.1177,2004,12,9,2,0,0,0,0,1,0,0,0
6561,0.5,832,1.2,518,63,1264,48.0,1061,539,15.2,63.2,1.0821,2004,12,9,3,0,0,0,0,1,0,0,0
6564,0.4,814,0.8,482,57,1426,41.0,1027,457,14.5,62.9,1.0335,2004,12,9,6,0,0,0,0,1,0,0,0
6565,0.6,832,1.3,530,112,1346,63.0,1027,512,14.6,56.7,0.9358,2004,12,9,7,0,0,0,0,1,0,0,0
6566,1.9,1091,7.6,882,358,844,114.0,1288,931,15.0,55.3,0.9338,2004,12,9,8,0,0,0,0,1,0,0,0
6567,2.0,1019,7.4,874,287,1113,114.0,1235,905,14.5,56.5,0.9306,2004,12,9,9,0,0,0,0,1,0,0,0
6568,1.4,937,4.7,750,263,1386,102.0,1141,790,14.3,55.4,0.9005,2004,12,9,10,0,0,0,0,1,0,0,0
6569,1.4,950,5.4,786,282,1038,101.0,1145,850,14.7,52.5,0.8716,2004,12,9,11,0,0,0,0,1,0,0,0
6570,1.5,962,5.4,785,286,993,103.0,1161,870,15.5,51.7,0.9033,2004,12,9,12,0,0,0,0,1,0,0,0
6571,1.6,969,6.0,812,259,989,100.0,1189,842,14.9,53.4,0.8998,2004,12,9,13,0,0,0,0,1,0,0,0
6572,1.8,1010,7.1,863,265,915,95.0,1257,886,15.2,51.0,0.8762,2004,12,9,14,0,0,0,0,1,0,0,0
6573,1.4,946,5.3,780,249,945,99.0,1142,801,15.2,50.1,0.858,2004,12,9,15,0,0,0,0,1,0,0,0
6574,1.7,988,7.2,865,268,876,102.0,1190,895,15.6,46.6,0.8176,2004,12,9,16,0,0,0,0,1,0,0,0
6576,2.3,1045,9.5,960,301,1376,118.0,1259,972,14.6,48.0,0.7902,2004,12,9,18,0,0,0,0,1,0,0,0
6577,3.2,1114,12.2,1057,388,777,135.0,1301,1079,15.1,45.4,0.7759,2004,12,9,19,0,0,0,0,1,0,0,0
6578,2.6,1006,10.3,987,285,1028,124.0,1247,964,14.5,45.4,0.7458,2004,12,9,20,0,0,0,0,1,0,0,0
6579,1.6,889,4.5,738,197,1379,100.0,1061,743,13.4,48.1,0.7374,2004,12,9,21,0,0,0,0,1,0,0,0
6593,1.5,883,6.2,821,304,886,111.0,967,844,16.2,26.2,0.4789,2004,12,10,11,0,0,0,0,0,1,0,0
6594,1.5,884,6.2,822,300,909,110.0,968,807,17.1,23.5,0.453,2004,12,10,12,0,0,0,0,0,1,0,0
6595,1.8,920,8.1,903,306,849,114.0,1011,853,18.1,21.3,0.4396,2004,12,10,13,0,0,0,0,0,1,0,0
6596,2.1,941,9.0,941,342,837,114.0,1036,884,18.8,20.0,0.4278,2004,12,10,14,0,0,0,0,0,1,0,0
6597,1.7,934,8.4,914,324,873,111.0,1016,834,18.1,20.8,0.4274,2004,12,10,15,0,0,0,0,0,1,0,0
6598,2.3,929,8.7,928,327,842,116.0,1001,893,17.6,19.9,0.3952,2004,12,10,16,0,0,0,0,0,1,0,0
6599,2.9,972,11.8,1043,404,764,148.0,1083,1037,16.0,20.8,0.3757,2004,12,10,17,0,0,0,0,0,1,0,0
6600,4.0,1073,16.5,1195,575,675,177.0,1249,1244,14.6,23.7,0.3903,2004,12,10,18,0,0,0,0,0,1,0,0
6601,4.2,1050,18.7,1260,539,662,164.0,1256,1269,13.7,22.9,0.3581,2004,12,10,19,0,0,0,0,0,1,0,0
6602,3.5,980,14.5,1132,460,742,151.0,1102,1125,12.8,21.7,0.3182,2004,12,10,20,0,0,0,0,0,1,0,0
6603,2.6,872,8.0,900,386,918,147.0,910,946,12.7,21.3,0.3119,2004,12,10,21,0,0,0,0,0,1,0,0
6604,1.3,802,4.6,743,202,1051,110.0,826,751,12.8,22.5,0.3309,2004,12,10,22,0,0,0,0,0,1,0,0
6605,1.0,792,3.4,674,162,1122,99.0,810,670,12.6,23.4,0.3408,2004,12,10,23,0,0,0,0,0,1,0,0
6606,1.6,857,4.8,753,261,1034,116.0,860,754,12.4,24.0,0.3443,2004,12,11,0,1,0,0,0,0,0,1,0
6607,1.6,856,4.4,734,263,1041,121.0,853,781,12.5,24.0,0.3462,2004,12,11,1,1,0,0,0,0,0,1,0
6608,1.1,869,3.8,702,159,1019,103.0,891,842,11.9,32.4,0.4489,2004,12,11,2,1,0,0,0,0,0,1,0
6609,1.1,890,3.6,688,135,1015,93.0,897,840,11.7,33.8,0.4623,2004,12,11,3,1,0,0,0,0,0,1,0
6610,0.8,834,2.7,632,111,1102,83.0,871,746,11.5,34.2,0.4621,2004,12,11,4,1,0,0,0,0,0,1,0
6611,0.8,860,2.4,616,104,1105,76.0,873,754,10.5,37.8,0.4799,2004,12,11,5,1,0,0,0,0,0,1,0
6612,1.0,909,4.3,728,221,933,107.0,948,905,7.8,47.4,0.5046,2004,12,11,6,1,0,0,0,0,0,1,0
6613,1.2,955,5.2,772,243,1030,106.0,957,960,9.3,43.1,0.5062,2004,12,11,7,1,0,0,0,0,0,1,0
6614,1.7,1035,8.4,914,356,947,124.0,1064,1080,8.2,46.8,0.5091,2004,12,11,8,1,0,0,0,0,0,1,0
6615,2.4,1087,14.1,1121,429,711,134.0,1177,1209,10.7,34.2,0.439,2004,12,11,9,1,0,0,0,0,0,1,0
6616,2.8,1101,13.0,1083,518,692,147.0,1130,1243,14.4,28.2,0.4593,2004,12,11,10,1,0,0,0,0,0,1,0
6617,2.9,1135,13.5,1100,460,679,146.0,1161,1273,17.4,23.3,0.4599,2004,12,11,11,1,0,0,0,0,0,1,0
6618,2.6,1095,12.5,1067,389,702,133.0,1152,1216,17.8,23.6,0.4766,2004,12,11,12,1,0,0,0,0,0,1,0
6619,2.3,986,8.8,931,362,815,120.0,1011,976,18.3,19.5,0.4044,2004,12,11,13,1,0,0,0,0,0,1,0
6620,2.3,991,9.0,940,337,816,117.0,1035,973,18.9,18.9,0.4091,2004,12,11,14,1,0,0,0,0,0,1,0
6621,1.7,926,6.1,815,254,931,109.0,945,827,18.4,19.7,0.4117,2004,12,11,15,1,0,0,0,0,0,1,0
6622,1.8,974,7.8,891,281,857,112.0,1005,912,17.8,21.0,0.4234,2004,12,11,16,1,0,0,0,0,0,1,0
6623,2.5,1042,11.5,1031,369,756,131.0,1094,1084,16.1,23.4,0.4248,2004,12,11,17,1,0,0,0,0,0,1,0
6624,2.4,1006,10.7,1005,350,781,133.0,1071,1045,14.9,24.9,0.4178,2004,12,11,18,1,0,0,0,0,0,1,0
6625,2.0,979,9.2,946,323,826,138.0,1018,1026,14.6,24.6,0.4054,2004,12,11,19,1,0,0,0,0,0,1,0
6626,2.3,1072,10.9,1011,340,762,142.0,1075,1172,14.2,26.8,0.4332,2004,12,11,20,1,0,0,0,0,0,1,0
6627,2.9,1217,11.6,1037,443,669,138.0,1167,1452,13.3,38.7,0.5867,2004,12,11,21,1,0,0,0,0,0,1,0
6628,2.0,1124,9.0,939,292,737,118.0,1126,1317,11.2,45.1,0.6004,2004,12,11,22,1,0,0,0,0,0,1,0
6629,2.5,1152,11.6,1036,372,670,120.0,1206,1365,8.8,52.5,0.5969,2004,12,11,23,1,0,0,0,0,0,1,0
6630,3.0,1216,11.7,1039,443,685,132.0,1183,1378,8.6,54.3,0.606,2004,12,12,0,1,0,0,0,0,0,0,1
6631,2.4,1095,11.3,1024,360,708,121.0,1219,1246,8.1,53.2,0.5746,2004,12,12,1,1,0,0,0,0,0,0,1
6632,2.6,1099,10.4,994,401,715,117.0,1164,1186,6.8,57.8,0.5768,2004,12,12,2,1,0,0,0,0,0,0,1
6633,2.0,974,6.4,832,337,832,109.5,1035,1024,6.6,58.1,0.5687,2004,12,12,3,1,0,0,0,0,0,0,1
6634,2.1,1091,9.8,971,273,703,102.0,1148,1187,5.4,64.1,0.5772,2004,12,12,4,1,0,0,0,0,0,0,1
6635,1.7,955,5.8,804,199,843,95.0,1017,1007,5.6,61.6,0.5656,2004,12,12,5,1,0,0,0,0,0,0,1
6636,1.5,975,7.0,859,177,777,81.0,1043,1019,4.2,69.0,0.5737,2004,12,12,6,1,0,0,0,0,0,0,1
6637,1.3,909,4.0,709,206,936,95.0,953,921,4.8,64.6,0.563,2004,12,12,7,1,0,0,0,0,0,0,1
6638,1.9,992,6.9,853,323,821,111.0,1052,1038,4.0,69.0,0.5661,2004,12,12,8,1,0,0,0,0,0,0,1
6639,2.0,1018,7.7,889,392,780,118.0,1085,1105,4.9,66.3,0.5786,2004,12,12,9,1,0,0,0,0,0,0,1
6640,2.7,1100,9.9,974,420,728,130.0,1131,1208,9.4,48.7,0.5748,2004,12,12,10,1,0,0,0,0,0,0,1
6641,2.4,1101,8.9,934,333,751,116.0,1085,1208,12.6,39.9,0.5804,2004,12,12,11,1,0,0,0,0,0,0,1
6642,2.7,1148,11.3,1025,395,701,128.0,1165,1282,14.4,35.3,0.5763,2004,12,12,12,1,0,0,0,0,0,0,1
6643,3.2,1253,13.7,1108,478,633,156.0,1253,1494,15.1,37.4,0.6374,2004,12,12,13,1,0,0,0,0,0,0,1
6644,3.4,1229,12.7,1075,470,638,169.0,1226,1500,16.0,35.8,0.6456,2004,12,12,14,1,0,0,0,0,0,0,1
6645,3.2,1250,14.5,1133,508,629,168.0,1274,1463,17.5,30.8,0.6095,2004,12,12,15,1,0,0,0,0,0,0,1
6646,4.3,1432,18.4,1251,596,547,178.0,1396,1722,17.2,34.2,0.6669,2004,12,12,16,1,0,0,0,0,0,0,1
6649,4.6,1352,16.4,1191,658,570,169.0,1362,1796,11.6,51.2,0.6965,2004,12,12,19,1,0,0,0,0,0,0,1
6650,3.1,1235,12.4,1065,409,640,133.0,1213,1594,11.3,50.1,0.672,2004,12,12,20,1,0,0,0,0,0,0,1
6651,2.6,1127,9.6,962,345,751,125.0,1120,1389,10.6,51.2,0.6541,2004,12,12,21,1,0,0,0,0,0,0,1
6652,2.1,1073,7.1,860,230,896,110.0,1058,1238,9.6,51.7,0.6163,2004,12,12,22,1,0,0,0,0,0,0,1
6653,2.1,1074,7.2,867,285,888,112.0,1064,1221,8.7,55.2,0.6225,2004,12,12,23,1,0,0,0,0,0,0,1
6654,2.5,1133,9.3,951,310,825,112.0,1156,1254,7.9,60.2,0.6432,2004,12,13,0,0,1,0,0,0,0,0,0
6655,2.0,1021,5.9,808,224,961,102.0,1048,1098,7.9,59.2,0.6331,2004,12,13,1,0,1,0,0,0,0,0,0
6656,1.8,995,5.9,807,213,978,90.0,1056,1044,6.7,64.6,0.6381,2004,12,13,2,0,1,0,0,0,0,0,0
6657,1.3,882,2.4,614,158,1221,78.0,931,888,6.9,62.3,0.6227,2004,12,13,3,0,1,0,0,0,0,0,0
6658,1.0,869,2.1,594,103,1326,66.0,935,835,6.3,64.6,0.6197,2004,12,13,4,0,1,0,0,0,0,0,0
6659,0.7,868,1.8,567,91,1238,64.0,919,823,6.4,63.3,0.6123,2004,12,13,5,0,1,0,0,0,0,0,0
6660,0.9,921,3.1,655,178,1001,81.0,972,908,6.4,64.4,0.6204,2004,12,13,6,0,1,0,0,0,0,0,0
6661,1.5,1041,6.8,846,351,829,106.0,1112,1076,5.6,68.9,0.6328,2004,12,13,7,0,1,0,0,0,0,0,0
6662,3.4,1275,16.4,1193,587,596,140.0,1389,1393,6.4,65.6,0.6348,2004,12,13,8,0,1,0,0,0,0,0,0
6663,3.4,1238,16.7,1202,475,748,138.0,1382,1429,7.3,61.4,0.6306,2004,12,13,9,0,1,0,0,0,0,0,0
6664,3.2,1288,17.3,1220,576,937,165.0,1391,1594,9.6,53.7,0.6409,2004,12,13,10,0,1,0,0,0,0,0,0
6675,2.9,1263,15.5,1164,508,581,147.0,1338,1587,10.6,64.1,0.8182,2004,12,13,21,0,1,0,0,0,0,0,0
6676,2.0,1147,10.9,1012,347,665,120.0,1214,1381,10.1,66.2,0.8185,2004,12,13,22,0,1,0,0,0,0,0,0
6677,1.7,1103,8.7,928,327,715,112.0,1174,1287,9.0,70.1,0.8036,2004,12,13,23,0,1,0,0,0,0,0,0
6678,1.9,1071,7.4,873,339,739,107.0,1150,1193,8.6,70.5,0.7915,2004,12,14,0,0,0,1,0,0,0,0,0
6679,2.0,1137,9.9,975,358,687,103.0,1234,1223,7.6,74.3,0.7783,2004,12,14,1,0,0,1,0,0,0,0,0
6680,1.9,1066,8.2,907,377,728,97.0,1174,1122,6.9,76.1,0.759,2004,12,14,2,0,0,1,0,0,0,0,0
6681,1.0,918,3.9,704,271,920,85.5,1032,932,8.0,70.6,0.7607,2004,12,14,3,0,0,1,0,0,0,0,0
6682,0.8,895,3.2,663,165,977,74.0,1007,866,6.8,75.4,0.7475,2004,12,14,4,0,0,1,0,0,0,0,0
6683,0.7,885,3.0,655,145,996,68.0,1015,848,6.6,75.3,0.7378,2004,12,14,5,0,0,1,0,0,0,0,0
6684,1.1,964,5.4,784,282,824,92.0,1080,959,6.0,77.3,0.7262,2004,12,14,6,0,0,1,0,0,0,0,0
6685,1.7,1088,8.7,927,494,715,111.0,1196,1154,6.0,76.7,0.722,2004,12,14,7,0,0,1,0,0,0,0,0
6686,3.1,1274,15.4,1160,606,587,133.0,1412,1373,6.9,73.7,0.7348,2004,12,14,8,0,0,1,0,0,0,0,0
6687,4.4,1406,27.2,1483,581,478,139.0,1767,1708,7.6,70.6,0.7371,2004,12,14,9,0,0,1,0,0,0,0,0
6692,4.2,1416,21.8,1346,612,609,192.0,1570,1945,15.1,50.2,0.8552,2004,12,14,14,0,0,1,0,0,0,0,0
6693,3.3,1383,20.6,1314,524,785,188.0,1538,1793,16.7,47.3,0.8883,2004,12,14,15,0,0,1,0,0,0,0,0
6699,4.1,1557,26.489473684210527,1463,670,466,148.0,1762,1924,16.569736842105264,49.689473684210526,0.9254013157894737,2004,12,14,21,0,0,1,0,0,0,0,0
6700,2.5,1554,26.347368421052632,1459,341,468,112.0,1759,1916,16.523684210526316,49.94736842105263,0.9269815789473684,2004,12,14,22,0,0,1,0,0,0,0,0
6701,2.1,1551,26.205263157894738,1456,365,469,108.0,1756,1909,16.47763157894737,50.205263157894734,0.9285618421052632,2004,12,14,23,0,0,1,0,0,0,0,0
6702,2.9,1547,26.06315789473684,1452,510,470,115.0,1753,1901,16.431578947368422,50.46315789473684,0.9301421052631579,2004,12,15,0,0,0,0,1,0,0,0,0
6703,2.3,1544,25.921052631578945,1448,352,472,96.0,1750,1894,16.385526315789473,50.72105263157895,0.9317223684210526,2004,12,15,1,0,0,0,1,0,0,0,0
6704,1.7,1541,25.77894736842105,1444,299,473,87.0,1746,1886,16.339473684210528,50.97894736842105,0.9333026315789473,2004,12,15,2,0,0,0,1,0,0,0,0
6705,0.9,1537,25.636842105263156,1440,201,475,74.0,1743,1879,16.29342105263158,51.23684210526316,0.934882894736842,2004,12,15,3,0,0,0,1,0,0,0,0
6706,0.7,1534,25.49473684210526,1436,103,476,61.0,1740,1871,16.24736842105263,51.49473684210526,0.9364631578947369,2004,12,15,4,0,0,0,1,0,0,0,0
6707,0.8,1531,25.352631578947367,1433,133,477,61.0,1737,1863,16.201315789473686,51.752631578947366,0.9380434210526316,2004,12,15,5,0,0,0,1,0,0,0,0
6708,1.0,1528,25.210526315789473,1429,244,479,82.0,1734,1856,16.155263157894737,52.01052631578947,0.9396236842105263,2004,12,15,6,0,0,0,1,0,0,0,0
6709,1.2,1524,25.068421052631578,1425,222,480,83.0,1731,1848,16.109210526315792,52.26842105263158,0.9412039473684211,2004,12,15,7,0,0,0,1,0,0,0,0
6710,3.5,1521,24.926315789473684,1421,591,481,116.0,1728,1841,16.063157894736843,52.526315789473685,0.9427842105263158,2004,12,15,8,0,0,0,1,0,0,0,0
6721,3.6,1485,23.36315789473684,1379,484,496,137.0,1694,1758,15.556578947368422,55.363157894736844,0.960167105263158,2004,12,15,19,0,0,0,1,0,0,0,0
6722,2.4,1482,23.221052631578946,1375,325,498,115.0,1691,1750,15.510526315789475,55.62105263157895,0.9617473684210527,2004,12,15,20,0,0,0,1,0,0,0,0
6723,2.1,1478,23.07894736842105,1371,292,499,107.0,1687,1743,15.464473684210526,55.87894736842105,0.9633276315789474,2004,12,15,21,0,0,0,1,0,0,0,0
6724,2.1,1475,22.936842105263157,1367,303,501,105.0,1684,1735,15.41842105263158,56.136842105263156,0.9649078947368421,2004,12,15,22,0,0,0,1,0,0,0,0
6725,1.7,1472,22.794736842105262,1363,242,502,96.0,1681,1728,15.372368421052633,56.39473684210526,0.9664881578947369,2004,12,15,23,0,0,0,1,0,0,0,0
6726,2.2,1469,22.652631578947368,1360,314,503,100.0,1678,1720,15.326315789473686,56.652631578947364,0.9680684210526316,2004,12,16,0,0,0,0,0,1,0,0,0
6727,2.0,1465,22.510526315789473,1356,289,505,100.0,1675,1713,15.280263157894737,56.910526315789475,0.9696486842105263,2004,12,16,1,0,0,0,0,1,0,0,0
6728,1.6,1462,22.36842105263158,1352,224,506,92.0,1672,1705,15.23421052631579,57.16842105263158,0.971228947368421,2004,12,16,2,0,0,0,0,1,0,0,0
6729,1.7,1459,22.226315789473684,1348,207,507,86.5,1669,1698,15.188157894736843,57.42631578947368,0.9728092105263159,2004,12,16,3,0,0,0,0,1,0,0,0
6730,1.35,1456,22.08421052631579,1344,191,509,81.0,1666,1690,15.142105263157896,57.68421052631579,0.9743894736842106,2004,12,16,4,0,0,0,0,1,0,0,0
6731,1.0,1452,21.942105263157895,1340,149,510,74.0,1663,1683,15.096052631578948,57.94210526315789,0.9759697368421053,2004,12,16,5,0,0,0,0,1,0,0,0
6732,1.0,1449,21.799999999999997,1337,212,512,81.0,1660,1675,15.05,58.2,0.97755,2004,12,16,6,0,0,0,0,1,0,0,0
6733,1.6,1446,21.657894736842103,1333,398,513,99.0,1656,1667,15.003947368421054,58.45789473684211,0.9791302631578948,2004,12,16,7,0,0,0,0,1,0,0,0
6753,2.8,1380,18.815789473684212,1256,562,540,131.5,1594,1517,14.082894736842107,63.61578947368421,1.0107355263157896,2004,12,17,3,0,0,0,0,0,1,0,0
6754,2.2,1377,18.673684210526314,1252,433,542,119.0,1591,1509,14.036842105263158,63.873684210526314,1.0123157894736843,2004,12,17,4,0,0,0,0,0,1,0,0
6755,1.8,1374,18.53157894736842,1248,371,543,112.0,1588,1502,13.990789473684211,64.13157894736842,1.013896052631579,2004,12,17,5,0,0,0,0,0,1,0,0
6756,2.0,1370,18.389473684210525,1244,469,544,111.0,1585,1494,13.944736842105264,64.38947368421053,1.0154763157894737,2004,12,17,6,0,0,0,0,0,1,0,0
6757,2.5,1367,18.24736842105263,1240,658,546,122.0,1582,1487,13.898684210526316,64.64736842105263,1.0170565789473685,2004,12,17,7,0,0,0,0,0,1,0,0
6762,3.6,1351,17.53684210526316,1221,635,553,213.0,1566,1449,13.66842105263158,65.93684210526315,1.024957894736842,2004,12,17,12,0,0,0,0,0,1,0,0
6763,3.5,1347,17.39473684210526,1217,521,554,164.0,1563,1441,13.622368421052633,66.19473684210527,1.0265381578947368,2004,12,17,13,0,0,0,0,0,1,0,0
6764,3.7,1344,17.252631578947366,1214,613,555,177.0,1560,1434,13.576315789473686,66.45263157894738,1.0281184210526317,2004,12,17,14,0,0,0,0,0,1,0,0
6765,3.1,1341,17.11052631578947,1210,516,557,168.0,1557,1426,13.530263157894737,66.71052631578948,1.0296986842105265,2004,12,17,15,0,0,0,0,0,1,0,0
6766,3.2,1338,16.968421052631577,1206,446,558,150.0,1554,1419,13.48421052631579,66.96842105263158,1.0312789473684212,2004,12,17,16,0,0,0,0,0,1,0,0
6767,3.8,1334,16.826315789473682,1202,499,559,152.0,1551,1411,13.438157894736843,67.22631578947369,1.032859210526316,2004,12,17,17,0,0,0,0,0,1,0,0
6768,3.2,1331,16.684210526315788,1198,407,561,138.0,1548,1404,13.392105263157896,67.48421052631579,1.0344394736842106,2004,12,17,18,0,0,0,0,0,1,0,0
6769,3.2,1328,16.542105263157893,1194,418,562,129.0,1545,1396,13.346052631578948,67.7421052631579,1.0360197368421054,2004,12,17,19,0,0,0,0,0,1,0,0
6770,3.3,1325,16.4,1191,403,564,130.0,1542,1389,13.3,68.0,1.0376,2004,12,17,20,0,0,0,0,0,1,0,0
6771,3.1,1316,13.4,1099,412,610,137.0,1451,1268,13.2,72.8,1.0984,2004,12,17,21,0,0,0,0,0,1,0,0
6772,2.4,1170,8.2,906,322,707,125.0,1317,1046,12.6,76.5,1.1106,2004,12,17,22,0,0,0,0,0,1,0,0
6773,1.4,1061,5.7,800,200,819,106.0,1232,862,12.6,74.3,1.0843,2004,12,17,23,0,0,0,0,0,1,0,0
6774,2.1,1109,7.0,855,244,787,121.0,1220,866,12.9,72.1,1.0658,2004,12,18,0,1,0,0,0,0,0,1,0
6775,1.4,1025,5.6,794,199,848,101.0,1202,788,13.1,70.5,1.0594,2004,12,18,1,1,0,0,0,0,0,1,0
6776,1.4,1086,5.1,769,190,822,100.0,1196,857,12.4,73.8,1.0574,2004,12,18,2,1,0,0,0,0,0,1,0
6777,1.3,1058,4.3,727,171,834,93.0,1193,860,12.2,74.5,1.0537,2004,12,18,3,1,0,0,0,0,0,1,0
6778,1.0,1034,4.2,719,153,858,86.0,1189,845,11.8,76.3,1.0547,2004,12,18,4,1,0,0,0,0,0,1,0
6779,1.3,1065,6.1,816,215,777,90.0,1245,873,10.8,80.0,1.0367,2004,12,18,5,1,0,0,0,0,0,1,0
6780,1.0,988,5.2,774,206,842,89.0,1189,841,10.4,77.3,0.9709,2004,12,18,6,1,0,0,0,0,0,1,0
6781,1.1,986,5.4,785,225,842,96.0,1173,853,10.0,76.2,0.9332,2004,12,18,7,1,0,0,0,0,0,1,0
6782,2.1,1136,11.0,1015,416,702,125.0,1287,1063,9.4,67.7,0.8018,2004,12,18,8,1,0,0,0,0,0,1,0
6783,3.2,1256,16.1,1184,613,582,143.0,1448,1276,9.3,71.2,0.8325,2004,12,18,9,1,0,0,0,0,0,1,0
6784,3.3,1228,15.7,1170,567,596,153.0,1375,1332,12.6,54.0,0.784,2004,12,18,10,1,0,0,0,0,0,1,0
6785,2.3,956,8.8,931,409,799,140.0,1046,1015,16.1,28.5,0.5164,2004,12,18,11,1,0,0,0,0,0,1,0
6786,1.0,781,3.9,704,183,1062,92.0,842,594,16.6,19.9,0.3728,2004,12,18,12,1,0,0,0,0,0,1,0
6787,0.8,759,3.8,699,140,1223,78.0,799,501,15.9,18.2,0.3255,2004,12,18,13,1,0,0,0,0,0,1,0
6791,0.8,746,3.5,684,149,1301,81.0,764,484,13.2,18.8,0.2837,2004,12,18,17,1,0,0,0,0,0,1,0
6792,1.2,784,4.6,744,219,1080,102.0,802,608,12.4,19.6,0.2797,2004,12,18,18,1,0,0,0,0,0,1,0
6793,2.1,931,9.9,972,424,868,132.0,974,953,11.9,21.3,0.2957,2004,12,18,19,1,0,0,0,0,0,1,0
6794,3.9,1112,19.0,1267,659,671,162.0,1250,1307,11.1,24.8,0.3264,2004,12,18,20,1,0,0,0,0,0,1,0
6796,2.0,886,8.4,917,398,908,148.0,901,1023,10.2,23.8,0.2955,2004,12,18,22,1,0,0,0,0,0,1,0
6797,2.3,993,11.4,1030,414,805,146.0,1005,1154,9.4,27.4,0.3239,2004,12,18,23,1,0,0,0,0,0,1,0
6798,3.6,1215,15.6,1167,600,664,164.0,1181,1426,7.9,39.0,0.4154,2004,12,19,0,1,0,0,0,0,0,0,1
6799,3.9,1160,13.0,1083,596,706,162.0,1114,1363,7.6,40.6,0.4273,2004,12,19,1,1,0,0,0,0,0,0,1
6800,1.6,928,6.2,819,225,919,118.0,923,1006,6.4,43.7,0.4242,2004,12,19,2,1,0,0,0,0,0,0,1
6801,1.0,879,4.2,722,172,1014,98.0,878,873,6.3,44.7,0.4293,2004,12,19,3,1,0,0,0,0,0,0,1
6802,1.0,833,2.7,632,120,1107,78.0,834,760,5.1,46.5,0.4125,2004,12,19,4,1,0,0,0,0,0,0,1
6803,1.0,840,3.0,649,126,1044,79.0,869,799,3.3,53.5,0.418,2004,12,19,5,1,0,0,0,0,0,0,1
6804,0.8,848,2.4,612,83,1169,62.0,852,703,4.8,49.9,0.4325,2004,12,19,6,1,0,0,0,0,0,0,1
6805,0.7,828,3.1,660,156,1078,85.0,881,781,2.2,60.1,0.4361,2004,12,19,7,1,0,0,0,0,0,0,1
6806,1.0,847,3.8,698,240,1034,110.0,905,815,2.5,59.3,0.4401,2004,12,19,8,1,0,0,0,0,0,0,1
6807,1.0,868,3.2,665,186,1067,99.0,865,800,3.2,55.7,0.4344,2004,12,19,9,1,0,0,0,0,0,0,1
6808,1.5,970,6.2,819,224,923,101.0,959,926,5.0,48.8,0.429,2004,12,19,10,1,0,0,0,0,0,0,1
6809,2.5,1077,9.6,963,386,761,129.0,1081,1151,5.8,49.8,0.4613,2004,12,19,11,1,0,0,0,0,0,0,1
6810,2.6,1058,9.6,962,397,778,132.0,1058,1153,6.0,47.6,0.4488,2004,12,19,12,1,0,0,0,0,0,0,1
6811,3.2,1136,12.5,1067,477,702,148.0,1143,1298,7.4,44.6,0.4613,2004,12,19,13,1,0,0,0,0,0,0,1
6812,3.0,1228,12.5,1068,405,658,134.0,1264,1238,5.2,73.1,0.6535,2004,12,19,14,1,0,0,0,0,0,0,1
6813,3.4,1235,14.0,1118,453,612,148.0,1354,1222,4.8,81.4,0.7055,2004,12,19,15,1,0,0,0,0,0,0,1
6814,3.3,1217,11.6,1036,459,661,146.0,1260,1171,4.7,82.3,0.7105,2004,12,19,16,1,0,0,0,0,0,0,1
6815,3.6,1298,13.0,1082,452,642,148.0,1287,1237,4.7,82.8,0.7157,2004,12,19,17,1,0,0,0,0,0,0,1
6816,5.5,1327,17.3,1219,579,582,175.0,1453,1366,4.7,83.4,0.7177,2004,12,19,18,1,0,0,0,0,0,0,1
6817,4.5,1293,14.6,1136,542,631,170.0,1365,1278,5.2,83.1,0.7411,2004,12,19,19,1,0,0,0,0,0,0,1
6818,4.7,1353,16.2,1187,601,599,173.0,1424,1293,5.5,84.1,0.7657,2004,12,19,20,1,0,0,0,0,0,0,1
6819,4.3,1254,13.8,1111,521,630,151.0,1360,1198,5.8,84.5,0.7822,2004,12,19,21,1,0,0,0,0,0,0,1
6820,3.2,1189,10.6,999,411,680,129.0,1286,1115,6.2,84.1,0.8018,2004,12,19,22,1,0,0,0,0,0,0,1
6821,2.9,1183,9.1,944,382,731,126.0,1226,1092,6.6,83.3,0.8183,2004,12,19,23,1,0,0,0,0,0,0,1
6822,3.1,1185,9.7,966,421,711,127.0,1250,1104,6.8,82.8,0.8216,2004,12,20,0,0,1,0,0,0,0,0,0
6823,2.8,1098,7.0,859,362,792,118.0,1211,1006,8.2,78.4,0.8561,2004,12,20,1,0,1,0,0,0,0,0,0
6824,1.2,938,2.8,639,104,1020,83.0,1059,777,9.7,70.9,0.8539,2004,12,20,2,0,1,0,0,0,0,0,0
6825,0.9,883,2.0,583,86,1116,71.5,1019,710,9.5,69.9,0.8298,2004,12,20,3,0,1,0,0,0,0,0,0
6826,0.8,839,1.4,536,69,1229,60.0,970,600,9.3,65.9,0.7757,2004,12,20,4,0,1,0,0,0,0,0,0
6827,0.6,784,0.8,479,41,1365,37.0,905,477,8.8,62.9,0.7154,2004,12,20,5,0,1,0,0,0,0,0,0
6828,0.6,779,0.7,466,46,1393,39.0,881,454,8.6,58.8,0.6603,2004,12,20,6,0,1,0,0,0,0,0,0
6829,1.0,883,2.6,625,118,1069,70.0,997,630,9.2,55.9,0.6521,2004,12,20,7,0,1,0,0,0,0,0,0
6830,3.2,970,5.3,776,295,873,108.0,1059,858,8.4,57.7,0.6376,2004,12,20,8,0,1,0,0,0,0,0,0
6831,3.6,1012,7.1,861,311,785,119.0,1133,951,8.5,60.4,0.6713,2004,12,20,9,0,1,0,0,0,0,0,0
6832,2.9,934,5.0,766,269,878,111.0,1047,836,8.9,57.4,0.6575,2004,12,20,10,0,1,0,0,0,0,0,0
6833,2.4,888,3.8,700,225,956,106.0,999,721,9.2,55.8,0.6479,2004,12,20,11,0,1,0,0,0,0,0,0
6834,2.5,918,4.5,737,220,1007,105.0,1030,703,9.6,53.9,0.6425,2004,12,20,12,0,1,0,0,0,0,0,0
6835,2.6,901,4.7,747,216,1001,114.0,1020,657,9.6,52.4,0.6276,2004,12,20,13,0,1,0,0,0,0,0,0
6836,2.3,857,3.9,708,162,972,93.0,983,581,9.7,49.8,0.5998,2004,12,20,14,0,1,0,0,0,0,0,0
6837,2.2,838,3.8,699,152,1015,89.0,944,546,9.4,44.9,0.5296,2004,12,20,15,0,1,0,0,0,0,0,0
6838,2.3,869,5.2,772,183,1051,102.0,966,641,9.8,41.9,0.5083,2004,12,20,16,0,1,0,0,0,0,0,0
6839,2.9,928,6.8,850,254,1118,129.0,1004,794,8.9,44.9,0.5125,2004,12,20,17,0,1,0,0,0,0,0,0
6840,4.1,1037,11.9,1047,355,869,151.0,1159,1042,8.4,45.4,0.5035,2004,12,20,18,0,1,0,0,0,0,0,0
6841,4.1,980,10.8,1008,341,758,151.0,1103,993,8.0,41.0,0.4416,2004,12,20,19,0,1,0,0,0,0,0,0
6842,4.0,978,11.5,1031,341,765,149.0,1066,968,7.9,37.1,0.3974,2004,12,20,20,0,1,0,0,0,0,0,0
6843,3.7,891,7.6,882,342,885,149.0,950,894,7.8,33.9,0.3594,2004,12,20,21,0,1,0,0,0,0,0,0
6844,1.7,762,3.1,657,186,1158,114.0,783,592,7.3,32.4,0.334,2004,12,20,22,0,1,0,0,0,0,0,0
6845,1.1,794,3.6,687,170,1100,104.0,826,611,7.4,34.6,0.3576,2004,12,20,23,0,1,0,0,0,0,0,0
6846,1.1,799,3.6,690,169,1125,104.0,823,611,7.1,33.7,0.3417,2004,12,21,0,0,0,1,0,0,0,0,0
6847,1.5,818,4.3,725,246,1065,127.0,849,694,6.4,35.8,0.3471,2004,12,21,1,0,0,1,0,0,0,0,0
6852,0.6,791,2.2,598,176,1186,97.0,802,608,4.3,43.9,0.3675,2004,12,21,6,0,0,1,0,0,0,0,0
6853,0.7,804,2.6,630,236,1188,120.0,806,712,4.9,40.6,0.3539,2004,12,21,7,0,0,1,0,0,0,0,0
6854,2.6,1093,13.4,1098,613,782,167.0,1221,1173,5.1,40.8,0.3603,2004,12,21,8,0,0,1,0,0,0,0,0
6856,2.6,951,9.4,953,460,812,157.0,1022,1055,7.4,36.5,0.3778,2004,12,21,10,0,0,1,0,0,0,0,0
6857,1.5,882,6.3,826,280,952,125.0,910,799,7.9,36.4,0.3889,2004,12,21,11,0,0,1,0,0,0,0,0
6858,1.7,897,6.7,845,322,942,135.0,943,787,7.8,36.8,0.3908,2004,12,21,12,0,0,1,0,0,0,0,0
6859,2.2,949,9.7,965,349,860,138.0,1041,892,8.7,33.7,0.379,2004,12,21,13,0,0,1,0,0,0,0,0
6860,2.1,896,7.8,891,297,921,132.0,935,766,8.5,34.3,0.3813,2004,12,21,14,0,0,1,0,0,0,0,0
6861,2.2,908,7.7,886,353,922,142.0,947,835,8.9,34.5,0.3946,2004,12,21,15,0,0,1,0,0,0,0,0
6862,2.3,959,8.6,924,316,899,137.0,993,897,8.8,35.7,0.4043,2004,12,21,16,0,0,1,0,0,0,0,0
6863,2.5,994,10.7,1005,348,832,145.0,1054,1009,7.9,38.6,0.4137,2004,12,21,17,0,0,1,0,0,0,0,0
6864,3.1,1081,16.7,1202,445,691,166.0,1230,1250,7.6,40.1,0.4195,2004,12,21,18,0,0,1,0,0,0,0,0
6865,3.6,1081,15.5,1164,457,705,165.0,1171,1283,6.9,40.3,0.4025,2004,12,21,19,0,0,1,0,0,0,0,0
6866,3.9,1175,18.3,1248,516,661,175.0,1308,1377,6.5,41.7,0.4047,2004,12,21,20,0,0,1,0,0,0,0,0
6867,4.0,1123,13.8,1110,575,732,185.0,1152,1322,6.3,42.6,0.4106,2004,12,21,21,0,0,1,0,0,0,0,0
6868,2.3,1032,9.3,952,449,833,166.0,1025,1198,5.9,44.7,0.4186,2004,12,21,22,0,0,1,0,0,0,0,0
6869,1.5,927,5.8,805,289,965,140.0,918,1007,5.8,43.4,0.4037,2004,12,21,23,0,0,1,0,0,0,0,0
6870,1.5,952,6.6,838,268,948,133.0,937,976,5.8,42.5,0.3937,2004,12,22,0,0,0,0,1,0,0,0,0
6871,2.2,987,7.6,883,343,913,144.0,949,1013,5.6,42.0,0.3856,2004,12,22,1,0,0,0,1,0,0,0,0
6872,1.3,902,5.0,761,222,1048,126.0,872,868,5.3,42.3,0.3806,2004,12,22,2,0,0,0,1,0,0,0,0
6873,0.9,833,2.9,648,154,1135,99.0,814,760,5.1,43.5,0.3852,2004,12,22,3,0,0,0,1,0,0,0,0
6874,0.7,776,1.3,525,87,1391,72.0,770,585,5.1,44.8,0.3967,2004,12,22,4,0,0,0,1,0,0,0,0
6875,0.5,812,1.5,541,89,1309,70.0,774,616,5.2,45.9,0.4099,2004,12,22,5,0,0,0,1,0,0,0,0
6876,0.5,821,1.7,563,103,1270,74.0,807,678,4.7,49.0,0.4209,2004,12,22,6,0,0,0,1,0,0,0,0
6877,0.9,932,3.8,701,254,944,124.0,875,936,4.5,51.8,0.4418,2004,12,22,7,0,0,0,1,0,0,0,0
6878,2.0,1069,8.8,931,481,782,152.0,1054,1110,4.5,53.0,0.4495,2004,12,22,8,0,0,0,1,0,0,0,0
6879,3.2,1137,12.5,1066,638,681,174.0,1151,1258,4.8,53.1,0.4605,2004,12,22,9,0,0,0,1,0,0,0,0
6880,2.3,1009,8.7,926,492,791,161.0,1015,1080,7.8,42.0,0.4464,2004,12,22,10,0,0,0,1,0,0,0,0
6881,1.8,962,7.5,877,413,841,120.0,969,949,9.3,37.6,0.4391,2004,12,22,11,0,0,0,1,0,0,0,0
6882,2.1,972,8.2,909,364,827,111.0,1012,894,10.0,34.2,0.4212,2004,12,22,12,0,0,0,1,0,0,0,0
6883,1.9,968,8.5,920,299,831,128.0,991,882,10.3,32.6,0.4094,2004,12,22,13,0,0,0,1,0,0,0,0
6884,2.4,939,8.1,902,342,884,133.0,969,872,9.8,31.8,0.3858,2004,12,22,14,0,0,0,1,0,0,0,0
6885,2.1,901,6.7,843,309,1061,121.0,907,751,9.8,30.3,0.3658,2004,12,22,15,0,0,0,1,0,0,0,0
6886,2.8,975,9.0,938,367,874,147.0,989,928,9.6,29.6,0.3545,2004,12,22,16,0,0,0,1,0,0,0,0
6887,3.3,1028,11.3,1025,357,774,136.0,1024,1160,8.1,32.5,0.3516,2004,12,22,17,0,0,0,1,0,0,0,0
6888,2.9,998,9.9,972,345,806,153.0,984,1090,6.8,36.1,0.3575,2004,12,22,18,0,0,0,1,0,0,0,0
6889,3.9,1094,13.6,1105,483,708,178.0,1086,1274,6.4,36.5,0.3519,2004,12,22,19,0,0,0,1,0,0,0,0
6890,4.1,1128,15.4,1161,480,672,174.0,1163,1340,5.9,37.8,0.3528,2004,12,22,20,0,0,0,1,0,0,0,0
6891,3.3,1111,11.4,1030,427,751,166.0,1033,1271,5.1,40.7,0.3621,2004,12,22,21,0,0,0,1,0,0,0,0
6892,3.3,1121,11.2,1023,504,725,169.0,1053,1354,4.8,45.1,0.3925,2004,12,22,22,0,0,0,1,0,0,0,0
6893,1.9,956,5.7,796,248,915,132.0,861,1084,4.5,43.9,0.3728,2004,12,22,23,0,0,0,1,0,0,0,0
6894,2.0,973,5.4,785,241,916,127.0,883,1086,5.2,44.1,0.3939,2004,12,23,0,0,0,0,0,1,0,0,0
6895,1.9,952,5.5,790,210,921,113.0,896,1038,4.3,46.4,0.3896,2004,12,23,1,0,0,0,0,1,0,0,0
6896,2.1,969,5.2,773,292,889,128.0,914,1064,3.0,52.5,0.4021,2004,12,23,2,0,0,0,0,1,0,0,0
6897,1.7,919,3.7,693,210,955,106.5,882,979,2.3,56.3,0.4134,2004,12,23,3,0,0,0,0,1,0,0,0
6898,1.3,874,3.1,657,129,985,85.0,867,930,1.5,61.4,0.4235,2004,12,23,4,0,0,0,0,1,0,0,0
6899,1.1,806,1.6,554,106,1206,77.0,807,783,4.0,50.4,0.4154,2004,12,23,5,0,0,0,0,1,0,0,0
6900,1.2,874,2.5,623,125,1096,78.0,847,831,2.8,55.2,0.4177,2004,12,23,6,0,0,0,0,1,0,0,0
6901,1.8,961,5.3,779,267,917,115.0,960,983,1.2,61.4,0.4159,2004,12,23,7,0,0,0,0,1,0,0,0
6902,3.6,1195,13.4,1096,543,668,169.0,1166,1315,1.4,61.3,0.4208,2004,12,23,8,0,0,0,0,1,0,0,0
6903,3.7,1184,15.0,1148,496,651,174.0,1178,1389,2.2,58.1,0.4218,2004,12,23,9,0,0,0,0,1,0,0,0
6904,3.4,1135,12.8,1076,491,685,171.0,1120,1396,4.3,49.4,0.4138,2004,12,23,10,0,0,0,0,1,0,0,0
6905,4.0,1211,15.9,1177,667,620,179.0,1221,1585,6.6,42.5,0.416,2004,12,23,11,0,0,0,0,1,0,0,0
6909,3.3,1205,12.8,1079,512,652,175.0,1168,1476,11.0,33.0,0.4331,2004,12,23,15,0,0,0,0,1,0,0,0
6910,4.3,1305,17.9,1238,587,565,177.0,1325,1640,11.3,33.6,0.4504,2004,12,23,16,0,0,0,0,1,0,0,0
6919,3.9,1352,14.6,1137,610,567,174.0,1234,2016,5.1,59.0,0.5248,2004,12,24,1,0,0,0,0,0,1,0,0
6920,3.4,1285,12.1,1052,465,605,158.0,1164,1967,5.1,58.4,0.517,2004,12,24,2,0,0,0,0,0,1,0,0
6921,3.0,1263,10.5,997,376,625,145.0,1140,1960,4.7,60.8,0.5232,2004,12,24,3,0,0,0,0,0,1,0,0
6922,2.4,1200,8.7,929,288,664,132.0,1082,1847,4.2,63.1,0.5259,2004,12,24,4,0,0,0,0,0,1,0,0
6923,2.5,1187,8.8,931,251,669,121.0,1093,1792,4.3,64.1,0.537,2004,12,24,5,0,0,0,0,0,1,0,0
6924,3.5,1166,8.2,909,351,691,136.0,1079,1680,4.8,61.9,0.537,2004,12,24,6,0,0,0,0,0,1,0,0
6925,3.9,1209,9.5,958,379,666,138.0,1124,1662,5.3,61.1,0.5499,2004,12,24,7,0,0,0,0,0,1,0,0
6926,4.8,1349,14.6,1136,539,575,149.0,1299,1810,5.7,61.3,0.5657,2004,12,24,8,0,0,0,0,0,1,0,0
6939,5.6,1509,18.55,1253,521,499,157.0,1522,2042,9.8,62.199999999999996,0.7536,2004,12,24,21,0,0,0,0,0,1,0,0
6940,5.4,1508,17.566666666666666,1224,487,508,143.0,1497,2050,9.666666666666666,63.49999999999999,0.7629333333333334,2004,12,24,22,0,0,0,0,0,1,0,0
6941,5.2,1506,16.583333333333332,1196,453,516,152.0,1472,2058,9.533333333333333,64.8,0.7722666666666667,2004,12,24,23,0,0,0,0,0,1,0,0
6943,5.6,1458,14.2,1123,527,540,164.0,1395,2030,9.6,65.9,0.7869,2004,12,25,1,1,0,0,0,0,0,1,0
6944,5.5,1431,13.5,1100,503,553,154.0,1385,1913,9.5,66.2,0.7882,2004,12,25,2,1,0,0,0,0,0,1,0
6945,5.2,1366,11.4,1027,424,583,142.0,1328,1901,9.2,67.3,0.7851,2004,12,25,3,1,0,0,0,0,0,1,0
6946,3.7,1332,10.5,997,345,601,130.0,1304,1783,9.1,68.7,0.7925,2004,12,25,4,1,0,0,0,0,0,1,0
6947,2.2,1243,8.6,924,274,648,119.0,1250,1534,9.0,69.8,0.8039,2004,12,25,5,1,0,0,0,0,0,1,0
6948,2.0,1251,8.6,924,231,644,106.0,1246,1568,8.9,70.5,0.8056,2004,12,25,6,1,0,0,0,0,0,1,0
6949,2.2,1259,9.1,944,268,631,111.0,1267,1622,8.9,70.4,0.8074,2004,12,25,7,1,0,0,0,0,0,1,0
6950,2.0,1268,8.6,926,281,645,122.0,1247,1628,9.1,69.6,0.8045,2004,12,25,8,1,0,0,0,0,0,1,0
6951,2.5,1288,9.4,956,340,623,121.0,1272,1553,9.0,70.8,0.8173,2004,12,25,9,1,0,0,0,0,0,1,0
6952,3.0,1410,11.0,1015,406,594,136.0,1319,1769,9.8,68.6,0.8324,2004,12,25,10,1,0,0,0,0,0,1,0
6953,2.8,1374,10.6,999,379,598,138.0,1316,1776,10.2,67.3,0.8373,2004,12,25,11,1,0,0,0,0,0,1,0
6954,3.4,1458,13.2,1090,436,553,147.0,1383,1898,10.7,65.0,0.8378,2004,12,25,12,1,0,0,0,0,0,1,0
6955,5.5,1609,18.1,1243,602,505,178.0,1491,2100,11.4,62.9,0.8454,2004,12,25,13,1,0,0,0,0,0,1,0
6956,4.0,1424,13.2,1090,507,566,176.0,1351,1896,12.2,61.1,0.8652,2004,12,25,14,1,0,0,0,0,0,1,0
6957,2.4,1331,9.7,966,266,633,159.0,1266,1745,12.1,61.8,0.8723,2004,12,25,15,1,0,0,0,0,0,1,0
6958,3.1,1434,13.3,1093,335,561,168.0,1366,1893,11.7,65.6,0.898,2004,12,25,16,1,0,0,0,0,0,1,0
6959,4.0,1542,15.4,1161,464,531,181.0,1435,1972,11.4,67.9,0.9119,2004,12,25,17,1,0,0,0,0,0,1,0
6960,4.6,1651,17.8,1234,527,501,184.0,1513,2020,11.2,70.8,0.9386,2004,12,25,18,1,0,0,0,0,0,1,0
6961,4.8,1633,18.0,1240,592,496,170.0,1555,1906,10.9,75.9,0.9868,2004,12,25,19,1,0,0,0,0,0,1,0
6963,4.6,1523,14.5,1132,538,541,136.0,1488,1470,10.3,82.8,1.0369,2004,12,25,21,1,0,0,0,0,0,1,0
6964,4.5,1543,15.8,1174,513,521,127.0,1542,1494,10.4,82.5,1.0406,2004,12,25,22,1,0,0,0,0,0,1,0
6965,4.2,1469,13.1,1086,514,564,125.0,1485,1394,11.0,81.7,1.0727,2004,12,25,23,1,0,0,0,0,0,1,0
6966,2.6,1271,7.7,886,345,688,121.0,1321,1113,11.7,79.8,1.0964,2004,12,26,0,1,0,0,0,0,0,0,1
6967,1.6,1161,6.0,810,231,775,117.0,1281,958,11.6,80.0,1.0924,2004,12,26,1,1,0,0,0,0,0,0,1
6968,1.3,1053,3.5,680,166,890,108.0,1166,807,11.3,80.1,1.0741,2004,12,26,2,1,0,0,0,0,0,0,1
6969,0.6,916,1.5,541,113,1143,81.5,1064,536,11.7,74.1,1.0167,2004,12,26,3,1,0,0,0,0,0,0,1
6970,0.5,900,1.2,522,61,1242,55.0,1070,471,10.8,78.7,1.0202,2004,12,26,4,1,0,0,0,0,0,0,1
6971,0.4,855,0.8,479,49,1319,46.0,1068,450,10.7,81.5,1.0497,2004,12,26,5,1,0,0,0,0,0,0,1
6972,0.3,848,0.7,464,54,1425,46.0,1062,438,10.9,80.3,1.0444,2004,12,26,6,1,0,0,0,0,0,0,1
6973,0.4,873,0.9,485,78,1305,67.0,1083,512,10.7,80.7,1.0377,2004,12,26,7,1,0,0,0,0,0,0,1
6974,0.6,945,1.8,569,136,1140,90.0,1135,632,10.5,81.8,1.0416,2004,12,26,8,1,0,0,0,0,0,0,1
6975,0.9,1003,2.5,618,198,1003,117.0,1159,754,10.4,82.9,1.0419,2004,12,26,9,1,0,0,0,0,0,0,1
6976,1.1,1041,3.1,659,211,908,118.0,1188,792,10.6,82.1,1.0451,2004,12,26,10,1,0,0,0,0,0,0,1
6977,1.0,1036,3.5,685,183,942,112.0,1168,776,11.5,72.6,0.9846,2004,12,26,11,1,0,0,0,0,0,0,1
6978,1.6,1124,5.7,799,277,775,134.0,1231,969,12.8,65.5,0.964,2004,12,26,12,1,0,0,0,0,0,0,1
6979,1.8,1130,5.8,803,267,772,127.0,1230,975,13.9,60.9,0.9644,2004,12,26,13,1,0,0,0,0,0,0,1
6980,1.0,991,2.7,632,123,981,88.0,1114,637,14.9,57.9,0.9726,2004,12,26,14,1,0,0,0,0,0,0,1
6981,0.8,988,2.2,596,68,1056,57.0,1118,541,14.8,63.5,1.0592,2004,12,26,15,1,0,0,0,0,0,0,1
6982,1.4,1163,5.8,801,186,772,99.0,1288,876,13.6,68.9,1.0699,2004,12,26,16,1,0,0,0,0,0,0,1
6983,2.1,1226,6.9,853,321,725,129.0,1307,1029,13.6,68.9,1.0661,2004,12,26,17,1,0,0,0,0,0,0,1
6984,2.3,1286,9.1,942,343,687,137.0,1362,1103,13.5,67.1,1.0357,2004,12,26,18,1,0,0,0,0,0,0,1
6985,3.5,1423,14.0,1116,550,553,146.0,1531,1369,12.3,75.4,1.0768,2004,12,26,19,1,0,0,0,0,0,0,1
6986,3.8,1408,13.1,1088,598,560,139.0,1504,1381,11.7,80.0,1.0938,2004,12,26,20,1,0,0,0,0,0,0,1
6987,2.4,1178,7.2,866,390,700,128.0,1342,1094,11.8,82.7,1.1381,2004,12,26,21,1,0,0,0,0,0,0,1
6988,1.0,985,3.8,701,159,877,106.0,1187,835,11.8,77.5,1.0741,2004,12,26,22,1,0,0,0,0,0,0,1
6989,1.3,1113,5.2,776,193,828,114.0,1217,881,12.0,72.3,1.0095,2004,12,26,23,1,0,0,0,0,0,0,1
6990,2.3,1178,7.4,873,316,700,137.0,1328,987,11.2,79.6,1.0587,2004,12,27,0,0,1,0,0,0,0,0,0
6991,1.5,1024,3.9,705,199,876,114.0,1168,807,11.5,74.2,1.0063,2004,12,27,1,0,1,0,0,0,0,0,0
6992,1.1,954,2.7,630,134,988,92.0,1107,664,11.6,68.9,0.9411,2004,12,27,2,0,1,0,0,0,0,0,0
6993,0.6,875,1.5,548,98,1165,73.5,1049,525,11.5,67.4,0.9106,2004,12,27,3,0,1,0,0,0,0,0,0
6994,0.7,877,1.3,526,63,1171,55.0,1023,496,11.7,64.6,0.8888,2004,12,27,4,0,1,0,0,0,0,0,0
6995,0.4,826,0.7,465,50,1322,46.0,978,433,11.9,61.1,0.8527,2004,12,27,5,0,1,0,0,0,0,0,0
6996,0.5,862,1.4,535,93,1193,67.0,1020,524,12.5,57.3,0.8269,2004,12,27,6,0,1,0,0,0,0,0,0
6997,0.8,938,3.0,653,161,970,95.0,1100,747,12.3,60.1,0.8562,2004,12,27,7,0,1,0,0,0,0,0,0
6998,1.9,1205,9.1,943,368,688,133.0,1361,1052,11.5,68.7,0.9302,2004,12,27,8,0,1,0,0,0,0,0,0
6999,2.3,1171,10.0,978,344,637,138.0,1374,1092,12.5,63.2,0.9113,2004,12,27,9,0,1,0,0,0,0,0,0
7000,1.9,1131,8.6,926,288,684,127.0,1324,1036,12.9,63.2,0.9335,2004,12,27,10,0,1,0,0,0,0,0,0
7001,1.6,1074,6.4,832,244,748,119.0,1230,934,13.5,59.9,0.9261,2004,12,27,11,0,1,0,0,0,0,0,0
7002,1.4,1062,6.2,822,224,764,113.0,1228,917,13.4,61.3,0.9379,2004,12,27,12,0,1,0,0,0,0,0,0
7003,1.5,1045,5.7,800,206,796,109.0,1193,839,14.4,57.1,0.9309,2004,12,27,13,0,1,0,0,0,0,0,0
7004,1.4,1034,5.0,763,163,840,97.0,1192,761,15.0,57.2,0.9698,2004,12,27,14,0,1,0,0,0,0,0,0
7005,2.0,1186,8.0,899,296,695,117.0,1332,926,12.4,72.6,1.0422,2004,12,27,15,0,1,0,0,0,0,0,0
7006,2.5,1256,10.5,996,386,625,132.0,1417,1104,12.8,73.6,1.0851,2004,12,27,16,0,1,0,0,0,0,0,0
7007,2.2,1138,6.9,854,262,735,117.0,1276,911,13.3,68.2,1.0356,2004,12,27,17,0,1,0,0,0,0,0,0
7008,2.0,1138,7.8,891,212,721,110.0,1295,918,13.4,66.6,1.0187,2004,12,27,18,0,1,0,0,0,0,0,0
7009,2.1,1114,8.0,899,245,710,119.0,1279,948,13.3,63.6,0.9661,2004,12,27,19,0,1,0,0,0,0,0,0
7010,2.1,1107,8.1,905,263,705,116.0,1288,966,12.9,62.4,0.9258,2004,12,27,20,0,1,0,0,0,0,0,0
7011,2.1,1117,7.5,876,300,706,123.0,1264,1057,12.4,64.7,0.9266,2004,12,27,21,0,1,0,0,0,0,0,0
7012,1.6,1090,6.0,812,242,753,117.0,1213,1001,12.1,65.6,0.9222,2004,12,27,22,0,1,0,0,0,0,0,0
7013,1.1,954,3.2,665,152,916,100.0,1119,777,11.3,69.8,0.932,2004,12,27,23,0,1,0,0,0,0,0,0
7014,1.2,987,4.1,715,165,884,101.0,1145,797,11.0,68.7,0.9001,2004,12,28,0,0,0,1,0,0,0,0,0
7015,1.2041237113402061,969,3.1,659,165,945,101.05154639175258,1082,691,11.1,65.3,0.8601,2004,12,28,1,0,0,1,0,0,0,0,0
7016,1.2082474226804123,939,2.9,648,166,949,101.10309278350516,1084,680,10.2,66.9,0.8323,2004,12,28,2,0,0,1,0,0,0,0,0
7017,1.2123711340206185,961,3.0,654,166,925,101.15463917525773,1084,755,9.5,70.1,0.8343,2004,12,28,3,0,0,1,0,0,0,0,0
7018,1.2164948453608246,916,2.5,623,167,962,101.20618556701031,1064,725,9.8,69.4,0.8397,2004,12,28,4,0,0,1,0,0,0,0,0
7019,1.2206185567010308,835,0.9,484,167,1266,101.25773195876289,961,432,10.7,62.5,0.802,2004,12,28,5,0,0,1,0,0,0,0,0
7020,1.224742268041237,885,1.8,572,168,1081,101.30927835051547,1031,612,10.4,64.8,0.8138,2004,12,28,6,0,0,1,0,0,0,0,0
7021,1.2288659793814434,1088,6.6,839,168,760,101.36082474226804,1236,951,9.7,73.1,0.8772,2004,12,28,7,0,0,1,0,0,0,0,0
7022,1.2329896907216495,1358,15.3,1158,169,529,101.41237113402062,1537,1326,9.3,77.0,0.9018,2004,12,28,8,0,0,1,0,0,0,0,0
7023,1.2371134020618557,1456,23.4,1389,169,443,101.4639175257732,1808,1504,9.1,77.1,0.8947,2004,12,28,9,0,0,1,0,0,0,0,0
7024,1.2412371134020619,1274,15.3,1159,170,545,101.51546391752578,1493,1326,10.6,67.9,0.8666,2004,12,28,10,0,0,1,0,0,0,0,0
7025,1.245360824742268,1092,9.2,946,170,691,101.56701030927834,1234,1043,12.7,56.7,0.8304,2004,12,28,11,0,0,1,0,0,0,0,0
7026,1.2494845360824742,1111,10.4,993,171,662,101.61855670103093,1287,1058,13.0,53.9,0.8029,2004,12,28,12,0,0,1,0,0,0,0,0
7027,1.2536082474226804,1177,14.8,1143,171,574,101.6701030927835,1443,1205,13.9,49.0,0.7727,2004,12,28,13,0,0,1,0,0,0,0,0
7028,1.2577319587628866,1199,14.6,1138,172,581,101.72164948453609,1452,1203,14.4,49.2,0.8027,2004,12,28,14,0,0,1,0,0,0,0,0
7029,1.2618556701030927,1121,10.7,1003,172,656,101.77319587628865,1323,1058,14.3,48.6,0.79,2004,12,28,15,0,0,1,0,0,0,0,0
7030,1.265979381443299,1252,15.5,1164,173,559,101.82474226804123,1474,1257,13.6,52.8,0.8177,2004,12,28,16,0,0,1,0,0,0,0,0
7031,1.270103092783505,1233,14.9,1144,173,575,101.87628865979381,1436,1271,13.1,54.3,0.8167,2004,12,28,17,0,0,1,0,0,0,0,0
7032,1.2742268041237113,1215,12.4,1063,174,616,101.9278350515464,1370,1214,12.4,59.3,0.853,2004,12,28,18,0,0,1,0,0,0,0,0
7033,1.2783505154639174,1193,11.2,1020,174,645,101.97938144329896,1340,1135,12.1,61.5,0.8677,2004,12,28,19,0,0,1,0,0,0,0,0
7034,1.2824742268041236,1195,11.3,1026,175,637,102.03092783505154,1342,1150,12.0,60.8,0.852,2004,12,28,20,0,0,1,0,0,0,0,0
7035,1.2865979381443298,1301,12.9,1080,175,579,102.08247422680412,1435,1248,11.0,73.8,0.9677,2004,12,28,21,0,0,1,0,0,0,0,0
7036,1.2907216494845362,1126,6.4,828,176,722,102.1340206185567,1250,955,9.6,82.9,0.99,2004,12,28,22,0,0,1,0,0,0,0,0
7037,1.2948453608247423,1013,3.6,687,176,872,102.18556701030928,1135,726,8.6,83.5,0.9372,2004,12,28,23,0,0,1,0,0,0,0,0
7038,1.2989690721649485,982,2.9,645,177,922,102.23711340206185,1107,708,8.7,83.0,0.9393,2004,12,29,0,0,0,0,1,0,0,0,0
7039,1.3030927835051547,970,2.8,642,177,922,102.28865979381443,1107,704,8.8,81.2,0.9214,2004,12,29,1,0,0,0,1,0,0,0,0
7040,1.3072164948453608,959,2.8,637,178,958,102.34020618556701,1107,667,8.9,79.0,0.9032,2004,12,29,2,0,0,0,1,0,0,0,0
7041,1.311340206185567,925,2.2,598,178,978,102.3917525773196,1079,662,9.0,76.5,0.8828,2004,12,29,3,0,0,0,1,0,0,0,0
7042,1.3154639175257732,847,1.0,502,179,1198,102.44329896907216,1020,508,9.0,75.8,0.8721,2004,12,29,4,0,0,0,1,0,0,0,0
7043,1.3195876288659794,885,1.4,534,179,1144,102.49484536082474,1036,529,9.1,73.9,0.8576,2004,12,29,5,0,0,0,1,0,0,0,0
7044,1.3237113402061855,883,1.6,549,180,1019,102.54639175257732,1025,607,9.4,70.9,0.8386,2004,12,29,6,0,0,0,1,0,0,0,0
7045,1.3278350515463917,892,2.0,587,180,1070,102.5979381443299,1041,623,10.1,65.9,0.8148,2004,12,29,7,0,0,0,1,0,0,0,0
7046,1.3319587628865979,970,3.4,678,181,916,102.64948453608247,1101,732,10.1,64.6,0.7967,2004,12,29,8,0,0,0,1,0,0,0,0
7047,1.336082474226804,904,2.9,644,182,949,102.70103092783505,1036,697,9.3,64.7,0.7575,2004,12,29,9,0,0,0,1,0,0,0,0
7048,1.3402061855670102,919,3.0,652,182,953,102.75257731958763,1045,712,9.9,61.3,0.7499,2004,12,29,10,0,0,0,1,0,0,0,0
7049,1.3443298969072166,929,3.3,668,183,937,102.80412371134021,1054,696,10.6,59.9,0.7674,2004,12,29,11,0,0,0,1,0,0,0,0
7050,1.3484536082474228,938,4.3,729,183,874,102.85567010309278,1060,702,11.1,55.3,0.7325,2004,12,29,12,0,0,0,1,0,0,0,0
7051,1.352577319587629,971,5.5,786,184,812,102.90721649484536,1086,796,12.0,49.3,0.69,2004,12,29,13,0,0,0,1,0,0,0,0
7052,1.3567010309278351,914,4.5,739,184,870,102.95876288659794,1025,714,11.6,46.8,0.6397,2004,12,29,14,0,0,0,1,0,0,0,0
7053,1.3608247422680413,892,4.1,719,185,918,103.01030927835052,1019,635,12.0,44.0,0.6169,2004,12,29,15,0,0,0,1,0,0,0,0
7054,1.3649484536082475,913,4.5,735,185,905,103.06185567010309,1024,706,11.8,44.3,0.6141,2004,12,29,16,0,0,0,1,0,0,0,0
7055,1.3690721649484536,928,4.9,759,186,871,103.11340206185567,1040,775,11.3,45.4,0.6063,2004,12,29,17,0,0,0,1,0,0,0,0
7056,1.3731958762886598,1035,9.0,941,186,734,103.16494845360825,1175,965,11.3,44.1,0.5909,2004,12,29,18,0,0,0,1,0,0,0,0
7057,1.377319587628866,1033,9.0,939,187,729,103.21649484536083,1159,979,11.2,45.1,0.5971,2004,12,29,19,0,0,0,1,0,0,0,0
7058,1.3814432989690721,990,7.2,865,187,764,103.26804123711341,1130,902,10.8,47.3,0.6122,2004,12,29,20,0,0,0,1,0,0,0,0
7059,1.3855670103092783,934,4.7,750,188,891,103.31958762886597,1035,798,10.7,47.7,0.6127,2004,12,29,21,0,0,0,1,0,0,0,0
7060,1.3896907216494845,881,3.3,670,188,979,103.37113402061856,978,697,10.5,46.9,0.5956,2004,12,29,22,0,0,0,1,0,0,0,0
7061,1.3938144329896907,855,2.7,631,189,1033,103.42268041237114,932,626,10.2,45.4,0.5632,2004,12,29,23,0,0,0,1,0,0,0,0
7062,1.3979381443298968,832,2.2,598,189,1122,103.47422680412372,912,537,9.7,46.0,0.5546,2004,12,30,0,0,0,0,0,1,0,0,0
7063,1.402061855670103,848,2.8,639,190,1057,103.52577319587628,929,574,9.8,45.2,0.5489,2004,12,30,1,0,0,0,0,1,0,0,0
7064,1.4061855670103092,806,1.8,567,190,1163,103.57731958762886,878,490,9.4,45.4,0.5355,2004,12,30,2,0,0,0,0,1,0,0,0
7065,1.4103092783505156,796,1.5,545,191,1210,103.62886597938144,853,450,9.3,44.0,0.5153,2004,12,30,3,0,0,0,0,1,0,0,0
7066,1.4144329896907217,777,0.9,493,191,1247,103.68041237113403,828,438,8.8,45.2,0.5134,2004,12,30,4,0,0,0,0,1,0,0,0
7067,1.418556701030928,785,1.1,505,192,1226,103.73195876288659,829,428,8.7,45.6,0.5128,2004,12,30,5,0,0,0,0,1,0,0,0
7068,1.422680412371134,766,0.7,470,192,1317,103.78350515463917,810,404,8.5,44.8,0.498,2004,12,30,6,0,0,0,0,1,0,0,0
7069,1.4268041237113402,808,1.4,534,193,1243,103.83505154639175,853,480,8.7,43.4,0.4905,2004,12,30,7,0,0,0,0,1,0,0,0
7070,1.4309278350515464,975,6.2,822,193,852,103.88659793814433,1049,876,8.5,43.6,0.4865,2004,12,30,8,0,0,0,0,1,0,0,0
7071,1.4350515463917526,943,6.1,816,194,828,103.9381443298969,1033,868,8.8,42.0,0.4773,2004,12,30,9,0,0,0,0,1,0,0,0
7072,1.4391752577319588,886,5.0,764,194,920,103.98969072164948,946,740,10.8,35.1,0.4549,2004,12,30,10,0,0,0,0,1,0,0,0
7073,1.443298969072165,861,4.1,716,195,973,104.04123711340206,921,628,11.7,34.4,0.4712,2004,12,30,11,0,0,0,0,1,0,0,0
7074,1.447422680412371,881,4.4,734,195,961,104.09278350515464,925,636,12.6,31.7,0.4613,2004,12,30,12,0,0,0,0,1,0,0,0
7075,1.4515463917525773,855,4.6,741,196,965,104.14432989690722,901,616,12.5,30.3,0.4367,2004,12,30,13,0,0,0,0,1,0,0,0
7076,1.4556701030927834,855,4.3,725,196,983,104.19587628865979,898,613,11.4,32.8,0.4424,2004,12,30,14,0,0,0,0,1,0,0,0
7077,1.4597938144329898,844,3.6,689,197,1040,104.24742268041237,867,545,12.1,31.1,0.4383,2004,12,30,15,0,0,0,0,1,0,0,0
7078,1.463917525773196,900,5.6,794,197,906,104.29896907216495,930,710,12.3,29.7,0.4226,2004,12,30,16,0,0,0,0,1,0,0,0
7079,1.4680412371134022,883,4.8,751,198,962,104.35051546391753,922,661,9.8,36.4,0.4414,2004,12,30,17,0,0,0,0,1,0,0,0
7080,1.4721649484536083,994,8.1,903,199,781,104.4020618556701,1079,922,9.3,40.8,0.4781,2004,12,30,18,0,0,0,0,1,0,0,0
7081,1.4762886597938145,927,5.2,774,199,883,104.45360824742268,976,755,8.6,45.1,0.5038,2004,12,30,19,0,0,0,0,1,0,0,0
7082,1.4804123711340207,1078,10.2,987,200,718,104.50515463917526,1152,1015,9.3,41.7,0.4884,2004,12,30,20,0,0,0,0,1,0,0,0
7083,1.4845360824742269,952,5.5,788,200,849,104.55670103092784,1018,876,8.7,44.3,0.4998,2004,12,30,21,0,0,0,0,1,0,0,0
7084,1.488659793814433,882,3.1,660,201,991,104.6082474226804,922,727,8.0,47.6,0.5113,2004,12,30,22,0,0,0,0,1,0,0,0
7085,1.4927835051546392,924,4.2,724,201,946,104.65979381443299,969,781,7.7,47.2,0.4975,2004,12,30,23,0,0,0,0,1,0,0,0
7086,1.4969072164948454,987,6.2,823,202,827,104.71134020618557,1027,893,7.2,50.2,0.5118,2004,12,31,0,0,0,0,0,0,1,0,0
7087,1.5010309278350515,930,4.8,752,202,889,104.76288659793815,981,820,6.9,50.3,0.5029,2004,12,31,1,0,0,0,0,0,1,0,0
7088,1.5051546391752577,861,3.0,654,203,995,104.81443298969072,919,632,6.7,50.7,0.4998,2004,12,31,2,0,0,0,0,0,1,0,0
7089,1.5092783505154639,783,1.2,522,203,1241,104.8659793814433,832,458,7.6,46.4,0.4869,2004,12,31,3,0,0,0,0,0,1,0,0
7092,1.5216494845360824,787,0.6,452,205,1400,105.02061855670104,823,370,7.8,48.1,0.5095,2004,12,31,6,0,0,0,0,0,1,0,0
7093,1.5257731958762886,820,1.1,506,205,1221,105.0721649484536,871,466,8.1,47.8,0.5157,2004,12,31,7,0,0,0,0,0,1,0,0
7094,1.5298969072164947,840,1.6,552,206,1152,105.12371134020619,893,510,8.5,46.7,0.5191,2004,12,31,8,0,0,0,0,0,1,0,0
7095,1.5340206185567011,897,3.1,656,206,953,105.17525773195877,964,641,8.9,44.1,0.5039,2004,12,31,9,0,0,0,0,0,1,0,0
7096,1.5381443298969073,989,5.6,793,207,815,105.22680412371135,1052,862,9.4,42.5,0.5038,2004,12,31,10,0,0,0,0,0,1,0,0
7097,1.5422680412371135,909,4.5,737,207,909,105.27835051546391,941,753,10.8,36.3,0.4712,2004,12,31,11,0,0,0,0,0,1,0,0
7098,1.5463917525773196,865,3.8,697,208,1002,105.3298969072165,883,589,11.9,30.6,0.4264,2004,12,31,12,0,0,0,0,0,1,0,0
7099,1.5505154639175258,924,6.2,821,208,899,105.38144329896907,955,704,12.2,29.7,0.4205,2004,12,31,13,0,0,0,0,0,1,0,0
7100,1.554639175257732,912,5.6,794,209,885,105.43298969072166,943,731,12.0,31.1,0.434,2004,12,31,14,0,0,0,0,0,1,0,0
7101,1.5587628865979382,872,4.1,717,209,991,105.48453608247422,882,592,12.7,28.4,0.416,2004,12,31,15,0,0,0,0,0,1,0,0
7102,1.5628865979381443,917,5.6,794,210,907,105.5360824742268,946,740,13.3,27.5,0.4185,2004,12,31,16,0,0,0,0,0,1,0,0
7103,1.5670103092783505,962,7.6,883,210,818,105.58762886597938,996,896,11.4,30.8,0.4148,2004,12,31,17,0,0,0,0,0,1,0,0
7104,1.5711340206185567,932,6.1,817,211,883,105.63917525773196,942,854,9.8,34.0,0.4112,2004,12,31,18,0,0,0,0,0,1,0,0
7105,1.575257731958763,930,5.3,781,211,933,105.69072164948453,906,866,9.3,33.6,0.3958,2004,12,31,19,0,0,0,0,0,1,0,0
7106,1.5793814432989692,962,5.3,780,212,919,105.74226804123711,909,884,9.6,32.3,0.3871,2004,12,31,20,0,0,0,0,0,1,0,0
7107,1.5835051546391754,974,5.5,790,212,915,105.79381443298969,895,951,9.1,32.5,0.3766,2004,12,31,21,0,0,0,0,0,1,0,0
7108,1.5876288659793816,1055,5.6,791,213,845,105.84536082474227,936,1195,9.1,37.2,0.431,2004,12,31,22,0,0,0,0,0,1,0,0
7109,1.5917525773195877,1003,4.6,744,213,882,105.89690721649484,899,1138,7.8,38.4,0.4085,2004,12,31,23,0,0,0,0,0,1,0,0
7110,1.595876288659794,1046,4.2,724,214,848,105.94845360824742,898,1201,8.2,40.1,0.4375,2005,1,1,0,1,0,0,0,0,0,1,0
7111,1.6,1275,8.8,930,215,649,106.0,1024,1617,5.3,50.7,0.4564,2005,1,1,1,1,0,0,0,0,0,1,0
7112,2.5,1173,7.5,878,300,738,129.0,1002,1355,5.9,50.0,0.4689,2005,1,1,2,1,0,0,0,0,0,1,0
7113,2.7,1163,7.6,881,276,748,127.5,1001,1296,4.9,53.9,0.4693,2005,1,1,3,1,0,0,0,0,0,1,0
7114,1.9,1054,5.6,791,253,830,126.0,967,1131,4.3,55.3,0.465,2005,1,1,4,1,0,0,0,0,0,1,0
7115,1.4,1004,4.8,753,181,879,106.0,942,1036,4.2,57.1,0.4759,2005,1,1,5,1,0,0,0,0,0,1,0
7116,1.5,1001,5.3,777,171,859,99.0,954,1009,3.5,58.3,0.4636,2005,1,1,6,1,0,0,0,0,0,1,0
7117,1.4,974,4.5,736,168,888,97.0,945,966,3.0,60.7,0.4667,2005,1,1,7,1,0,0,0,0,0,1,0
7118,1.1,915,3.0,653,169,973,94.0,905,901,2.6,63.2,0.4721,2005,1,1,8,1,0,0,0,0,0,1,0
7119,1.0,939,3.0,649,145,996,86.0,897,879,3.9,59.0,0.4807,2005,1,1,9,1,0,0,0,0,0,1,0
7120,1.2,973,4.7,748,190,878,97.0,968,991,4.7,57.2,0.4932,2005,1,1,10,1,0,0,0,0,0,1,0
7121,1.7,1011,5.4,782,225,846,113.0,992,1019,6.8,48.6,0.4822,2005,1,1,11,1,0,0,0,0,0,1,0
7122,2.3,1097,7.4,875,261,778,125.0,1080,1151,8.6,43.6,0.4887,2005,1,1,12,1,0,0,0,0,0,1,0
7123,2.2,1149,8.4,914,382,742,147.0,1072,1242,9.5,41.2,0.4908,2005,1,1,13,1,0,0,0,0,0,1,0
7124,2.4,1117,8.9,934,357,721,153.0,1075,1206,10.9,35.9,0.468,2005,1,1,14,1,0,0,0,0,0,1,0
7125,2.2,1085,7.9,896,299,760,147.0,1049,1138,12.5,32.3,0.467,2005,1,1,15,1,0,0,0,0,0,1,0
7126,2.1,1102,7.7,885,313,772,139.0,1051,1142,12.8,32.6,0.4814,2005,1,1,16,1,0,0,0,0,0,1,0
7127,3.0,1281,12.1,1053,510,659,165.0,1192,1438,10.9,39.7,0.5166,2005,1,1,17,1,0,0,0,0,0,1,0
7129,3.6,1328,11.4,1029,622,637,172.0,1188,1611,8.1,54.1,0.5882,2005,1,1,19,1,0,0,0,0,0,1,0
7130,2.5,1198,7.9,897,402,720,151.0,1072,1436,7.8,54.6,0.5786,2005,1,1,20,1,0,0,0,0,0,1,0
7131,2.3,1176,8.1,905,334,718,137.0,1104,1389,6.2,59.6,0.5698,2005,1,1,21,1,0,0,0,0,0,1,0
7132,2.1,1118,6.4,830,295,765,130.0,1058,1313,5.7,59.9,0.5523,2005,1,1,22,1,0,0,0,0,0,1,0
7133,1.7,1091,5.2,773,222,820,115.0,1003,1232,5.6,59.7,0.5463,2005,1,1,23,1,0,0,0,0,0,1,0
7134,1.8,1078,5.2,775,230,809,112.0,1012,1195,4.7,62.9,0.5424,2005,1,2,0,1,0,0,0,0,0,0,1
7135,1.6,1043,4.3,726,195,875,105.0,972,1107,4.5,63.5,0.5411,2005,1,2,1,1,0,0,0,0,0,0,1
7136,1.3,992,3.6,685,167,916,96.0,963,1035,4.5,63.6,0.5414,2005,1,2,2,1,0,0,0,0,0,0,1
7137,1.3,1004,4.5,739,157,868,91.5,1004,1030,3.1,70.0,0.5388,2005,1,2,3,1,0,0,0,0,0,0,1
7138,1.3,947,3.3,673,148,929,87.0,974,929,3.2,68.3,0.531,2005,1,2,4,1,0,0,0,0,0,0,1
7139,1.1,923,2.7,634,123,984,75.0,943,875,3.1,69.2,0.5337,2005,1,2,5,1,0,0,0,0,0,0,1
7140,1.0,911,2.4,613,148,992,82.0,934,861,2.4,71.9,0.5288,2005,1,2,6,1,0,0,0,0,0,0,1
7141,1.0,924,2.6,629,143,994,83.0,941,852,3.1,68.7,0.5317,2005,1,2,7,1,0,0,0,0,0,0,1
7142,1.2,954,3.4,674,180,940,88.0,981,891,2.1,73.1,0.5289,2005,1,2,8,1,0,0,0,0,0,0,1
7143,1.3,960,3.9,704,226,887,106.0,1003,947,3.3,68.2,0.5346,2005,1,2,9,1,0,0,0,0,0,0,1
7144,1.6,1016,4.9,760,254,835,112.0,1044,1016,4.1,65.8,0.5451,2005,1,2,10,1,0,0,0,0,0,0,1
7145,2.2,1139,7.5,879,372,753,141.0,1092,1201,6.6,56.6,0.5528,2005,1,2,11,1,0,0,0,0,0,0,1
7146,2.2,1130,7.1,860,379,752,148.0,1058,1218,8.0,51.2,0.5516,2005,1,2,12,1,0,0,0,0,0,0,1
7147,2.8,1237,9.6,962,478,685,171.0,1138,1385,10.3,44.9,0.5612,2005,1,2,13,1,0,0,0,0,0,0,1
7148,2.1,1159,6.5,837,344,742,160.0,1087,1311,12.3,41.7,0.5961,2005,1,2,14,1,0,0,0,0,0,0,1
7149,1.6,1124,5.5,790,258,791,137.0,1071,1206,13.5,41.3,0.6342,2005,1,2,15,1,0,0,0,0,0,0,1
7150,2.8,1312,10.5,998,474,640,167.0,1249,1473,13.4,43.1,0.66,2005,1,2,16,1,0,0,0,0,0,0,1
7151,2.6,1246,8.9,936,438,665,164.0,1182,1460,9.9,53.3,0.6504,2005,1,2,17,1,0,0,0,0,0,0,1
7152,2.8,1232,8.8,931,451,674,166.0,1171,1627,8.9,54.6,0.6226,2005,1,2,18,1,0,0,0,0,0,0,1
7153,2.9,1286,10.5,996,473,644,167.0,1217,1827,8.9,54.8,0.6244,2005,1,2,19,1,0,0,0,0,0,0,1
7154,3.4,1347,13.0,1084,560,582,174.0,1290,2004,8.3,58.2,0.6391,2005,1,2,20,1,0,0,0,0,0,0,1
7155,2.9,1343,12.860377358490567,1078,470,584,160.0,1287,1987,8.322641509433963,58.41320754716981,0.6426283018867924,2005,1,2,21,1,0,0,0,0,0,0,1
7156,3.2,1339,12.720754716981132,1072,506,587,169.0,1285,1971,8.345283018867924,58.62641509433963,0.6461566037735849,2005,1,2,22,1,0,0,0,0,0,0,1
7157,3.1,1335,12.581132075471698,1067,482,590,162.0,1283,1955,8.367924528301888,58.839622641509436,0.6496849056603774,2005,1,2,23,1,0,0,0,0,0,0,1
7158,3.0,1331,12.441509433962263,1061,436,592,149.0,1280,1939,8.39056603773585,59.052830188679245,0.6532132075471698,2005,1,3,0,0,1,0,0,0,0,0,0
7159,3.4,1327,12.30188679245283,1056,472,595,158.0,1278,1923,8.413207547169812,59.26603773584906,0.6567415094339623,2005,1,3,1,0,1,0,0,0,0,0,0
7160,3.0,1323,12.162264150943397,1050,379,598,143.0,1276,1907,8.435849056603773,59.47924528301887,0.6602698113207547,2005,1,3,2,0,1,0,0,0,0,0,0
7161,2.7,1319,12.022641509433962,1045,332,601,132.0,1274,1891,8.458490566037737,59.692452830188685,0.6637981132075471,2005,1,3,3,0,1,0,0,0,0,0,0
7162,1.9000000000000001,1315,11.883018867924529,1039,286,603,121.0,1271,1875,8.481132075471699,59.905660377358494,0.6673264150943397,2005,1,3,4,0,1,0,0,0,0,0,0
7163,1.1,1311,11.743396226415094,1034,155,606,92.0,1269,1859,8.50377358490566,60.1188679245283,0.6708547169811321,2005,1,3,5,0,1,0,0,0,0,0,0
7164,1.4,1307,11.60377358490566,1028,264,609,102.0,1267,1843,8.526415094339622,60.33207547169812,0.6743830188679245,2005,1,3,6,0,1,0,0,0,0,0,0
7165,1.8,1303,11.464150943396227,1023,366,612,121.0,1265,1826,8.549056603773586,60.54528301886793,0.6779113207547169,2005,1,3,7,0,1,0,0,0,0,0,0
7166,3.6,1299,11.324528301886792,1017,622,614,164.0,1262,1810,8.571698113207548,60.758490566037736,0.6814396226415094,2005,1,3,8,0,1,0,0,0,0,0,0
7167,3.1,1295,11.184905660377359,1012,551,617,175.0,1260,1794,8.59433962264151,60.97169811320755,0.6849679245283019,2005,1,3,9,0,1,0,0,0,0,0,0
7168,1.9,1291,11.045283018867924,1006,349,620,130.0,1258,1778,8.616981132075471,61.18490566037736,0.6884962264150943,2005,1,3,10,0,1,0,0,0,0,0,0
7169,1.7,1287,10.90566037735849,1001,285,623,117.0,1256,1762,8.639622641509435,61.39811320754717,0.6920245283018868,2005,1,3,11,0,1,0,0,0,0,0,0
7170,1.7,1283,10.766037735849057,995,265,625,115.0,1253,1746,8.662264150943397,61.611320754716985,0.6955528301886792,2005,1,3,12,0,1,0,0,0,0,0,0
7171,1.6,1279,10.626415094339622,990,222,628,106.0,1251,1730,8.684905660377359,61.824528301886794,0.6990811320754717,2005,1,3,13,0,1,0,0,0,0,0,0
7172,1.6,1275,10.486792452830189,984,237,631,102.0,1249,1714,8.70754716981132,62.0377358490566,0.7026094339622642,2005,1,3,14,0,1,0,0,0,0,0,0
7173,1.7,1271,10.347169811320754,979,294,633,122.0,1246,1698,8.730188679245284,62.25094339622642,0.7061377358490566,2005,1,3,15,0,1,0,0,0,0,0,0
7174,2.2,1267,10.20754716981132,973,329,636,138.0,1244,1682,8.752830188679246,62.46415094339623,0.709666037735849,2005,1,3,16,0,1,0,0,0,0,0,0
7175,3.3,1263,10.067924528301887,968,487,639,162.0,1242,1666,8.775471698113208,62.677358490566036,0.7131943396226414,2005,1,3,17,0,1,0,0,0,0,0,0
7176,3.9,1259,9.928301886792454,962,604,642,177.0,1240,1649,8.79811320754717,62.89056603773585,0.7167226415094339,2005,1,3,18,0,1,0,0,0,0,0,0
7178,4.2,1251,9.649056603773584,951,653,647,182.0,1235,1617,8.843396226415095,63.316981132075476,0.7237792452830188,2005,1,3,20,0,1,0,0,0,0,0,0
7179,3.2,1247,9.50943396226415,946,509,650,163.0,1233,1601,8.866037735849057,63.530188679245285,0.7273075471698113,2005,1,3,21,0,1,0,0,0,0,0,0
7180,1.7,1243,9.369811320754717,940,277,653,135.0,1231,1585,8.888679245283019,63.74339622641509,0.7308358490566037,2005,1,3,22,0,1,0,0,0,0,0,0
7181,1.5,1239,9.230188679245284,935,268,655,130.0,1228,1569,8.911320754716982,63.95660377358491,0.7343641509433962,2005,1,3,23,0,1,0,0,0,0,0,0
7182,1.3,1235,9.090566037735849,929,193,658,117.0,1226,1553,8.933962264150944,64.16981132075472,0.7378924528301887,2005,1,4,0,0,0,1,0,0,0,0,0
7183,1.2,1231,8.950943396226414,924,167,661,104.0,1224,1537,8.956603773584906,64.38301886792453,0.7414207547169811,2005,1,4,1,0,0,1,0,0,0,0,0
7184,1.3,1227,8.81132075471698,918,159,664,97.0,1222,1521,8.979245283018868,64.59622641509434,0.7449490566037735,2005,1,4,2,0,0,1,0,0,0,0,0
7185,0.8,1223,8.671698113207547,913,124,666,84.5,1219,1505,9.001886792452831,64.80943396226415,0.748477358490566,2005,1,4,3,0,0,1,0,0,0,0,0
7186,0.6,1219,8.532075471698114,907,89,669,72.0,1217,1488,9.024528301886793,65.02264150943397,0.7520056603773585,2005,1,4,4,0,0,1,0,0,0,0,0
7187,0.8,1215,8.39245283018868,902,97,672,71.0,1215,1472,9.047169811320755,65.23584905660377,0.7555339622641509,2005,1,4,5,0,0,1,0,0,0,0,0
7188,0.9,1211,8.252830188679244,896,182,675,94.0,1213,1456,9.069811320754717,65.44905660377358,0.7590622641509434,2005,1,4,6,0,0,1,0,0,0,0,0
7189,1.1,1207,8.11320754716981,891,262,677,118.0,1210,1440,9.09245283018868,65.6622641509434,0.7625905660377358,2005,1,4,7,0,0,1,0,0,0,0,0
7190,3.4,1203,7.973584905660378,885,561,680,174.0,1208,1424,9.115094339622642,65.87547169811322,0.7661188679245283,2005,1,4,8,0,0,1,0,0,0,0,0
7191,3.6,1199,7.833962264150943,880,540,683,170.0,1206,1408,9.137735849056604,66.08867924528302,0.7696471698113208,2005,1,4,9,0,0,1,0,0,0,0,0
7192,3.1,1195,7.694339622641509,874,480,685,171.0,1203,1392,9.160377358490566,66.30188679245283,0.7731754716981132,2005,1,4,10,0,0,1,0,0,0,0,0
7193,3.3,1191,7.554716981132076,869,608,688,196.0,1201,1376,9.18301886792453,66.51509433962264,0.7767037735849056,2005,1,4,11,0,0,1,0,0,0,0,0
7194,3.4,1187,7.415094339622642,863,584,691,191.0,1199,1360,9.205660377358491,66.72830188679245,0.780232075471698,2005,1,4,12,0,0,1,0,0,0,0,0
7195,2.8,1183,7.275471698113208,858,426,694,165.0,1197,1344,9.228301886792453,66.94150943396227,0.7837603773584905,2005,1,4,13,0,0,1,0,0,0,0,0
7196,2.6,1179,7.1358490566037736,852,397,696,148.0,1194,1328,9.250943396226415,67.15471698113208,0.787288679245283,2005,1,4,14,0,0,1,0,0,0,0,0
7197,3.0,1175,6.996226415094339,847,473,699,172.0,1192,1311,9.273584905660378,67.36792452830188,0.7908169811320754,2005,1,4,15,0,0,1,0,0,0,0,0
7198,2.9,1171,6.856603773584906,841,369,702,165.0,1190,1295,9.29622641509434,67.5811320754717,0.7943452830188679,2005,1,4,16,0,0,1,0,0,0,0,0
7199,3.8,1167,6.716981132075472,836,532,705,184.0,1188,1279,9.318867924528302,67.79433962264152,0.7978735849056603,2005,1,4,17,0,0,1,0,0,0,0,0
7200,3.8,1163,6.577358490566038,830,498,707,173.0,1185,1263,9.341509433962264,68.00754716981132,0.8014018867924528,2005,1,4,18,0,0,1,0,0,0,0,0
7201,3.6,1159,6.437735849056604,825,487,710,174.0,1183,1247,9.364150943396227,68.22075471698113,0.8049301886792453,2005,1,4,19,0,0,1,0,0,0,0,0
7202,4.5,1155,6.2981132075471695,819,629,713,181.0,1181,1231,9.38679245283019,68.43396226415095,0.8084584905660377,2005,1,4,20,0,0,1,0,0,0,0,0
7203,3.7,1151,6.158490566037736,814,502,716,166.0,1179,1215,9.409433962264151,68.64716981132075,0.8119867924528301,2005,1,4,21,0,0,1,0,0,0,0,0
7204,2.4,1147,6.018867924528302,808,381,718,150.0,1176,1199,9.432075471698113,68.86037735849057,0.8155150943396225,2005,1,4,22,0,0,1,0,0,0,0,0
7205,1.7,1143,5.879245283018868,803,250,721,131.0,1174,1183,9.454716981132076,69.07358490566038,0.819043396226415,2005,1,4,23,0,0,1,0,0,0,0,0
7206,1.7,1139,5.739622641509434,797,266,724,129.0,1172,1167,9.477358490566038,69.28679245283018,0.8225716981132075,2005,1,5,0,0,0,0,1,0,0,0,0
7207,1.7,1135,5.6,792,226,727,120.0,1170,1151,9.5,69.5,0.8261,2005,1,5,1,0,0,0,1,0,0,0,0
7208,1.9,1188,8.1,901,259,657,119.0,1261,1185,9.1,70.9,0.8176,2005,1,5,2,0,0,0,1,0,0,0,0
7209,2.0,1242,8.5,921,259,626,115.0,1219,1374,8.1,72.1,0.7798,2005,1,5,3,0,0,0,1,0,0,0,0
7210,2.0,1219,7.7,889,260,649,111.0,1186,1405,7.9,72.1,0.7679,2005,1,5,4,0,0,0,1,0,0,0,0
7211,1.7,1187,6.8,850,242,653,109.0,1169,1383,7.6,72.7,0.7598,2005,1,5,5,0,0,0,1,0,0,0,0
7212,1.8,1225,8.1,904,267,644,110.0,1194,1460,7.5,71.7,0.7439,2005,1,5,6,0,0,0,1,0,0,0,0
7213,2.2,1333,11.1,1019,411,576,126.0,1275,1612,7.9,70.6,0.7562,2005,1,5,7,0,0,0,1,0,0,0,0
7214,3.7,1489,16.4,1193,670,497,148.0,1475,1776,8.6,69.0,0.7732,2005,1,5,8,0,0,0,1,0,0,0,0
7220,3.1,1295,13.2,1090,459,553,155.0,1479,1441,14.3,61.2,0.9941,2005,1,5,14,0,0,0,1,0,0,0,0
7221,2.6,1288,13.9,1112,346,560,150.0,1492,1380,14.6,59.6,0.9824,2005,1,5,15,0,0,0,1,0,0,0,0
7222,2.8,1281,13.8,1111,383,553,148.0,1483,1409,14.2,60.0,0.9684,2005,1,5,16,0,0,0,1,0,0,0,0
7223,2.8,1310,13.5,1099,414,559,158.0,1481,1445,13.8,62.6,0.9862,2005,1,5,17,0,0,0,1,0,0,0,0
7224,2.8,1276,13.5,1099,370,559,152.0,1504,1388,13.6,64.0,0.9891,2005,1,5,18,0,0,0,1,0,0,0,0
7225,3.1,1312,15.0,1148,400,532,148.0,1525,1411,13.4,64.5,0.9865,2005,1,5,19,0,0,0,1,0,0,0,0
7226,3.3,1332,14.9,1146,378,539,147.0,1523,1377,13.5,64.7,0.9971,2005,1,5,20,0,0,0,1,0,0,0,0
7227,2.7,1248,11.9,1046,357,588,144.0,1404,1316,13.4,65.3,0.9967,2005,1,5,21,0,0,0,1,0,0,0,0
7228,2.3,1182,9.2,947,333,643,144.0,1334,1210,13.2,64.5,0.9732,2005,1,5,22,0,0,0,1,0,0,0,0
7229,1.6,1059,6.0,810,227,764,126.0,1200,1002,13.2,62.3,0.9392,2005,1,5,23,0,0,0,1,0,0,0,0
7230,1.6,1056,5.6,795,203,783,115.0,1187,896,12.5,63.7,0.9196,2005,1,6,0,0,0,0,0,1,0,0,0
7231,1.7,1064,5.4,785,210,769,116.0,1184,946,12.3,64.6,0.9229,2005,1,6,1,0,0,0,0,1,0,0,0
7232,1.6,1059,5.4,783,198,781,112.0,1188,877,12.5,63.8,0.9244,2005,1,6,2,0,0,0,0,1,0,0,0
7233,1.4,991,3.5,681,143,874,89.5,1125,718,12.6,62.7,0.9121,2005,1,6,3,0,0,0,0,1,0,0,0
7234,1.15,950,2.5,622,89,960,67.0,1093,643,12.0,64.6,0.906,2005,1,6,4,0,0,0,0,1,0,0,0
7235,0.9,1005,3.4,679,89,875,67.0,1120,745,10.7,69.5,0.8919,2005,1,6,5,0,0,0,0,1,0,0,0
7236,0.8,939,1.8,568,101,1037,72.0,1054,656,12.4,62.6,0.8994,2005,1,6,6,0,0,0,0,1,0,0,0
7237,0.7,961,2.6,629,104,1011,69.0,1114,682,12.3,62.7,0.8947,2005,1,6,7,0,0,0,0,1,0,0,0
7238,1.1,1017,4.0,712,192,827,107.0,1147,829,11.4,66.6,0.8948,2005,1,6,8,0,0,0,0,1,0,0,0
7239,1.5,1108,6.2,823,237,720,117.0,1247,961,11.1,70.2,0.9276,2005,1,6,9,0,0,0,0,1,0,0,0
7240,1.5,1122,5.8,803,211,733,115.0,1225,960,13.4,61.0,0.9348,2005,1,6,10,0,0,0,0,1,0,0,0
7241,1.6,1099,6.3,826,230,739,120.0,1223,940,15.9,52.2,0.9377,2005,1,6,11,0,0,0,0,1,0,0,0
7242,1.6,1124,5.9,805,240,726,128.0,1233,938,15.6,54.0,0.9515,2005,1,6,12,0,0,0,0,1,0,0,0
7243,2.0,1186,8.5,921,295,660,138.0,1310,1040,16.3,51.5,0.9462,2005,1,6,13,0,0,0,0,1,0,0,0
7244,1.7,1096,6.2,819,243,733,127.0,1238,904,16.5,50.8,0.9442,2005,1,6,14,0,0,0,0,1,0,0,0
7245,1.5,1120,6.4,829,196,725,111.0,1259,910,16.3,51.9,0.9535,2005,1,6,15,0,0,0,0,1,0,0,0
7246,2.0,1185,7.9,893,237,666,122.0,1312,1011,16.2,53.0,0.9687,2005,1,6,16,0,0,0,0,1,0,0,0
7247,1.9,1173,7.7,885,274,685,134.0,1288,1038,15.6,54.8,0.966,2005,1,6,17,0,0,0,0,1,0,0,0
7248,2.1,1221,8.9,935,352,642,153.0,1323,1144,14.5,57.5,0.944,2005,1,6,18,0,0,0,0,1,0,0,0
7249,2.8,1330,12.4,1063,488,578,169.0,1419,1352,14.0,60.1,0.9566,2005,1,6,19,0,0,0,0,1,0,0,0
7250,2.7,1325,11.3,1027,426,591,162.0,1394,1365,13.5,63.0,0.9686,2005,1,6,20,0,0,0,0,1,0,0,0
7251,2.4,1195,8.4,915,376,666,152.0,1295,1245,12.6,65.4,0.9529,2005,1,6,21,0,0,0,0,1,0,0,0
7252,1.6,1150,7.3,869,237,694,127.0,1252,1203,12.0,67.5,0.9413,2005,1,6,22,0,0,0,0,1,0,0,0
7253,1.7,1145,5.9,806,199,736,112.0,1207,1120,10.5,72.0,0.912,2005,1,6,23,0,0,0,0,1,0,0,0
7254,1.3,1041,4.3,729,164,819,98.0,1130,972,10.0,70.9,0.8706,2005,1,7,0,0,0,0,0,0,1,0,0
7255,1.4,1032,3.6,687,142,867,89.0,1109,878,9.8,70.7,0.8571,2005,1,7,1,0,0,0,0,0,1,0,0
7256,1.2,1010,3.1,661,142,881,82.0,1100,853,8.0,75.0,0.8098,2005,1,7,2,0,0,0,0,0,1,0,0
7257,1.0,951,2.5,620,134,938,79.5,1077,779,7.9,75.1,0.805,2005,1,7,3,0,0,0,0,0,1,0,0
7258,1.0,944,2.5,617,127,944,77.0,1039,766,7.0,77.3,0.7782,2005,1,7,4,0,0,0,0,0,1,0,0
7259,0.6,862,1.4,540,73,1110,55.0,999,670,7.2,74.4,0.7581,2005,1,7,5,0,0,0,0,0,1,0,0
7260,0.7,909,1.8,567,100,1049,63.0,993,694,6.7,75.0,0.7418,2005,1,7,6,0,0,0,0,0,1,0,0
7261,1.0,965,3.1,659,126,973,69.0,1059,739,6.4,76.3,0.7389,2005,1,7,7,0,0,0,0,0,1,0,0
7262,1.7,1102,7.6,884,284,719,99.0,1218,940,6.0,78.5,0.7377,2005,1,7,8,0,0,0,0,0,1,0,0
7263,3.0,1226,15.3,1157,419,552,125.0,1464,1201,6.3,77.4,0.7452,2005,1,7,9,0,0,0,0,0,1,0,0
7264,2.4,1132,9.3,950,432,659,123.0,1253,1106,7.7,73.8,0.7769,2005,1,7,10,0,0,0,0,0,1,0,0
7265,2.2,1183,11.0,1013,310,632,128.0,1306,1186,10.2,61.5,0.7638,2005,1,7,11,0,0,0,0,0,1,0,0
7266,2.6,1211,10.6,998,446,605,149.0,1298,1302,11.3,58.1,0.7743,2005,1,7,12,0,0,0,0,0,1,0,0
7267,2.5,1253,11.4,1030,464,590,137.0,1351,1368,10.6,62.3,0.7981,2005,1,7,13,0,0,0,0,0,1,0,0
7268,3.0,1311,13.1,1088,505,563,147.0,1402,1452,11.1,62.0,0.8199,2005,1,7,14,0,0,0,0,0,1,0,0
7269,3.3,1341,14.8,1142,564,536,168.0,1454,1537,12.6,57.7,0.8387,2005,1,7,15,0,0,0,0,0,1,0,0
7270,3.8,1432,16.5,1195,625,509,180.0,1513,1651,13.3,56.2,0.8548,2005,1,7,16,0,0,0,0,0,1,0,0
7271,3.6,1404,16.5,1195,590,499,170.0,1501,1623,11.2,65.3,0.8639,2005,1,7,17,0,0,0,0,0,1,0,0
7276,3.9,1306,15.4,1161,646,557,146.0,1407,1379,5.5,83.5,0.7619,2005,1,7,22,0,0,0,0,0,1,0,0
7277,3.3,1232,11.6,1035,536,623,132.0,1296,1256,5.8,81.3,0.7568,2005,1,7,23,0,0,0,0,0,1,0,0
7278,3.4,1277,13.0,1085,567,589,137.0,1329,1344,5.4,82.6,0.7495,2005,1,8,0,1,0,0,0,0,0,1,0
7279,2.4,1063,6.7,843,357,762,114.0,1125,1089,6.4,76.3,0.7369,2005,1,8,1,1,0,0,0,0,0,1,0
7280,1.4,991,4.6,744,187,863,95.0,1069,949,7.0,73.6,0.7417,2005,1,8,2,1,0,0,0,0,0,1,0
7281,1.4,989,3.8,701,178,871,91.5,1049,933,7.2,72.3,0.7392,2005,1,8,3,1,0,0,0,0,0,1,0
7282,1.2,972,3.4,674,169,926,88.0,1032,882,7.9,69.3,0.7413,2005,1,8,4,1,0,0,0,0,0,1,0
7283,1.2,973,3.4,675,184,903,94.0,1029,905,7.4,71.7,0.7434,2005,1,8,5,1,0,0,0,0,0,1,0
7284,1.2,985,3.6,691,205,878,97.0,1056,902,7.7,71.9,0.7575,2005,1,8,6,1,0,0,0,0,0,1,0
7285,1.3,1020,4.5,736,213,854,93.0,1069,923,8.1,68.0,0.7396,2005,1,8,7,1,0,0,0,0,0,1,0
7286,2.3,1192,10.0,978,415,638,113.0,1273,1210,6.7,77.1,0.7597,2005,1,8,8,1,0,0,0,0,0,1,0
7287,3.4,1325,14.7,1140,583,542,126.0,1403,1468,6.8,77.9,0.7756,2005,1,8,9,1,0,0,0,0,0,1,0
7288,3.0,1219,11.3,1026,462,604,133.0,1311,1329,8.9,66.7,0.7634,2005,1,8,10,1,0,0,0,0,0,1,0
7289,2.5,1195,10.4,992,387,632,141.0,1251,1295,11.6,54.1,0.7387,2005,1,8,11,1,0,0,0,0,0,1,0
7290,2.7,1230,11.2,1020,414,605,139.0,1301,1365,13.5,49.4,0.7598,2005,1,8,12,1,0,0,0,0,0,1,0
7291,2.8,1312,13.1,1087,440,567,147.0,1393,1452,13.8,50.9,0.796,2005,1,8,13,1,0,0,0,0,0,1,0
7292,3.6,1387,14.3,1127,516,530,175.0,1430,1615,13.4,55.9,0.8588,2005,1,8,14,1,0,0,0,0,0,1,0
7293,3.1,1375,12.8,1076,495,555,180.0,1377,1599,12.9,59.0,0.8736,2005,1,8,15,1,0,0,0,0,0,1,0
7294,4.3,1532,18.9,1265,643,482,194.0,1578,1777,13.3,59.0,0.8945,2005,1,8,16,1,0,0,0,0,0,1,0
7299,3.4,1371,13.6,1105,514,553,169.0,1429,1581,13.3,63.6,0.9681,2005,1,8,21,1,0,0,0,0,0,1,0
7300,2.4,1198,9.1,943,371,647,151.0,1307,1291,13.5,62.6,0.9644,2005,1,8,22,1,0,0,0,0,0,1,0
7301,1.6,1102,6.0,813,213,764,123.0,1204,1000,14.1,59.6,0.9563,2005,1,8,23,1,0,0,0,0,0,1,0
7302,1.7,1120,6.3,826,242,750,127.0,1222,974,14.0,61.4,0.9773,2005,1,9,0,1,0,0,0,0,0,0,1
7303,1.6,1093,5.5,789,241,771,127.0,1206,949,13.5,63.4,0.9755,2005,1,9,1,1,0,0,0,0,0,0,1
7304,1.3,1112,5.6,791,218,764,118.0,1216,934,13.2,64.2,0.9706,2005,1,9,2,1,0,0,0,0,0,0,1
7305,0.8,986,3.4,674,144,883,86.5,1137,730,13.6,62.2,0.9643,2005,1,9,3,1,0,0,0,0,0,0,1
7306,0.7,934,2.3,609,70,976,55.0,1094,581,13.7,61.1,0.9537,2005,1,9,4,1,0,0,0,0,0,0,1
7307,0.6,919,1.8,571,54,1017,44.0,1082,521,13.5,63.8,0.9801,2005,1,9,5,1,0,0,0,0,0,0,1
7308,0.6,929,1.6,556,60,1035,46.0,1094,575,12.5,67.3,0.9743,2005,1,9,6,1,0,0,0,0,0,0,1
7309,0.5,919,1.6,552,55,1063,46.0,1080,522,13.2,64.2,0.9664,2005,1,9,7,1,0,0,0,0,0,0,1
7310,0.6,944,2.0,586,93,977,61.0,1090,586,13.1,63.4,0.9535,2005,1,9,8,1,0,0,0,0,0,0,1
7311,0.7,943,1.9,580,81,980,60.0,1074,566,13.8,60.5,0.9526,2005,1,9,9,1,0,0,0,0,0,0,1
7312,0.9,1036,3.5,683,109,846,71.0,1144,693,13.7,60.4,0.939,2005,1,9,10,1,0,0,0,0,0,0,1
7313,1.5,1168,5.7,797,251,698,111.0,1235,1022,14.0,59.7,0.9495,2005,1,9,11,1,0,0,0,0,0,0,1
7314,1.9,1232,8.1,903,284,626,127.0,1313,1152,15.0,56.2,0.9539,2005,1,9,12,1,0,0,0,0,0,0,1
7315,1.9,1236,8.1,901,262,628,128.0,1311,1108,16.9,50.9,0.9714,2005,1,9,13,1,0,0,0,0,0,0,1
7316,2.2,1278,12.6,1070,256,557,142.0,1479,1110,16.6,52.4,0.981,2005,1,9,14,1,0,0,0,0,0,0,1
7317,3.8,1369,18.1,1242,310,476,145.0,1669,1306,16.4,53.2,0.9826,2005,1,9,15,1,0,0,0,0,0,0,1
7318,2.0,1182,8.7,929,269,648,145.0,1324,1029,16.1,52.8,0.9579,2005,1,9,16,1,0,0,0,0,0,0,1
7319,2.2,1210,8.8,933,348,648,156.0,1327,1094,15.7,54.4,0.9616,2005,1,9,17,1,0,0,0,0,0,0,1
7320,3.3,1316,14.1,1121,396,548,154.0,1488,1282,15.4,55.3,0.9616,2005,1,9,18,1,0,0,0,0,0,0,1
7321,2.7,1221,9.3,952,432,641,165.0,1334,1147,15.2,54.7,0.9362,2005,1,9,19,1,0,0,0,0,0,0,1
7322,2.6,1260,11.6,1034,419,588,153.0,1402,1208,14.7,56.6,0.9392,2005,1,9,20,1,0,0,0,0,0,0,1
7323,2.5,1231,9.6,962,412,625,151.0,1348,1192,14.4,58.2,0.9495,2005,1,9,21,1,0,0,0,0,0,0,1
7324,1.5,1115,5.8,804,223,734,131.0,1220,1136,14.3,59.2,0.9608,2005,1,9,22,1,0,0,0,0,0,0,1
7325,1.9,1180,7.5,877,242,680,128.0,1297,1131,14.0,60.4,0.9622,2005,1,9,23,1,0,0,0,0,0,0,1
7326,2.0,1174,7.4,873,288,672,137.0,1300,1071,13.7,63.6,0.9912,2005,1,10,0,0,1,0,0,0,0,0,0
7327,1.7,1178,7.4,876,209,666,119.0,1319,1059,13.1,68.7,1.0329,2005,1,10,1,0,1,0,0,0,0,0,0
7328,1.2,1052,3.9,704,141,807,96.0,1210,909,13.2,69.9,1.0526,2005,1,10,2,0,1,0,0,0,0,0,0
7329,0.9,998,2.1,591,103,937,78.0,1147,820,12.8,71.2,1.0454,2005,1,10,3,0,1,0,0,0,0,0,0
7330,0.6,960,1.3,532,66,1059,60.0,1122,724,12.9,70.4,1.0444,2005,1,10,4,0,1,0,0,0,0,0,0
7331,0.5333333333333333,958,1.8,571,64,998,54.0,1138,707,12.4,72.5,1.0411,2005,1,10,5,0,1,0,0,0,0,0,0
7332,0.4666666666666667,989,3.0,650,105,900,66.0,1171,768,13.0,70.3,1.0502,2005,1,10,6,0,1,0,0,0,0,0,0
7333,0.4,1162,6.7,843,303,685,104.0,1336,1027,12.3,73.3,1.0448,2005,1,10,7,0,1,0,0,0,0,0,0
7334,2.6,1523,21.0,1324,620,451,137.0,1776,1502,12.8,71.8,1.0551,2005,1,10,8,0,1,0,0,0,0,0,0
7335,3.5,1511,21.4,1334,590,433,146.0,1804,1606,13.1,70.2,1.0567,2005,1,10,9,0,1,0,0,0,0,0,0
7336,2.1,1420,16.1,1183,592,488,136.0,1626,1520,12.8,71.8,1.0551,2005,1,10,10,0,1,0,0,0,0,0,0
7338,1.7,1335,14.8,1141,482,512,133.0,1536,1501,13.7,67.0,1.0446,2005,1,10,12,0,1,0,0,0,0,0,0
7339,2.6,1451,20.1,1298,575,452,148.0,1744,1634,14.0,65.4,1.0427,2005,1,10,13,0,1,0,0,0,0,0,0
7340,2.6,1410,19.3,1276,548,459,155.0,1701,1587,14.4,63.8,1.0421,2005,1,10,14,0,1,0,0,0,0,0,0
7341,2.4,1429,19.3,1277,498,456,152.0,1721,1560,14.1,65.9,1.0531,2005,1,10,15,0,1,0,0,0,0,0,0
7342,2.4,1409,17.4,1223,479,475,145.0,1640,1538,14.1,65.9,1.0552,2005,1,10,16,0,1,0,0,0,0,0,0
7343,2.0,1372,17.0,1210,420,484,139.0,1629,1491,14.1,66.0,1.0539,2005,1,10,17,0,1,0,0,0,0,0,0
7344,2.0,1366,17.1,1213,378,489,134.0,1611,1469,14.0,66.4,1.0536,2005,1,10,18,0,1,0,0,0,0,0,0
7345,3.1,1365,16.4,1192,340,492,128.0,1593,1486,13.8,66.4,1.0451,2005,1,10,19,0,1,0,0,0,0,0,0
7346,3.3,1385,17.3,1218,399,478,135.0,1620,1494,13.4,68.1,1.0441,2005,1,10,20,0,1,0,0,0,0,0,0
7347,3.3,1361,14.6,1137,449,503,136.0,1526,1471,13.2,69.1,1.0452,2005,1,10,21,0,1,0,0,0,0,0,0
7348,2.6,1312,11.9,1047,374,545,126.0,1430,1399,13.0,70.0,1.042,2005,1,10,22,0,1,0,0,0,0,0,0
7349,1.7,1177,7.3,871,244,660,116.0,1292,1192,12.7,69.9,1.0223,2005,1,10,23,0,1,0,0,0,0,0,0
7350,1.8,1205,7.7,888,256,647,116.0,1292,1187,12.0,71.9,1.0071,2005,1,11,0,0,0,1,0,0,0,0,0
7351,1.5,1114,4.9,757,212,744,107.0,1204,1070,13.2,66.8,1.0087,2005,1,11,1,0,0,1,0,0,0,0,0
7352,1.1,1047,3.9,708,146,816,91.0,1167,949,12.4,69.5,0.9986,2005,1,11,2,0,0,1,0,0,0,0,0
7353,0.9,982,2.1,592,121,953,80.5,1106,830,13.1,65.7,0.9858,2005,1,11,3,0,0,1,0,0,0,0,0
7354,0.7,992,2.9,644,96,899,70.0,1128,854,11.8,70.6,0.9731,2005,1,11,4,0,0,1,0,0,0,0,0
7355,0.7,977,2.6,629,106,908,78.0,1129,835,12.3,68.0,0.9734,2005,1,11,5,0,0,1,0,0,0,0,0
7356,0.9,1047,3.3,671,115,863,75.0,1147,887,12.0,69.2,0.9697,2005,1,11,6,0,0,1,0,0,0,0,0
7357,1.3,1126,5.2,775,236,760,101.0,1205,1019,11.7,69.8,0.9612,2005,1,11,7,0,0,1,0,0,0,0,0
7358,3.2,1474,19.0,1268,583,502,136.0,1677,1503,12.1,67.6,0.95,2005,1,11,8,0,0,1,0,0,0,0,0
7359,5.1,1526,26.5,1466,662,415,147.0,1855,1687,12.5,65.1,0.9399,2005,1,11,9,0,0,1,0,0,0,0,0
7360,3.7,1386,15.3,1158,528,518,143.0,1485,1553,12.8,62.5,0.9213,2005,1,11,10,0,0,1,0,0,0,0,0
7361,3.2,1392,15.6,1166,549,519,153.0,1488,1624,13.4,59.9,0.9143,2005,1,11,11,0,0,1,0,0,0,0,0
7362,3.1,1363,16.4,1192,531,499,148.0,1501,1637,13.4,57.9,0.8895,2005,1,11,12,0,0,1,0,0,0,0,0
7363,3.0,1331,16.1,1184,493,507,149.0,1508,1533,13.6,56.4,0.8754,2005,1,11,13,0,0,1,0,0,0,0,0
7364,3.6,1401,18.8,1261,527,479,141.0,1580,1577,13.8,56.3,0.8841,2005,1,11,14,0,0,1,0,0,0,0,0
7365,3.2,1374,18.0,1239,487,483,147.0,1569,1532,13.7,57.9,0.9063,2005,1,11,15,0,0,1,0,0,0,0,0
7366,3.9,1436,20.1,1299,581,451,159.0,1616,1621,13.6,58.9,0.9139,2005,1,11,16,0,0,1,0,0,0,0,0
7367,3.4,1386,17.6,1228,531,479,152.0,1546,1578,13.4,59.7,0.9142,2005,1,11,17,0,0,1,0,0,0,0,0
7368,3.9,1419,19.3,1277,495,459,144.0,1603,1631,13.3,61.2,0.933,2005,1,11,18,0,0,1,0,0,0,0,0
7369,3.6,1428,19.7,1288,487,465,146.0,1580,1629,13.2,61.8,0.9313,2005,1,11,19,0,0,1,0,0,0,0,0
7370,4.7,1508,24.5,1416,596,418,162.0,1773,1733,12.9,61.5,0.9139,2005,1,11,20,0,0,1,0,0,0,0,0
7371,4.1,1438,18.4,1251,595,470,156.0,1593,1622,12.6,63.9,0.9307,2005,1,11,21,0,0,1,0,0,0,0,0
7372,3.4,1415,16.6,1197,559,486,146.0,1539,1597,12.0,67.4,0.9417,2005,1,11,22,0,0,1,0,0,0,0,0
7373,3.5,1433,16.2,1186,586,479,151.0,1497,1738,11.9,69.0,0.9568,2005,1,11,23,0,0,1,0,0,0,0,0
7374,1.2,1208,9.6,964,399,602,127.0,1305,1350,12.0,66.6,0.9293,2005,1,12,0,0,0,0,1,0,0,0,0
7375,2.4,1280,11.4,1029,399,564,123.0,1366,1363,11.4,69.6,0.9373,2005,1,12,1,0,0,0,1,0,0,0,0
7376,2.1,1174,9.1,942,381,626,122.0,1296,1262,11.2,70.3,0.9323,2005,1,12,2,0,0,0,1,0,0,0,0
7377,1.1,1022,4.3,729,271,803,103.5,1139,1034,11.5,68.2,0.9271,2005,1,12,3,0,0,0,1,0,0,0,0
7378,1.05,1002,4.2,722,162,807,85.0,1161,998,10.7,71.3,0.9161,2005,1,12,4,0,0,0,1,0,0,0,0
7379,1.0,1018,4.7,746,183,800,83.0,1171,958,10.0,74.8,0.9161,2005,1,12,5,0,0,0,1,0,0,0,0
7380,1.4,1095,7.3,868,357,676,98.0,1241,1078,9.2,78.5,0.9143,2005,1,12,6,0,0,0,1,0,0,0,0
7381,1.8,1182,9.3,951,479,634,109.0,1327,1143,8.8,79.4,0.9033,2005,1,12,7,0,0,0,1,0,0,0,0
7387,3.8,1337,17.7,1231,647,505,185.0,1518,1611,14.7,52.3,0.8687,2005,1,12,13,0,0,0,1,0,0,0,0
7388,3.1,1243,15.2,1155,431,546,156.0,1473,1398,15.1,49.6,0.8428,2005,1,12,14,0,0,0,1,0,0,0,0
7389,3.4,1304,18.2,1244,491,507,173.0,1558,1497,15.7,48.8,0.8657,2005,1,12,15,0,0,0,1,0,0,0,0
7390,3.3,1284,17.2,1216,476,522,166.0,1545,1415,15.8,48.9,0.8707,2005,1,12,16,0,0,0,1,0,0,0,0
7391,3.4,1303,17.6,1226,538,521,173.0,1554,1457,14.6,54.0,0.8946,2005,1,12,17,0,0,0,1,0,0,0,0
7392,4.7,1461,25.4,1440,621,440,177.0,1806,1669,14.3,56.3,0.9119,2005,1,12,18,0,0,0,1,0,0,0,0
7396,3.6,1333,15.2,1154,550,534,158.0,1441,1647,10.7,70.9,0.9113,2005,1,12,22,0,0,0,1,0,0,0,0
7397,2.5,1216,11.1,1020,377,605,133.0,1337,1379,10.0,73.2,0.8988,2005,1,12,23,0,0,0,1,0,0,0,0
7398,2.9,1232,11.5,1032,391,599,123.0,1347,1331,9.4,75.0,0.8874,2005,1,13,0,0,0,0,0,1,0,0,0
7399,2.5,1181,10.2,985,433,629,120.0,1312,1240,8.5,76.9,0.8557,2005,1,13,1,0,0,0,0,1,0,0,0
7400,1.7,1042,6.0,814,287,746,105.0,1167,1036,8.4,75.9,0.8407,2005,1,13,2,0,0,0,0,1,0,0,0
7401,1.6,1027,6.3,824,239,753,95.5,1171,969,6.9,80.7,0.8054,2005,1,13,3,0,0,0,0,1,0,0,0
7402,1.1,915,3.7,695,192,883,86.0,1094,826,6.2,82.1,0.7825,2005,1,13,4,0,0,0,0,1,0,0,0
7403,0.9,891,3.2,666,161,931,77.0,1058,798,7.0,77.3,0.7759,2005,1,13,5,0,0,0,0,1,0,0,0
7404,1.0,937,3.7,694,194,915,81.0,1054,817,6.5,79.7,0.7751,2005,1,13,6,0,0,0,0,1,0,0,0
7405,1.6,1086,8.0,901,343,715,103.0,1216,1055,7.7,76.8,0.8112,2005,1,13,7,0,0,0,0,1,0,0,0
7406,3.1,1326,16.3,1190,624,531,127.0,1509,1391,8.2,74.9,0.8184,2005,1,13,8,0,0,0,0,1,0,0,0
7410,3.2,1270,12.8,1077,615,583,178.0,1353,1586,13.1,58.5,0.877,2005,1,13,12,0,0,0,0,1,0,0,0
7411,2.2,1189,11.3,1025,319,626,135.0,1316,1332,14.2,54.1,0.8707,2005,1,13,13,0,0,0,0,1,0,0,0
7412,2.4,1227,12.9,1081,338,570,133.0,1396,1369,14.2,54.3,0.8757,2005,1,13,14,0,0,0,0,1,0,0,0
7413,2.7,1266,14.1,1118,380,564,134.0,1410,1373,14.0,56.3,0.894,2005,1,13,15,0,0,0,0,1,0,0,0
7414,2.7,1277,15.8,1175,366,531,137.0,1480,1397,13.5,57.8,0.8933,2005,1,13,16,0,0,0,0,1,0,0,0
7415,3.9,1438,19.9,1295,567,470,160.0,1620,1577,12.3,63.0,0.9015,2005,1,13,17,0,0,0,0,1,0,0,0
7417,4.0,1384,19.8,1290,523,475,144.0,1571,1568,10.8,69.5,0.8995,2005,1,13,19,0,0,0,0,1,0,0,0
7418,2.9,1283,13.3,1093,373,581,129.0,1354,1356,11.0,67.1,0.8766,2005,1,13,20,0,0,0,0,1,0,0,0
7419,3.3,1304,13.0,1085,467,571,129.0,1385,1419,9.5,71.3,0.8458,2005,1,13,21,0,0,0,0,1,0,0,0
7420,2.0,1126,7.5,880,260,690,107.0,1202,1177,8.8,71.0,0.8089,2005,1,13,22,0,0,0,0,1,0,0,0
7421,1.8,1141,7.8,892,244,686,101.0,1213,1141,8.0,73.4,0.7899,2005,1,13,23,0,0,0,0,1,0,0,0
7422,2.7,1183,8.8,930,317,669,112.0,1210,1179,7.6,73.0,0.7629,2005,1,14,0,0,0,0,0,0,1,0,0
7423,1.8,1090,6.4,830,224,744,98.0,1125,1056,7.1,73.9,0.7515,2005,1,14,1,0,0,0,0,0,1,0,0
7424,1.3,1032,4.5,736,176,809,90.0,1064,973,7.1,73.5,0.7439,2005,1,14,2,0,0,0,0,0,1,0,0
7425,1.0,940,3.6,691,139,877,74.5,1036,827,6.7,75.0,0.739,2005,1,14,3,0,0,0,0,0,1,0,0
7426,1.1,981,4.2,721,103,866,59.0,1059,836,5.1,81.3,0.7204,2005,1,14,4,0,0,0,0,0,1,0,0
7427,1.6,1104,6.9,851,367,687,98.0,1101,1085,4.3,82.9,0.6968,2005,1,14,5,0,0,0,0,0,1,0,0
7428,1.3,989,5.0,762,326,793,109.0,1076,959,5.3,80.4,0.7234,2005,1,14,6,0,0,0,0,0,1,0,0
7429,1.4,1079,7.3,869,374,732,110.0,1160,1039,5.7,79.3,0.7326,2005,1,14,7,0,0,0,0,0,1,0,0
7434,3.1,1240,14.7,1140,590,567,164.0,1388,1433,10.2,63.6,0.7928,2005,1,14,12,0,0,0,0,0,1,0,0
7435,3.3,1280,17.4,1222,525,526,160.0,1519,1452,11.0,60.9,0.7966,2005,1,14,13,0,0,0,0,0,1,0,0
7436,3.1,1210,15.1,1151,406,569,143.0,1428,1345,11.3,60.1,0.8022,2005,1,14,14,0,0,0,0,0,1,0,0
7437,2.7,1216,14.5,1134,360,566,138.0,1403,1336,12.2,56.9,0.8068,2005,1,14,15,0,0,0,0,0,1,0,0
7438,3.4,1320,16.9,1207,448,535,143.0,1498,1442,11.9,59.1,0.8211,2005,1,14,16,0,0,0,0,0,1,0,0
7444,1.7,1024,6.2,819,235,782,126.0,1101,1083,8.3,69.7,0.7632,2005,1,14,22,0,0,0,0,0,1,0,0
7445,1.6,1094,6.7,845,198,780,113.0,1127,1064,6.7,74.4,0.7344,2005,1,14,23,0,0,0,0,0,1,0,0
7446,2.3,1111,7.5,877,293,735,129.0,1142,1104,6.4,74.9,0.7238,2005,1,15,0,1,0,0,0,0,0,1,0
7447,2.4,1097,7.5,878,356,737,128.0,1140,1053,4.9,80.1,0.7011,2005,1,15,1,1,0,0,0,0,0,1,0
7448,2.0,1051,6.2,820,285,778,122.0,1087,1009,4.8,79.4,0.6872,2005,1,15,2,1,0,0,0,0,0,1,0
7449,1.6,979,5.1,767,275,827,118.5,1041,908,3.3,82.6,0.645,2005,1,15,3,1,0,0,0,0,0,1,0
7450,1.35,978,4.8,756,266,834,115.0,1015,878,2.4,86.6,0.6369,2005,1,15,4,1,0,0,0,0,0,1,0
7451,1.1,902,3.1,659,158,940,92.0,972,800,3.4,81.4,0.6425,2005,1,15,5,1,0,0,0,0,0,1,0
7452,1.0,957,2.8,641,95,1013,70.0,940,784,4.2,77.0,0.6439,2005,1,15,6,1,0,0,0,0,0,1,0
7453,1.3,973,4.3,728,148,902,83.0,1004,854,3.5,80.8,0.6406,2005,1,15,7,1,0,0,0,0,0,1,0
7454,1.9,1074,9.7,967,337,703,127.0,1201,1065,3.5,80.3,0.6366,2005,1,15,8,1,0,0,0,0,0,1,0
7455,2.6,1115,10.9,1012,453,650,142.0,1230,1161,4.0,78.5,0.645,2005,1,15,9,1,0,0,0,0,0,1,0
7456,2.7,1136,10.6,1001,497,653,155.0,1216,1192,4.5,76.6,0.6534,2005,1,15,10,1,0,0,0,0,0,1,0
7457,2.4,1128,10.0,977,448,673,153.0,1199,1202,5.6,72.3,0.6627,2005,1,15,11,1,0,0,0,0,0,1,0
7458,2.7,1196,11.6,1035,496,633,177.0,1259,1338,7.5,64.4,0.672,2005,1,15,12,1,0,0,0,0,0,1,0
7459,3.1,1267,15.6,1166,535,567,179.0,1382,1505,8.9,60.8,0.6921,2005,1,15,13,1,0,0,0,0,0,1,0
7460,4.4,1355,18.1,1244,644,536,212.0,1454,1715,10.6,55.3,0.7058,2005,1,15,14,1,0,0,0,0,0,1,0
7461,3.2,1194,12.3,1061,459,622,182.0,1257,1473,12.3,46.3,0.6597,2005,1,15,15,1,0,0,0,0,0,1,0
7462,2.9,1188,11.4,1029,409,635,168.0,1243,1433,12.2,47.0,0.6686,2005,1,15,16,1,0,0,0,0,0,1,0
7463,3.0,1279,15.2,1154,515,573,179.0,1391,1544,10.5,55.1,0.6993,2005,1,15,17,1,0,0,0,0,0,1,0
7464,3.7,1361,17.4,1223,640,525,182.0,1454,1648,8.7,66.3,0.7491,2005,1,15,18,1,0,0,0,0,0,1,0
7466,3.3,1235,12.8,1078,505,616,166.0,1265,1519,7.6,65.3,0.6842,2005,1,15,20,1,0,0,0,0,0,1,0
7467,3.6,1289,14.7,1140,560,590,168.0,1317,1532,6.5,67.6,0.6608,2005,1,15,21,1,0,0,0,0,0,1,0
7468,2.3,1124,8.3,910,389,717,148.0,1112,1340,5.9,66.4,0.6226,2005,1,15,22,1,0,0,0,0,0,1,0
7469,3.0,1231,11.1,1017,492,655,151.0,1207,1414,5.2,70.0,0.6232,2005,1,15,23,1,0,0,0,0,0,1,0
7470,3.8,1289,13.6,1104,531,623,165.0,1257,1499,5.2,67.8,0.6028,2005,1,16,0,1,0,0,0,0,0,0,1
7471,3.2,1166,9.8,970,487,705,165.0,1136,1306,4.9,67.1,0.5863,2005,1,16,1,1,0,0,0,0,0,0,1
7472,2.1,1062,7.6,884,293,748,128.0,1062,1172,5.1,65.5,0.5811,2005,1,16,2,1,0,0,0,0,0,0,1
7473,1.7,1028,6.0,813,256,794,121.5,1019,1076,4.0,69.5,0.5706,2005,1,16,3,1,0,0,0,0,0,0,1
7474,1.7,1003,5.9,807,219,819,115.0,1021,1005,3.7,68.9,0.5549,2005,1,16,4,1,0,0,0,0,0,0,1
7475,1.4,929,4.2,721,198,923,120.0,956,913,4.5,62.7,0.5343,2005,1,16,5,1,0,0,0,0,0,0,1
7476,1.2,951,4.5,737,166,910,106.0,977,922,4.7,62.3,0.5368,2005,1,16,6,1,0,0,0,0,0,0,1
7477,1.4,1011,5.4,783,255,835,118.0,1013,1026,3.9,67.1,0.5483,2005,1,16,7,1,0,0,0,0,0,0,1
7478,1.4,939,4.8,751,312,898,156.0,984,952,5.7,54.5,0.5034,2005,1,16,8,1,0,0,0,0,0,0,1
7479,1.7,946,6.3,827,236,876,130.0,1037,915,6.1,50.3,0.4769,2005,1,16,9,1,0,0,0,0,0,0,1
7480,1.0,841,2.6,625,172,1054,112.0,846,687,9.0,39.5,0.4554,2005,1,16,10,1,0,0,0,0,0,0,1
7481,1.0,850,2.6,629,138,1076,96.0,847,597,10.7,34.4,0.4406,2005,1,16,11,1,0,0,0,0,0,0,1
7482,0.8,831,2.2,602,121,1123,89.0,824,527,11.1,33.4,0.4401,2005,1,16,12,1,0,0,0,0,0,0,1
7483,1.0,866,3.0,652,143,1060,98.0,857,573,11.9,30.8,0.4285,2005,1,16,13,1,0,0,0,0,0,0,1
7484,0.8,819,1.9,576,114,1142,85.0,809,492,11.4,32.0,0.431,2005,1,16,14,1,0,0,0,0,0,0,1
7485,0.7,833,2.0,584,107,1144,80.0,821,463,11.3,32.5,0.4334,2005,1,16,15,1,0,0,0,0,0,0,1
7486,1.1,877,2.8,642,176,1037,112.0,859,565,11.0,33.0,0.4331,2005,1,16,16,1,0,0,0,0,0,0,1
7487,1.1,892,3.3,668,180,1017,121.0,872,632,10.3,35.0,0.4377,2005,1,16,17,1,0,0,0,0,0,0,1
7488,1.2,899,3.4,674,212,1002,132.0,893,691,8.4,40.9,0.4542,2005,1,16,18,1,0,0,0,0,0,0,1
7489,2.0,1008,7.1,861,331,839,160.0,977,943,8.3,38.5,0.4228,2005,1,16,19,1,0,0,0,0,0,0,1
7490,2.2,1013,7.4,873,369,820,167.0,984,985,8.1,37.9,0.41,2005,1,16,20,1,0,0,0,0,0,0,1
7491,1.5,912,4.3,730,274,959,157.0,893,821,7.7,39.0,0.4106,2005,1,16,21,1,0,0,0,0,0,0,1
7492,1.2,907,3.9,705,199,995,130.0,880,767,7.0,41.5,0.4193,2005,1,16,22,1,0,0,0,0,0,0,1
7493,1.5,953,5.2,771,248,905,145.0,936,895,6.6,42.6,0.4179,2005,1,16,23,1,0,0,0,0,0,0,1
7494,1.4,916,3.8,701,197,954,133.0,899,791,6.4,44.2,0.428,2005,1,17,0,0,1,0,0,0,0,0,0
7495,1.2,894,3.5,682,147,991,110.0,881,770,6.0,46.0,0.4349,2005,1,17,1,0,1,0,0,0,0,0,0
7496,1.0,895,2.9,648,135,1001,100.0,875,839,4.4,53.1,0.4484,2005,1,17,2,0,1,0,0,0,0,0,0
7497,0.6,845,1.4,534,115,1168,89.5,833,721,4.0,54.3,0.4454,2005,1,17,3,0,1,0,0,0,0,0,0
7498,0.7,837,1.1,512,95,1228,79.0,836,720,3.7,55.8,0.4489,2005,1,17,4,0,1,0,0,0,0,0,0
7499,0.5,795,1.0,504,94,1258,79.0,840,682,2.6,58.6,0.4385,2005,1,17,5,0,1,0,0,0,0,0,0
7500,0.7,874,1.6,552,121,1162,90.0,857,723,3.2,56.0,0.4364,2005,1,17,6,0,1,0,0,0,0,0,0
7501,1.0,920,3.2,667,131,1005,95.0,916,813,3.6,55.4,0.4419,2005,1,17,7,0,1,0,0,0,0,0,0
7502,3.0,1257,15.9,1176,552,612,169.0,1357,1365,1.8,63.3,0.4464,2005,1,17,8,0,1,0,0,0,0,0,0
7503,4.1,1222,18.0,1239,614,574,199.0,1346,1472,2.4,60.2,0.4426,2005,1,17,9,0,1,0,0,0,0,0,0
7504,3.1,1196,14.7,1139,530,617,186.0,1271,1497,4.6,52.1,0.4472,2005,1,17,10,0,1,0,0,0,0,0,0
7506,2.7,1149,13.4,1096,474,639,178.0,1219,1476,10.5,34.7,0.4393,2005,1,17,12,0,1,0,0,0,0,0,0
7507,3.1,1166,14.5,1134,514,603,176.0,1227,1531,11.1,33.3,0.4384,2005,1,17,13,0,1,0,0,0,0,0,0
7508,3.1,1170,14.7,1138,504,611,177.0,1233,1503,11.1,32.6,0.4292,2005,1,17,14,0,1,0,0,0,0,0,0
7509,3.2,1176,17.0,1209,508,588,182.0,1264,1488,12.4,28.3,0.4076,2005,1,17,15,0,1,0,0,0,0,0,0
7510,3.3,1147,15.3,1158,529,615,182.0,1200,1435,12.9,24.5,0.363,2005,1,17,16,0,1,0,0,0,0,0,0
7514,3.6,1256,16.7,1201,582,563,181.0,1251,1699,7.2,50.6,0.517,2005,1,17,20,0,1,0,0,0,0,0,0
7515,3.0,1205,13.4,1098,460,610,172.0,1170,1587,6.0,53.3,0.5008,2005,1,17,21,0,1,0,0,0,0,0,0
7516,1.9,1087,8.7,926,340,715,153.0,1053,1390,5.3,55.0,0.4921,2005,1,17,22,0,1,0,0,0,0,0,0
7517,1.9,1092,7.4,875,298,751,143.0,1010,1347,4.2,58.1,0.4832,2005,1,17,23,0,1,0,0,0,0,0,0
7518,1.6,1039,6.7,845,300,775,142.0,993,1268,3.4,60.9,0.4809,2005,1,18,0,0,0,1,0,0,0,0,0
7519,1.4,1001,5.0,762,223,850,131.0,948,1155,3.0,60.2,0.4639,2005,1,18,1,0,0,1,0,0,0,0,0
7520,1.0,925,3.4,677,151,958,105.0,901,1024,3.2,58.8,0.4578,2005,1,18,2,0,0,1,0,0,0,0,0
7521,0.7,880,2.4,613,129,1016,94.0,878,968,3.3,57.7,0.4516,2005,1,18,3,0,0,1,0,0,0,0,0
7522,0.75,873,2.1,592,108,1076,83.0,869,915,4.5,53.8,0.4572,2005,1,18,4,0,0,1,0,0,0,0,0
7523,0.8,880,2.5,618,125,1023,87.0,893,928,3.1,59.7,0.4604,2005,1,18,5,0,0,1,0,0,0,0,0
7524,0.9,950,3.5,680,181,936,106.0,914,1028,4.2,57.1,0.4743,2005,1,18,6,0,0,1,0,0,0,0,0
7525,1.5,1039,6.9,855,341,783,140.0,1025,1210,3.4,58.5,0.4608,2005,1,18,7,0,0,1,0,0,0,0,0
7526,3.1,1284,16.8,1204,552,599,167.0,1337,1531,3.9,57.3,0.4661,2005,1,18,8,0,0,1,0,0,0,0,0
7539,1.5,1172,6.0,813,339,774,152.0,1233,1118,10.3,74.0,0.9237,2005,1,18,21,0,0,1,0,0,0,0,0
7540,0.1,1021,3.3,670,135,932,104.0,1187,828,11.3,71.8,0.9577,2005,1,18,22,0,0,1,0,0,0,0,0
7541,0.2,1125,4.9,758,167,820,104.0,1241,867,9.8,81.9,0.9923,2005,1,18,23,0,0,1,0,0,0,0,0
7542,0.9,1197,6.6,840,232,712,124.0,1298,974,9.5,83.8,0.9972,2005,1,19,0,0,0,0,1,0,0,0,0
7543,1.0,1174,6.7,842,273,723,127.0,1286,975,9.9,81.0,0.9885,2005,1,19,1,0,0,0,1,0,0,0,0
7544,0.4,1106,4.4,733,165,822,109.0,1208,902,9.9,79.8,0.9725,2005,1,19,2,0,0,0,1,0,0,0,0
7545,0.34,873,1.5,549,120,1106,91.0,1008,791,6.9,76.4,0.7661,2005,1,19,3,0,0,0,1,0,0,0,0
7546,0.28,828,1.1,506,75,1222,73.0,945,673,4.8,75.7,0.659,2005,1,19,4,0,0,0,1,0,0,0,0
7547,0.21999999999999997,830,0.9,492,53,1263,52.0,948,578,4.7,78.9,0.682,2005,1,19,5,0,0,0,1,0,0,0,0
7548,0.15999999999999998,840,1.2,515,72,1235,57.0,941,563,5.0,75.0,0.6627,2005,1,19,6,0,0,0,1,0,0,0,0
7549,0.1,909,2.5,622,130,1046,89.0,992,730,5.6,69.5,0.6362,2005,1,19,7,0,0,0,1,0,0,0,0
7550,0.7,1098,7.6,881,265,760,128.0,1203,974,7.0,64.9,0.6512,2005,1,19,8,0,0,0,1,0,0,0,0
7551,1.2,1036,7.3,868,314,732,152.0,1158,958,7.1,65.4,0.6644,2005,1,19,9,0,0,0,1,0,0,0,0
7552,0.2,912,3.7,692,194,923,128.0,1020,713,6.4,67.4,0.6537,2005,1,19,10,0,0,0,1,0,0,0,0
7553,0.23333333333333334,873,2.5,618,180,1036,124.0,994,617,5.3,75.9,0.6824,2005,1,19,11,0,0,0,1,0,0,0,0
7554,0.26666666666666666,889,2.7,634,181,1009,117.0,1018,591,6.3,73.0,0.7024,2005,1,19,12,0,0,0,1,0,0,0,0
7555,0.3,965,4.6,742,193,889,110.0,1099,661,8.6,63.3,0.7073,2005,1,19,13,0,0,0,1,0,0,0,0
7556,0.6,1009,6.7,845,263,771,128.0,1132,856,10.0,55.0,0.6753,2005,1,19,14,0,0,0,1,0,0,0,0
7557,0.2,918,4.3,729,176,904,114.0,1014,639,9.4,53.6,0.6333,2005,1,19,15,0,0,0,1,0,0,0,0
7558,0.2,920,4.3,729,168,891,110.0,1013,647,9.2,55.0,0.6402,2005,1,19,16,0,0,0,1,0,0,0,0
7559,0.7,923,4.1,715,170,915,112.0,1015,646,8.7,55.1,0.6228,2005,1,19,17,0,0,0,1,0,0,0,0
7560,1.8,1021,7.6,883,234,766,130.0,1139,846,8.9,54.4,0.62,2005,1,19,18,0,0,0,1,0,0,0,0
7561,2.2,998,7.0,858,256,770,135.0,1109,857,8.6,53.6,0.5992,2005,1,19,19,0,0,0,1,0,0,0,0
7562,2.3,1061,9.6,962,257,721,141.0,1167,942,9.0,50.4,0.5809,2005,1,19,20,0,0,0,1,0,0,0,0
7563,2.6,1016,7.8,892,317,758,141.0,1109,945,9.2,49.8,0.5808,2005,1,19,21,0,0,0,1,0,0,0,0
7564,1.1,859,2.4,611,135,1053,95.0,918,562,8.8,52.1,0.5918,2005,1,19,22,0,0,0,1,0,0,0,0
7565,1.2,945,3.9,707,159,963,97.0,1005,657,8.8,50.9,0.5781,2005,1,19,23,0,0,0,1,0,0,0,0
7566,1.8,937,4.1,715,186,896,112.0,995,723,8.7,51.1,0.5755,2005,1,20,0,0,0,0,0,1,0,0,0
7567,1.1,876,2.5,618,102,1032,74.0,948,555,8.6,51.5,0.5772,2005,1,20,1,0,0,0,0,1,0,0,0
7568,0.9,831,1.3,530,75,1169,62.0,893,472,8.5,51.9,0.5766,2005,1,20,2,0,0,0,0,1,0,0,0
7569,0.7,828,1.2,514,58,1205,51.0,880,434,8.1,53.1,0.5742,2005,1,20,3,0,0,0,0,1,0,0,0
7570,0.6,810,0.7,470,41,1315,40.0,863,412,7.8,54.2,0.5755,2005,1,20,4,0,0,0,0,1,0,0,0
7571,0.6,822,0.9,493,50,1278,45.0,876,453,7.1,56.0,0.569,2005,1,20,5,0,0,0,0,1,0,0,0
7572,0.9,898,2.9,646,189,1013,93.0,954,702,7.0,57.6,0.5784,2005,1,20,6,0,0,0,0,1,0,0,0
7573,1.0,909,2.7,636,182,992,104.0,947,720,7.5,55.3,0.5734,2005,1,20,7,0,0,0,0,1,0,0,0
7574,3.4,1256,14.4,1130,636,616,162.0,1316,1311,7.0,56.3,0.566,2005,1,20,8,0,0,0,0,1,0,0,0
7577,2.9,1139,11.5,1031,652,649,170.0,1181,1388,12.4,37.1,0.5329,2005,1,20,11,0,0,0,0,1,0,0,0
7578,2.6,1135,11.9,1047,529,641,151.0,1175,1379,13.9,32.3,0.5117,2005,1,20,12,0,0,0,0,1,0,0,0
7579,2.6,1117,12.6,1071,438,638,150.0,1178,1289,14.4,28.9,0.4723,2005,1,20,13,0,0,0,0,1,0,0,0
7580,3.0,1094,14.3,1128,438,626,154.0,1191,1280,14.8,25.4,0.4259,2005,1,20,14,0,0,0,0,1,0,0,0
7581,2.3,982,10.3,990,378,745,140.0,1018,1059,15.1,20.8,0.3536,2005,1,20,15,0,0,0,0,1,0,0,0
7582,3.0,1107,14.5,1134,482,639,167.0,1172,1299,15.4,23.5,0.4076,2005,1,20,16,0,0,0,0,1,0,0,0
7585,4.3,1357,21.2,1330,605,511,182.0,1414,1798,10.4,42.3,0.5337,2005,1,20,19,0,0,0,0,1,0,0,0
7586,3.4,1248,16.0,1179,472,577,165.0,1259,1609,9.9,44.0,0.5381,2005,1,20,20,0,0,0,0,1,0,0,0
7587,2.8,1220,13.0,1085,411,618,150.0,1205,1531,8.7,48.3,0.5458,2005,1,20,21,0,0,0,0,1,0,0,0
7588,2.1,1137,7.0,856,264,758,132.0,1032,1338,8.1,49.9,0.5417,2005,1,20,22,0,0,0,0,1,0,0,0
7589,1.7,1102,6.4,829,217,773,120.0,1015,1274,7.3,52.8,0.5419,2005,1,20,23,0,0,0,0,1,0,0,0
7590,1.8,1082,5.8,801,211,780,119.0,1035,1200,8.0,52.2,0.5623,2005,1,21,0,0,0,0,0,0,1,0,0
7591,1.6,1053,5.6,795,179,786,110.0,1039,1143,6.8,56.4,0.5609,2005,1,21,1,0,0,0,0,0,1,0,0
7592,1.4,1003,4.5,740,135,847,94.0,992,1048,6.7,57.4,0.5654,2005,1,21,2,0,0,0,0,0,1,0,0
7593,1.3,1019,4.6,744,178,836,97.5,1000,1049,5.9,62.1,0.5806,2005,1,21,3,0,0,0,0,0,1,0,0
7594,1.3,1071,5.9,808,221,757,101.0,1046,1172,5.4,65.9,0.5947,2005,1,21,4,0,0,0,0,0,1,0,0
7595,1.3,1118,6.6,841,284,702,117.0,1056,1368,5.5,66.5,0.6054,2005,1,21,5,0,0,0,0,0,1,0,0
7596,1.6,1206,9.2,948,357,628,121.0,1129,1540,5.9,65.8,0.6178,2005,1,21,6,0,0,0,0,0,1,0,0
7597,2.4,1256,12.2,1056,469,582,138.0,1230,1575,6.4,63.9,0.6192,2005,1,21,7,0,0,0,0,0,1,0,0
7604,2.9,1300,13.9,1113,402,573,142.0,1291,1845,12.8,46.9,0.6919,2005,1,21,14,0,0,0,0,0,1,0,0
7605,3.0,1401,16.8,1204,415,526,139.0,1401,1947,13.1,48.0,0.7181,2005,1,21,15,0,0,0,0,0,1,0,0
7606,3.3,1551,20.2,1303,435,469,99.0,1520,2171,13.5,51.5,0.793,2005,1,21,16,0,0,0,0,0,1,0,0
7607,1.4,1411,16.4,1191,570,519,135.0,1426,1920,13.4,51.2,0.7808,2005,1,21,17,0,0,0,0,0,1,0,0
7608,2.3,1434,18.0,1239,530,506,223.0,1458,1835,12.1,55.3,0.7777,2005,1,21,18,0,0,0,0,0,1,0,0
7609,1.6,1489,20.3,1305,617,476,194.0,1547,1919,12.0,56.5,0.7924,2005,1,21,19,0,0,0,0,0,1,0,0
7617,0.9,1326,13.1,1087,572,571,162.0,1333,1398,6.7,78.7,0.7779,2005,1,22,3,1,0,0,0,0,0,1,0
7618,0.5,1297,11.5,1032,388,605,126.0,1297,1300,7.0,77.8,0.7848,2005,1,22,4,1,0,0,0,0,0,1,0
7619,0.9,1331,13.7,1106,497,568,144.0,1322,1383,5.7,80.5,0.7416,2005,1,22,5,1,0,0,0,0,0,1,0
7620,0.4,1288,11.6,1036,582,590,183.0,1242,1413,5.2,81.4,0.7276,2005,1,22,6,1,0,0,0,0,0,1,0
7621,0.5,1322,13.2,1091,574,565,193.0,1307,1471,5.6,80.4,0.7349,2005,1,22,7,1,0,0,0,0,0,1,0
7622,0.8,1390,15.6,1167,588,522,196.0,1392,1619,6.3,78.8,0.7544,2005,1,22,8,1,0,0,0,0,0,1,0
7623,1.4,1443,16.9,1207,645,502,208.0,1431,1673,6.9,76.9,0.7682,2005,1,22,9,1,0,0,0,0,0,1,0
7624,1.6,1496,18.5,1254,643,484,217.0,1472,1881,9.2,67.7,0.79,2005,1,22,10,1,0,0,0,0,0,1,0
7625,1.5,1439,16.6,1198,628,502,246.0,1426,1877,11.6,59.8,0.8152,2005,1,22,11,1,0,0,0,0,0,1,0
7626,1.0,1432,15.0,1150,547,527,204.0,1393,1818,14.0,52.0,0.8288,2005,1,22,12,1,0,0,0,0,0,1,0
7627,1.0,1398,15.0,1149,461,535,192.0,1417,1699,15.0,50.2,0.8495,2005,1,22,13,1,0,0,0,0,0,1,0
7628,1.3,1380,16.9,1206,455,515,186.0,1500,1677,14.9,49.9,0.8394,2005,1,22,14,1,0,0,0,0,0,1,0
7629,0.1,1022,7.0,857,244,770,133.0,1068,1088,15.8,33.8,0.6034,2005,1,22,15,1,0,0,0,0,0,1,0
7630,0.1,973,5.9,806,202,851,126.0,994,926,15.4,29.3,0.5068,2005,1,22,16,1,0,0,0,0,0,1,0
7631,0.1,951,7.1,862,256,823,138.0,972,961,14.4,25.7,0.4193,2005,1,22,17,1,0,0,0,0,0,1,0
7632,0.1,987,8.6,925,310,776,148.0,1016,1066,13.4,27.2,0.4157,2005,1,22,18,1,0,0,0,0,0,1,0
7633,0.4,1100,12.2,1057,391,687,167.0,1126,1241,12.2,28.7,0.4077,2005,1,22,19,1,0,0,0,0,0,1,0
7634,0.7,1064,12.6,1072,444,704,175.0,1103,1220,11.3,25.7,0.3422,2005,1,22,20,1,0,0,0,0,0,1,0
7637,1.3,1259,15.1,1152,565,610,196.0,1165,1569,8.2,36.8,0.4016,2005,1,22,23,1,0,0,0,0,0,1,0
7638,0.8,1166,10.1,981,451,697,195.0,993,1445,8.0,36.0,0.3872,2005,1,23,0,1,0,0,0,0,0,0,1
7639,0.7730769230769231,1066,7.5,880,313,784,181.0,946,1240,7.0,39.9,0.4006,2005,1,23,1,1,0,0,0,0,0,0,1
7640,0.7461538461538462,1051,7.6,883,241,783,150.0,978,1169,5.7,44.3,0.4093,2005,1,23,2,1,0,0,0,0,0,0,1
7641,0.7192307692307692,992,5.9,808,232,849,144.5,926,1052,4.7,46.6,0.4025,2005,1,23,3,1,0,0,0,0,0,0,1
7642,0.6923076923076923,969,5.5,788,224,854,139.0,938,1006,4.2,50.8,0.4234,2005,1,23,4,1,0,0,0,0,0,0,1
7643,0.6653846153846155,862,2.3,609,82,1101,74.0,810,757,4.6,45.1,0.3861,2005,1,23,5,1,0,0,0,0,0,0,1
7644,0.6384615384615385,859,2.0,581,89,1112,73.0,829,753,2.7,53.3,0.4006,2005,1,23,6,1,0,0,0,0,0,0,1
7645,0.6115384615384616,849,1.6,552,93,1165,77.0,812,737,3.1,51.0,0.3947,2005,1,23,7,1,0,0,0,0,0,0,1
7646,0.5846153846153846,879,2.1,594,134,1119,98.0,839,792,2.5,54.1,0.4017,2005,1,23,8,1,0,0,0,0,0,0,1
7647,0.5576923076923077,956,4.4,735,189,915,121.0,942,945,3.1,53.5,0.4123,2005,1,23,9,1,0,0,0,0,0,0,1
7648,0.5307692307692308,1039,6.4,828,292,791,162.0,987,1115,5.0,47.5,0.418,2005,1,23,10,1,0,0,0,0,0,0,1
7649,0.5038461538461538,1066,7.3,871,326,775,178.0,996,1131,5.8,43.4,0.4032,2005,1,23,11,1,0,0,0,0,0,0,1
7650,0.47692307692307695,1124,8.7,927,397,722,206.0,1047,1242,7.1,42.8,0.4327,2005,1,23,12,1,0,0,0,0,0,0,1
7651,0.45,1160,9.2,948,371,712,191.0,1072,1289,7.9,41.6,0.4459,2005,1,23,13,1,0,0,0,0,0,0,1
7652,0.42307692307692313,1110,7.9,896,305,737,175.0,1040,1276,8.1,41.2,0.448,2005,1,23,14,1,0,0,0,0,0,0,1
7653,0.3961538461538462,1138,9.0,940,328,706,169.0,1088,1359,8.3,41.3,0.4533,2005,1,23,15,1,0,0,0,0,0,0,1
7654,0.36923076923076925,1095,7.0,857,281,756,180.0,1075,1020,8.9,49.1,0.5629,2005,1,23,16,1,0,0,0,0,0,0,1
7655,0.3423076923076923,1045,3.7,694,168,911,124.0,1025,805,7.1,66.0,0.6678,2005,1,23,17,1,0,0,0,0,0,0,1
7656,0.3153846153846154,1078,4.3,727,183,849,130.0,1057,857,5.7,75.1,0.6942,2005,1,23,18,1,0,0,0,0,0,0,1
7657,0.28846153846153844,1169,6.8,846,217,767,141.0,1157,942,5.4,77.6,0.7031,2005,1,23,19,1,0,0,0,0,0,0,1
7658,0.2615384615384615,1174,8.7,926,245,674,157.0,1220,1020,5.4,78.2,0.7074,2005,1,23,20,1,0,0,0,0,0,0,1
7659,0.23461538461538467,1075,4.7,749,154,827,123.0,1050,899,7.3,68.1,0.6979,2005,1,23,21,1,0,0,0,0,0,0,1
7660,0.20769230769230773,1044,3.5,685,141,903,104.0,1042,860,5.8,74.4,0.6924,2005,1,23,22,1,0,0,0,0,0,0,1
7661,0.1807692307692308,1110,5.4,782,210,798,134.0,1101,954,6.2,72.3,0.6887,2005,1,23,23,1,0,0,0,0,0,0,1
7662,0.15384615384615385,1086,4.4,733,140,848,105.0,1064,883,5.9,72.7,0.6791,2005,1,24,0,0,1,0,0,0,0,0,0
7663,0.12692307692307692,1092,6.0,811,191,773,121.0,1129,966,5.0,76.5,0.6728,2005,1,24,1,0,1,0,0,0,0,0,0
7664,0.1,1127,7.6,884,248,704,136.0,1173,983,4.0,80.4,0.663,2005,1,24,2,0,1,0,0,0,0,0,0
7665,0.16666666666666669,881,1.9,578,149,1017,92.0,876,607,5.8,59.0,0.5493,2005,1,24,3,0,1,0,0,0,0,0,0
7666,0.23333333333333334,831,1.0,498,50,1237,48.0,855,443,5.8,59.5,0.5519,2005,1,24,4,0,1,0,0,0,0,0,0
7667,0.3,791,0.6,459,43,1421,40.0,809,390,6.6,51.3,0.5026,2005,1,24,5,0,1,0,0,0,0,0,0
7668,0.5,836,1.2,520,86,1296,67.0,832,479,7.0,47.2,0.4745,2005,1,24,6,0,1,0,0,0,0,0,0
7669,0.6,907,2.9,644,152,1028,104.0,902,732,6.6,47.9,0.4686,2005,1,24,7,0,1,0,0,0,0,0,0
7670,1.8,1174,11.1,1018,341,688,169.0,1210,1149,7.2,49.8,0.5061,2005,1,24,8,0,1,0,0,0,0,0,0
7671,2.0,1094,9.7,967,355,682,203.0,1147,1136,6.9,52.8,0.5293,2005,1,24,9,0,1,0,0,0,0,0,0
7672,1.4,992,5.7,800,327,797,183.0,1007,934,8.7,46.7,0.5249,2005,1,24,10,0,1,0,0,0,0,0,0
7673,0.6,955,5.4,783,240,844,151.0,976,845,10.0,40.6,0.4971,2005,1,24,11,0,1,0,0,0,0,0,0
7674,0.5,959,5.1,771,217,852,138.0,975,808,11.8,35.4,0.4877,2005,1,24,12,0,1,0,0,0,0,0,0
7675,0.7,981,5.8,804,191,829,127.0,997,783,10.7,37.2,0.4788,2005,1,24,13,0,1,0,0,0,0,0,0
7676,0.7,947,5.6,791,223,825,137.5,963,785,10.9,34.9,0.456,2005,1,24,14,0,1,0,0,0,0,0,0
7677,1.1,1023,8.0,898,256,759,148.0,1034,899,10.7,33.1,0.4256,2005,1,24,15,0,1,0,0,0,0,0,0
7678,1.3,1009,7.1,860,287,787,172.0,993,922,10.6,34.2,0.4375,2005,1,24,16,0,1,0,0,0,0,0,0
7679,1.0,1007,7.6,884,278,780,163.0,1014,951,8.9,38.1,0.4341,2005,1,24,17,0,1,0,0,0,0,0,0
7680,1.5,1054,10.4,992,302,715,180.0,1092,1051,7.8,39.7,0.4206,2005,1,24,18,0,1,0,0,0,0,0,0
7681,1.5,1018,8.9,934,259,740,169.0,1014,967,7.3,42.2,0.4341,2005,1,24,19,0,1,0,0,0,0,0,0
7682,1.2,976,7.3,870,221,795,152.0,971,861,6.9,42.5,0.4257,2005,1,24,20,0,1,0,0,0,0,0,0
7683,0.3,872,3.6,689,142,970,107.0,866,631,6.6,43.2,0.4247,2005,1,24,21,0,1,0,0,0,0,0,0
7684,0.2909090909090909,805,1.7,559,93,1183,75.0,781,466,6.4,41.7,0.4034,2005,1,24,22,0,1,0,0,0,0,0,0
7685,0.2818181818181818,800,1.5,541,71,1250,58.0,779,407,6.1,42.6,0.4041,2005,1,24,23,0,1,0,0,0,0,0,0
7686,0.2727272727272727,785,1.0,504,66,1306,57.0,760,387,5.9,41.8,0.3928,2005,1,25,0,0,0,1,0,0,0,0,0
7694,0.2,869,2.9,646,180,1068,115.0,876,476,4.3,45.9,0.3843,2005,1,25,8,0,0,1,0,0,0,0,0
7695,0.7,938,5.4,785,243,853,157.0,969,704,4.2,50.1,0.4168,2005,1,25,9,0,0,1,0,0,0,0,0
7696,0.5,951,5.1,769,236,856,147.0,1000,735,3.4,62.7,0.4943,2005,1,25,10,0,0,1,0,0,0,0,0
7697,0.4,892,3.8,702,297,935,188.0,924,735,5.0,51.4,0.4534,2005,1,25,11,0,0,1,0,0,0,0,0
7698,0.3,876,3.9,703,235,968,126.0,892,653,5.7,44.1,0.4063,2005,1,25,12,0,0,1,0,0,0,0,0
7699,0.3,872,3.6,686,186,972,114.0,880,603,5.2,44.5,0.3968,2005,1,25,13,0,0,1,0,0,0,0,0
7700,0.4,893,4.2,722,196,932,123.0,917,645,4.7,48.6,0.4194,2005,1,25,14,0,0,1,0,0,0,0,0
7701,0.2,879,3.6,687,167,980,107.0,914,564,4.5,51.0,0.4327,2005,1,25,15,0,0,1,0,0,0,0,0
7702,0.4,896,3.6,689,211,966,121.0,909,614,5.1,50.1,0.4432,2005,1,25,16,0,0,1,0,0,0,0,0
7703,0.4,909,3.9,706,194,928,118.0,923,658,5.0,50.4,0.443,2005,1,25,17,0,0,1,0,0,0,0,0
7704,0.7,958,4.9,758,206,858,134.0,985,719,4.3,56.4,0.4721,2005,1,25,18,0,0,1,0,0,0,0,0
7705,1.0,984,5.8,803,211,813,142.0,1012,772,4.3,56.7,0.476,2005,1,25,19,0,0,1,0,0,0,0,0
7706,1.1,991,6.1,814,197,790,133.0,1040,812,4.3,57.0,0.4771,2005,1,25,20,0,0,1,0,0,0,0,0
7707,0.3,881,2.8,638,139,990,106.0,910,583,3.5,60.3,0.4782,2005,1,25,21,0,0,1,0,0,0,0,0
7708,0.1,853,2.4,616,113,1071,87.0,870,491,4.1,52.5,0.4351,2005,1,25,22,0,0,1,0,0,0,0,0
7709,0.12,804,1.5,546,81,1194,67.0,796,400,3.9,50.6,0.4127,2005,1,25,23,0,0,1,0,0,0,0,0
7710,0.14,788,1.1,514,63,1285,55.0,771,354,3.9,47.7,0.3901,2005,1,26,0,0,0,0,1,0,0,0,0
7711,0.16,788,0.9,487,55,1346,49.0,769,329,4.0,47.8,0.3939,2005,1,26,1,0,0,0,1,0,0,0,0
7717,0.27999999999999997,800,0.9,492,90,1310,71.0,783,353,3.6,49.0,0.3915,2005,1,26,7,0,0,0,1,0,0,0,0
7718,0.3,896,3.3,668,227,1043,136.0,887,519,3.3,50.2,0.3934,2005,1,26,8,0,0,0,1,0,0,0,0
7719,0.6,913,4.4,733,250,902,163.0,901,681,3.5,47.5,0.3778,2005,1,26,9,0,0,0,1,0,0,0,0
7720,0.3,871,2.8,638,219,1022,143.0,860,583,4.3,49.4,0.4136,2005,1,26,10,0,0,0,1,0,0,0,0
7721,0.1,872,3.2,662,211,1007,134.0,874,628,4.5,48.4,0.4131,2005,1,26,11,0,0,0,1,0,0,0,0
7722,0.1,858,2.7,634,189,1053,130.0,868,566,4.3,50.0,0.4199,2005,1,26,12,0,0,0,1,0,0,0,0
7723,0.2,876,3.5,683,180,993,122.0,894,572,4.3,49.7,0.4166,2005,1,26,13,0,0,0,1,0,0,0,0
7724,0.5,900,4.8,751,197,891,129.0,913,637,4.9,45.3,0.3955,2005,1,26,14,0,0,0,1,0,0,0,0
7725,0.3,864,3.4,678,198,987,132.0,866,579,5.6,42.4,0.3884,2005,1,26,15,0,0,0,1,0,0,0,0
7726,0.3,902,4.2,721,203,924,133.0,900,666,5.7,43.1,0.3984,2005,1,26,16,0,0,0,1,0,0,0,0
7727,0.3,916,4.2,720,188,912,126.0,922,707,4.8,49.7,0.4305,2005,1,26,17,0,0,0,1,0,0,0,0
7728,1.0,1004,8.5,918,294,752,177.0,1033,990,5.1,43.0,0.3821,2005,1,26,18,0,0,0,1,0,0,0,0
7729,1.4,1024,9.2,945,302,729,185.0,1073,1026,5.3,44.4,0.397,2005,1,26,19,0,0,0,1,0,0,0,0
7730,1.4,1011,7.6,884,261,763,169.0,1048,910,4.9,47.9,0.418,2005,1,26,20,0,0,0,1,0,0,0,0
7731,1.1,1006,6.2,822,232,794,151.0,1025,897,4.7,50.8,0.4398,2005,1,26,21,0,0,0,1,0,0,0,0
7732,0.4,913,2.9,645,154,966,114.0,922,651,4.6,54.8,0.4704,2005,1,26,22,0,0,0,1,0,0,0,0
7733,0.2,905,2.5,620,120,986,90.0,904,598,4.0,56.8,0.4688,2005,1,26,23,0,0,0,1,0,0,0,0
7734,0.2,872,2.6,628,117,1009,87.0,857,560,4.2,46.8,0.39,2005,1,27,0,0,0,0,0,1,0,0,0
7735,0.2,843,2.2,597,108,1059,83.0,808,527,4.5,42.0,0.3571,2005,1,27,1,0,0,0,0,1,0,0,0
7736,0.2,863,2.5,622,97,1025,74.0,826,574,4.1,42.1,0.3487,2005,1,27,2,0,0,0,0,1,0,0,0
7737,0.26666666666666666,791,0.8,480,62,1259,51.0,738,422,4.5,39.7,0.3379,2005,1,27,3,0,0,0,0,1,0,0,0
7740,0.5,801,0.7,470,81,1313,61.0,762,382,4.3,42.5,0.3556,2005,1,27,6,0,0,0,0,1,0,0,0
7741,0.7,827,1.4,533,129,1198,91.0,775,488,4.6,38.1,0.3267,2005,1,27,7,0,0,0,0,1,0,0,0
7742,1.9,1038,6.6,837,336,822,184.0,972,915,4.6,39.4,0.3367,2005,1,27,8,0,0,0,0,1,0,0,0
7743,2.4,1040,8.4,917,335,739,204.0,1038,1021,4.8,41.9,0.3634,2005,1,27,9,0,0,0,0,1,0,0,0
7744,2.0,980,5.5,790,318,839,185.0,934,897,5.9,40.2,0.376,2005,1,27,10,0,0,0,0,1,0,0,0
7745,1.3,912,3.5,683,201,961,125.0,872,699,7.0,38.4,0.3861,2005,1,27,11,0,0,0,0,1,0,0,0
7746,1.0,887,3.0,649,166,1009,104.0,854,588,6.6,40.2,0.3944,2005,1,27,12,0,0,0,0,1,0,0,0
7747,1.2,922,4.1,716,192,930,115.0,893,643,6.6,41.2,0.4046,2005,1,27,13,0,0,0,0,1,0,0,0
7748,1.5,928,4.7,748,198,900,126.0,900,685,7.3,36.8,0.3779,2005,1,27,14,0,0,0,0,1,0,0,0
7749,1.3,921,4.5,736,198,921,125.0,881,673,7.3,35.0,0.3584,2005,1,27,15,0,0,0,0,1,0,0,0
7750,1.5,905,4.7,747,223,924,139.0,850,691,7.0,33.5,0.3367,2005,1,27,16,0,0,0,0,1,0,0,0
7751,1.5,906,5.1,769,224,913,142.0,865,726,6.5,32.4,0.3155,2005,1,27,17,0,0,0,0,1,0,0,0
7752,2.1,981,7.7,886,266,819,170.0,928,912,5.7,33.9,0.3131,2005,1,27,18,0,0,0,0,1,0,0,0
7753,2.6,1053,10.3,987,326,750,195.0,1025,1048,5.0,36.1,0.3178,2005,1,27,19,0,0,0,0,1,0,0,0
7754,3.0,1086,11.5,1032,343,717,202.0,1049,1136,4.7,38.3,0.3306,2005,1,27,20,0,0,0,0,1,0,0,0
7755,2.0,967,6.0,811,243,863,168.0,911,909,4.5,39.9,0.339,2005,1,27,21,0,0,0,0,1,0,0,0
7756,1.4,902,3.6,689,177,995,128.0,838,719,4.3,41.1,0.3451,2005,1,27,22,0,0,0,0,1,0,0,0
7757,1.3,916,4.3,725,155,953,115.0,855,746,4.0,43.1,0.3551,2005,1,27,23,0,0,0,0,1,0,0,0
7758,1.2,895,3.4,677,143,999,111.0,827,700,3.7,46.0,0.3701,2005,1,28,0,0,0,0,0,0,1,0,0
7759,1.1,866,2.4,613,124,1075,97.0,810,579,3.3,47.4,0.3716,2005,1,28,1,0,0,0,0,0,1,0,0
7760,0.9,861,2.0,585,94,1120,77.0,807,553,3.0,49.1,0.3774,2005,1,28,2,0,0,0,0,0,1,0,0
7761,0.8,845,1.4,534,75,1146,64.0,781,519,3.5,48.0,0.3822,2005,1,28,3,0,0,0,0,0,1,0,0
7762,0.6,849,1.2,522,56,1158,51.0,779,467,3.6,48.0,0.3835,2005,1,28,4,0,0,0,0,0,1,0,0
7763,0.5,818,0.9,486,58,1282,49.0,781,422,4.0,47.8,0.3919,2005,1,28,5,0,0,0,0,0,1,0,0
7764,0.6,864,1.6,554,105,1159,79.0,819,545,4.1,48.1,0.3975,2005,1,28,6,0,0,0,0,0,1,0,0
7765,0.7,856,1.7,559,122,1138,92.0,810,556,4.1,47.4,0.3926,2005,1,28,7,0,0,0,0,0,1,0,0
7766,1.6,1024,6.2,823,274,827,167.0,992,879,4.2,48.7,0.4073,2005,1,28,8,0,0,0,0,0,1,0,0
7767,2.2,1050,8.2,909,342,742,206.0,1055,993,4.1,49.8,0.4117,2005,1,28,9,0,0,0,0,0,1,0,0
7768,1.8,984,6.4,832,296,822,184.0,966,892,4.3,48.4,0.4043,2005,1,28,10,0,0,0,0,0,1,0,0
7769,1.5,990,5.9,808,279,838,176.0,975,901,4.6,49.7,0.4271,2005,1,28,11,0,0,0,0,0,1,0,0
7770,1.8,970,5.7,798,325,842,191.0,941,874,4.5,49.6,0.421,2005,1,28,12,0,0,0,0,0,1,0,0
7771,1.4,943,5.3,781,222,871,147.0,925,722,4.4,48.4,0.4087,2005,1,28,13,0,0,0,0,0,1,0,0
7772,2.1,994,7.3,871,279,793,174.0,997,836,4.7,47.2,0.4075,2005,1,28,14,0,0,0,0,0,1,0,0
7773,1.6,932,5.1,767,248,888,167.0,920,669,4.2,49.5,0.4118,2005,1,28,15,0,0,0,0,0,1,0,0
7774,1.3,891,3.9,706,193,949,138.0,860,600,3.4,50.7,0.3991,2005,1,28,16,0,0,0,0,0,1,0,0
7775,1.9,881,3.59,683,256,984,164.0,848,577,3.25,50.6,0.39447,2005,1,28,17,0,0,0,0,0,1,0,0
7776,2.4,871,3.2800000000000002,660,288,1020,190.0,837,555,3.1,50.5,0.38984,2005,1,28,18,0,0,0,0,0,1,0,0
7777,3.0,861,2.97,638,300,1056,198.0,825,532,2.95,50.400000000000006,0.38521,2005,1,28,19,0,0,0,0,0,1,0,0
7778,1.9,851,2.66,615,224,1091,155.0,814,510,2.8,50.300000000000004,0.38058000000000003,2005,1,28,20,0,0,0,0,0,1,0,0
7779,1.8,842,2.35,593,219,1127,153.0,802,488,2.65,50.2,0.37595,2005,1,28,21,0,0,0,0,0,1,0,0
7780,1.1,832,2.04,570,145,1163,110.0,791,465,2.5,50.1,0.37132,2005,1,28,22,0,0,0,0,0,1,0,0
7781,1.1,822,1.7300000000000004,547,115,1198,91.0,779,443,2.3499999999999996,50.0,0.36669,2005,1,28,23,0,0,0,0,0,1,0,0
7782,1.1,812,1.4200000000000004,525,136,1234,105.0,768,420,2.2,49.900000000000006,0.36206,2005,1,29,0,1,0,0,0,0,0,1,0
7783,1.0,802,1.1100000000000003,502,107,1270,85.0,756,398,2.05,49.800000000000004,0.35743,2005,1,29,1,1,0,0,0,0,0,1,0
7784,0.7,793,0.8,480,70,1306,60.0,745,376,1.9,49.7,0.3528,2005,1,29,2,1,0,0,0,0,0,1,0
7785,0.6,790,0.6,455,53,1376,47.0,751,336,1.6,52.9,0.3692,2005,1,29,3,1,0,0,0,0,0,1,0
7789,0.5,801,0.9,494,73,1324,58.0,754,395,1.6,51.0,0.3561,2005,1,29,7,1,0,0,0,0,0,1,0
7790,0.8,847,2.0,586,125,1163,92.0,814,473,1.4,53.1,0.3642,2005,1,29,8,1,0,0,0,0,0,1,0
7791,1.1,874,2.8,641,154,1022,110.0,857,553,1.7,54.1,0.3785,2005,1,29,9,1,0,0,0,0,0,1,0
7792,1.1,879,2.8,642,140,1027,101.0,836,545,2.5,51.0,0.3778,2005,1,29,10,1,0,0,0,0,0,1,0
7793,1.1,888,3.0,652,150,1025,96.0,833,547,2.9,48.7,0.3706,2005,1,29,11,1,0,0,0,0,0,1,0
7794,1.1,873,2.4,610,139,1051,102.0,819,527,3.6,45.8,0.3674,2005,1,29,12,1,0,0,0,0,0,1,0
7795,1.1,877,2.5,618,135,1027,96.0,830,505,3.1,48.1,0.3722,2005,1,29,13,1,0,0,0,0,0,1,0
7796,1.2,893,3.0,653,152,987,102.0,845,550,3.4,46.6,0.3668,2005,1,29,14,1,0,0,0,0,0,1,0
7797,1.0,866,2.2,602,121,1071,88.0,809,465,3.7,45.8,0.3697,2005,1,29,15,1,0,0,0,0,0,1,0
7798,1.2,873,2.6,629,122,1049,87.0,817,467,4.4,43.7,0.3688,2005,1,29,16,1,0,0,0,0,0,1,0
7799,1.3,911,3.4,676,167,998,115.0,855,555,4.0,44.9,0.3689,2005,1,29,17,1,0,0,0,0,0,1,0
7800,1.4,908,3.0,653,165,980,118.0,847,551,3.3,46.8,0.3671,2005,1,29,18,1,0,0,0,0,0,1,0
7801,1.3,907,3.1,657,190,981,134.0,844,569,3.1,48.1,0.3707,2005,1,29,19,1,0,0,0,0,0,1,0
7802,1.4,925,3.4,678,176,960,125.0,861,594,2.8,49.0,0.37,2005,1,29,20,1,0,0,0,0,0,1,0
7803,1.5,920,2.9,649,196,983,140.0,849,598,3.1,47.4,0.3661,2005,1,29,21,1,0,0,0,0,0,1,0
7804,1.0,865,1.7,561,103,1102,83.0,791,434,2.9,49.0,0.3725,2005,1,29,22,1,0,0,0,0,0,1,0
7805,1.0,867,1.6,553,91,1136,73.0,792,412,2.8,49.1,0.3726,2005,1,29,23,1,0,0,0,0,0,1,0
7806,1.1,900,2.3,604,119,1051,92.0,815,469,2.9,49.7,0.3782,2005,1,30,0,1,0,0,0,0,0,0,1
7807,1.3,901,2.2,599,147,1023,109.0,825,515,3.8,46.5,0.3762,2005,1,30,1,1,0,0,0,0,0,0,1
7808,1.0,863,1.7,560,101,1107,82.0,787,430,3.2,46.9,0.3658,2005,1,30,2,1,0,0,0,0,0,0,1
7809,1.1,884,2.2,599,101,1065,82.5,813,503,3.1,45.2,0.3504,2005,1,30,3,1,0,0,0,0,0,0,1
7810,0.8500000000000001,873,1.8,565,102,1097,83.0,793,494,3.1,44.8,0.3473,2005,1,30,4,1,0,0,0,0,0,0,1
7811,0.6,806,0.6,459,55,1322,50.0,728,368,3.1,44.4,0.342,2005,1,30,5,1,0,0,0,0,0,0,1
7812,0.5,801,0.6,454,51,1374,44.0,727,348,3.0,43.4,0.3337,2005,1,30,6,1,0,0,0,0,0,0,1
7813,0.4,790,0.4,431,53,1439,49.0,722,354,2.8,43.8,0.3308,2005,1,30,7,1,0,0,0,0,0,0,1
7814,0.5,805,0.7,465,74,1358,62.0,736,382,2.7,43.2,0.3259,2005,1,30,8,1,0,0,0,0,0,0,1
7815,0.7,843,1.2,520,113,1202,85.0,762,450,3.3,42.3,0.3299,2005,1,30,9,1,0,0,0,0,0,0,1
7816,0.8,849,1.4,537,107,1148,82.0,757,460,4.6,39.0,0.333,2005,1,30,10,1,0,0,0,0,0,0,1
7817,0.8,872,2.0,583,101,1126,77.0,765,441,5.6,37.5,0.3426,2005,1,30,11,1,0,0,0,0,0,0,1
7818,1.0,890,2.0,585,129,1097,92.0,776,454,7.2,34.2,0.3488,2005,1,30,12,1,0,0,0,0,0,0,1
7819,0.9,874,1.6,552,126,1128,95.0,760,415,6.9,35.6,0.3561,2005,1,30,13,1,0,0,0,0,0,0,1
7820,0.9,863,1.6,553,132,1133,95.0,742,419,8.2,30.1,0.3281,2005,1,30,14,1,0,0,0,0,0,0,1
7821,0.9,840,1.8,566,101,1176,76.0,717,368,7.6,27.9,0.2927,2005,1,30,15,1,0,0,0,0,0,0,1
7822,1.0,845,1.8,569,128,1151,95.0,709,397,7.9,25.9,0.2774,2005,1,30,16,1,0,0,0,0,0,0,1
7823,1.0,888,2.6,625,170,1062,118.0,763,510,7.8,28.3,0.3017,2005,1,30,17,1,0,0,0,0,0,0,1
7824,1.1,845,2.0,582,174,1120,123.0,719,473,6.3,28.8,0.2772,2005,1,30,18,1,0,0,0,0,0,0,1
7825,1.2,880,2.8,641,215,1077,140.0,759,537,5.4,30.1,0.2726,2005,1,30,19,1,0,0,0,0,0,0,1
7826,1.6,917,3.9,708,248,972,163.0,787,670,5.0,31.1,0.273,2005,1,30,20,1,0,0,0,0,0,0,1
7827,1.7,927,4.1,715,247,965,164.0,797,711,4.6,33.8,0.2898,2005,1,30,21,1,0,0,0,0,0,0,1
7828,1.1,868,2.4,615,154,1095,120.0,752,551,4.3,36.6,0.3064,2005,1,30,22,1,0,0,0,0,0,0,1
7829,1.3,932,3.5,685,186,996,130.0,820,670,4.0,39.0,0.3203,2005,1,30,23,1,0,0,0,0,0,0,1
7830,1.7,971,4.6,741,231,901,145.0,864,771,2.9,42.8,0.3276,2005,1,31,0,0,1,0,0,0,0,0,0
7831,1.5,891,3.0,650,174,987,126.0,782,586,3.4,38.9,0.3076,2005,1,31,1,0,1,0,0,0,0,0,0
7832,0.8,806,1.0,495,68,1282,61.0,685,355,4.0,36.4,0.2982,2005,1,31,2,0,1,0,0,0,0,0,0
7833,0.5,787,0.5,446,53,1395,49.0,657,310,4.0,36.4,0.2989,2005,1,31,3,0,1,0,0,0,0,0,0
7836,0.4,814,0.6,449,54,1363,50.0,674,328,3.7,37.5,0.3012,2005,1,31,6,0,1,0,0,0,0,0,0
7837,0.7,844,1.4,538,158,1164,109.0,726,479,3.7,35.2,0.2833,2005,1,31,7,0,1,0,0,0,0,0,0
7838,1.8,1049,7.1,863,350,826,198.0,923,979,3.7,33.9,0.2732,2005,1,31,8,0,1,0,0,0,0,0,0
7839,2.65,1201,14.0,1116,467,617,240.5,1130,1469,4.4,38.8,0.328,2005,1,31,9,0,1,0,0,0,0,0,0
7840,3.5,1293,15.1,1153,584,602,283.0,1141,1667,6.6,34.4,0.3359,2005,1,31,10,0,1,0,0,0,0,0,0
7841,2.8,1121,12.5,1066,478,683,256.0,1040,1378,10.0,22.4,0.2753,2005,1,31,11,0,1,0,0,0,0,0,0
7842,3.1,1112,12.8,1078,563,683,261.0,1028,1426,11.9,18.6,0.2581,2005,1,31,12,0,1,0,0,0,0,0,0
7843,2.5,1060,11.9,1048,414,707,181.0,983,1246,12.5,17.2,0.2477,2005,1,31,13,0,1,0,0,0,0,0,0
7844,2.7,1056,11.7,1040,398,711,194.0,976,1187,13.2,17.3,0.2606,2005,1,31,14,0,1,0,0,0,0,0,0
7845,2.9,1131,14.7,1139,451,643,214.0,1097,1363,13.5,18.7,0.2872,2005,1,31,15,0,1,0,0,0,0,0,0
7846,3.2,1162,15.7,1170,503,618,204.0,1131,1425,14.1,18.2,0.2908,2005,1,31,16,0,1,0,0,0,0,0,0
7847,4.1,1283,21.1,1328,640,552,228.0,1294,1722,13.0,20.3,0.303,2005,1,31,17,0,1,0,0,0,0,0,0
7851,3.7,1283,15.0,1149,586,587,235.0,1148,1799,6.3,39.4,0.3795,2005,1,31,21,0,1,0,0,0,0,0,0
7852,2.1,1109,7.1,863,360,737,208.0,960,1527,5.4,43.5,0.3922,2005,1,31,22,0,1,0,0,0,0,0,0
7853,1.4,1055,5.4,782,231,798,161.0,940,1377,5.1,45.6,0.4056,2005,1,31,23,0,1,0,0,0,0,0,0
7854,1.3,1038,4.8,756,200,813,146.0,921,1317,4.2,49.4,0.412,2005,2,1,0,0,0,1,0,0,0,0,0
7855,1.1,996,3.8,698,153,871,123.0,894,1228,4.1,50.1,0.415,2005,2,1,1,0,0,1,0,0,0,0,0
7856,1.0,995,3.5,680,135,879,109.0,904,1201,4.1,51.5,0.4263,2005,2,1,2,0,0,1,0,0,0,0,0
7857,0.9,1000,3.3,670,165,868,112.0,917,1158,3.7,57.5,0.4621,2005,2,1,3,0,0,1,0,0,0,0,0
7858,0.8,1042,3.6,688,196,814,115.0,935,1204,2.5,64.8,0.4807,2005,2,1,4,0,0,1,0,0,0,0,0
7859,0.9,1042,3.8,701,208,795,114.0,945,1216,1.8,68.9,0.4878,2005,2,1,5,0,0,1,0,0,0,0,0
7860,1.1,1024,4.2,724,241,814,122.0,944,1198,2.0,64.9,0.4661,2005,2,1,6,0,0,1,0,0,0,0,0
7861,1.6,1147,7.7,886,417,702,149.0,1056,1381,2.2,65.3,0.473,2005,2,1,7,0,0,1,0,0,0,0,0
7868,4.2,1432,18.8,1264,660,487,179.0,1476,1888,11.8,44.4,0.6118,2005,2,1,14,0,0,1,0,0,0,0,0
7869,3.3,1408,16.7,1202,492,506,151.0,1411,1774,12.7,45.5,0.6648,2005,2,1,15,0,0,1,0,0,0,0,0
7870,3.2,1377,14.4,1129,497,540,162.0,1392,1626,13.5,44.8,0.6898,2005,2,1,16,0,0,1,0,0,0,0,0
7871,3.6,1454,16.3,1190,562,508,165.0,1434,1761,12.3,48.9,0.6967,2005,2,1,17,0,0,1,0,0,0,0,0
7872,3.5,1268,14.4,1128,539,573,173.0,1255,1533,10.8,40.3,0.5201,2005,2,1,18,0,0,1,0,0,0,0,0
7873,4.1,1259,17.0,1211,502,559,188.0,1243,1531,9.4,36.7,0.4324,2005,2,1,19,0,0,1,0,0,0,0,0
7874,4.0,1261,14.8,1143,452,595,186.0,1208,1477,8.3,39.5,0.4318,2005,2,1,20,0,0,1,0,0,0,0,0
7875,3.3,1133,9.8,971,357,683,172.0,1059,1332,7.8,41.3,0.4389,2005,2,1,21,0,0,1,0,0,0,0,0
7876,3.0,1054,6.1,818,289,777,150.0,966,1210,7.3,43.8,0.4505,2005,2,1,22,0,0,1,0,0,0,0,0
7877,2.6,1055,5.4,783,221,805,137.0,969,1167,6.7,47.6,0.4688,2005,2,1,23,0,0,1,0,0,0,0,0
7878,2.6,1059,4.7,747,204,820,133.0,964,1133,6.6,51.2,0.5007,2005,2,2,0,0,0,0,1,0,0,0,0
7879,2.6,1063,5.1,769,183,807,122.0,993,1109,6.4,52.6,0.5074,2005,2,2,1,0,0,0,1,0,0,0,0
7880,2.9,1135,6.9,854,222,722,130.0,1065,1218,5.3,57.8,0.5177,2005,2,2,2,0,0,0,1,0,0,0,0
7881,2.9,1126,7.3,869,216,680,125.5,1075,1222,3.4,66.7,0.5281,2005,2,2,3,0,0,0,1,0,0,0,0
7882,2.5,1058,4.8,753,210,764,121.0,986,1149,3.3,66.8,0.5215,2005,2,2,4,0,0,0,1,0,0,0,0
7883,2.0,1040,3.6,688,185,846,115.0,920,1090,3.7,62.9,0.5059,2005,2,2,5,0,0,0,1,0,0,0,0
7884,2.2,1069,4.5,737,257,792,125.0,946,1114,2.6,67.5,0.5034,2005,2,2,6,0,0,0,1,0,0,0,0
7885,2.4,1042,5.2,771,297,795,136.0,941,1089,3.5,60.9,0.4857,2005,2,2,7,0,0,0,1,0,0,0,0
7886,4.0,1322,15.1,1151,573,566,174.0,1286,1446,2.7,63.4,0.4787,2005,2,2,8,0,0,0,1,0,0,0,0
7891,2.6,1037,10.1,981,388,721,139.0,1000,1086,13.7,20.7,0.3221,2005,2,2,13,0,0,0,1,0,0,0,0
7892,2.2,1028,10.1,983,337,728,133.0,979,1048,13.7,19.9,0.3114,2005,2,2,14,0,0,0,1,0,0,0,0
7893,1.9,984,8.3,913,326,762,127.0,930,990,14.1,18.1,0.2884,2005,2,2,15,0,0,0,1,0,0,0,0
7894,1.8,1010,9.0,940,329,759,124.0,960,1027,14.5,18.0,0.2956,2005,2,2,16,0,0,0,1,0,0,0,0
7895,3.1,1113,13.4,1096,465,645,158.0,1092,1359,13.2,20.4,0.3074,2005,2,2,17,0,0,0,1,0,0,0,0
7896,4.8,1253,19.5,1284,612,536,171.0,1285,1618,10.5,25.1,0.3194,2005,2,2,18,0,0,0,1,0,0,0,0
7899,4.1,1281,15.6,1168,655,571,212.0,1195,1756,6.7,39.6,0.3906,2005,2,2,21,0,0,0,1,0,0,0,0
7900,1.8,1084,7.0,855,332,748,193.0,939,1446,5.8,42.0,0.3904,2005,2,2,22,0,0,0,1,0,0,0,0
7901,1.7,1097,7.8,892,287,719,167.0,979,1423,4.9,45.9,0.3999,2005,2,2,23,0,0,0,1,0,0,0,0
7902,1.7,1032,5.6,791,242,793,156.0,915,1278,4.5,47.9,0.4079,2005,2,3,0,0,0,0,0,1,0,0,0
7903,1.5,1046,6.0,812,242,782,153.0,940,1265,3.9,51.6,0.4226,2005,2,3,1,0,0,0,0,1,0,0,0
7904,1.1,975,3.9,707,192,860,128.0,902,1107,3.4,54.7,0.4323,2005,2,3,2,0,0,0,0,1,0,0,0
7905,0.9,932,2.8,642,163,950,112.0,871,1014,3.3,56.1,0.4379,2005,2,3,3,0,0,0,0,1,0,0,0
7906,0.6,926,2.6,623,134,954,96.0,873,1011,2.0,60.8,0.4337,2005,2,3,4,0,0,0,0,1,0,0,0
7907,0.3,932,2.9,645,142,916,105.0,882,1006,1.2,63.7,0.4327,2005,2,3,5,0,0,0,0,1,0,0,0
7908,0.4,937,2.8,640,194,923,130.0,870,1010,2.1,60.3,0.4368,2005,2,3,6,0,0,0,0,1,0,0,0
7909,0.6,996,4.2,724,216,861,134.0,938,1067,1.3,63.1,0.4322,2005,2,3,7,0,0,0,0,1,0,0,0
7914,2.2,1205,10.3,989,551,643,235.0,1084,1597,11.5,33.0,0.4476,2005,2,3,12,0,0,0,0,1,0,0,0
7915,2.7,1322,13.8,1110,565,568,241.0,1208,1776,12.2,34.3,0.4864,2005,2,3,13,0,0,0,0,1,0,0,0
7916,2.7,1301,12.7,1074,532,574,214.0,1255,1636,13.5,35.0,0.5396,2005,2,3,14,0,0,0,0,1,0,0,0
7917,2.1,1280,11.4,1030,459,597,174.0,1246,1480,14.9,34.9,0.5869,2005,2,3,15,0,0,0,0,1,0,0,0
7918,2.0,1256,10.2,986,407,612,157.0,1240,1413,15.7,34.5,0.6111,2005,2,3,16,0,0,0,0,1,0,0,0
7919,2.4,1358,14.3,1128,434,545,170.0,1344,1611,14.7,37.2,0.618,2005,2,3,17,0,0,0,0,1,0,0,0
7922,3.9,1444,17.6,1227,646,485,231.0,1414,1891,9.3,55.5,0.6503,2005,2,3,20,0,0,0,0,1,0,0,0
7923,2.7,1314,12.6,1069,471,571,216.0,1271,1662,8.3,57.6,0.6304,2005,2,3,21,0,0,0,0,1,0,0,0
7924,3.0,1368,15.5,1164,528,524,217.0,1350,1674,6.3,65.1,0.6237,2005,2,3,22,0,0,0,0,1,0,0,0
7925,2.1,1195,9.1,943,378,645,203.0,1149,1462,6.5,63.1,0.6132,2005,2,3,23,0,0,0,0,1,0,0,0
7926,1.2,1083,6.4,828,235,734,161.0,1067,1273,6.0,62.7,0.589,2005,2,4,0,0,0,0,0,0,1,0,0
7927,1.2,1055,5.1,771,217,781,147.0,1030,1174,5.1,65.4,0.5797,2005,2,4,1,0,0,0,0,0,1,0,0
7928,0.7,973,3.3,672,141,887,111.0,954,1031,4.7,64.6,0.5568,2005,2,4,2,0,0,0,0,0,1,0,0
7929,0.9,1039,5.3,777,149,778,113.0,1031,1082,2.9,72.2,0.5523,2005,2,4,3,0,0,0,0,0,1,0,0
7930,0.8,949,3.1,657,158,895,115.0,948,991,5.0,63.5,0.5575,2005,2,4,4,0,0,0,0,0,1,0,0
7931,0.4,920,2.2,601,87,974,80.0,920,925,3.9,65.5,0.5367,2005,2,4,5,0,0,0,0,0,1,0,0
7932,0.7,989,3.9,703,194,843,122.0,988,1017,1.8,74.5,0.5271,2005,2,4,6,0,0,0,0,0,1,0,0
7933,1.4,1100,6.9,854,401,714,186.0,1075,1187,1.8,73.7,0.5198,2005,2,4,7,0,0,0,0,0,1,0,0
7935,3.9,1328,20.1,1300,654,499,301.0,1405,1672,4.4,61.1,0.5176,2005,2,4,9,0,0,0,0,0,1,0,0
7936,3.1,1308,16.3,1189,566,534,274.0,1325,1656,7.7,49.8,0.5267,2005,2,4,10,0,0,0,0,0,1,0,0
7937,3.2,1280,14.3,1127,649,558,247.0,1277,1641,12.1,36.9,0.5212,2005,2,4,11,0,0,0,0,0,1,0,0
7938,1.5,1056,7.0,857,309,735,169.0,1028,1117,15.0,28.5,0.4821,2005,2,4,12,0,0,0,0,0,1,0,0
7939,1.2,1019,6.3,825,229,781,138.0,994,901,14.5,28.3,0.4665,2005,2,4,13,0,0,0,0,0,1,0,0
7940,1.9,1084,8.6,923,312,712,149.0,1085,1046,12.9,31.8,0.4707,2005,2,4,14,0,0,0,0,0,1,0,0
7941,1.5,998,6.6,841,276,792,165.0,979,884,12.1,32.3,0.4548,2005,2,4,15,0,0,0,0,0,1,0,0
7942,1.4,987,6.1,816,236,816,156.0,959,821,11.3,33.5,0.4476,2005,2,4,16,0,0,0,0,0,1,0,0
7943,1.9,1079,8.8,932,312,719,184.0,1018,1056,11.4,32.6,0.4373,2005,2,4,17,0,0,0,0,0,1,0,0
7944,2.2,1096,9.4,954,345,687,197.0,1085,1139,9.1,37.8,0.4372,2005,2,4,18,0,0,0,0,0,1,0,0
7945,3.0,1146,11.8,1043,386,639,204.0,1169,1248,8.1,41.0,0.4458,2005,2,4,19,0,0,0,0,0,1,0,0
7946,2.6,1125,11.3,1025,356,653,207.0,1147,1200,7.7,41.9,0.4409,2005,2,4,20,0,0,0,0,0,1,0,0
7947,2.8,1130,9.7,968,467,680,208.0,1102,1220,7.1,43.9,0.4433,2005,2,4,21,0,0,0,0,0,1,0,0
7948,1.6,1017,5.8,805,287,807,174.0,958,1032,6.3,45.8,0.4408,2005,2,4,22,0,0,0,0,0,1,0,0
7949,1.3,1017,5.3,776,239,843,157.0,946,971,6.0,46.1,0.4351,2005,2,4,23,0,0,0,0,0,1,0,0
7950,1.6,1041,5.3,778,266,828,166.0,947,1011,5.5,49.0,0.4471,2005,2,5,0,1,0,0,0,0,0,1,0
7951,1.5,1034,5.1,769,261,816,167.0,952,1049,4.9,52.0,0.4548,2005,2,5,1,1,0,0,0,0,0,1,0
7952,1.3,1009,4.8,751,223,828,154.0,939,1053,4.1,54.7,0.4536,2005,2,5,2,1,0,0,0,0,0,1,0
7953,1.6,1105,6.4,828,247,735,159.0,997,1157,2.1,64.2,0.4633,2005,2,5,3,1,0,0,0,0,0,1,0
7954,2.0,1084,7.0,859,272,703,164.0,1017,1163,1.5,66.2,0.4571,2005,2,5,4,1,0,0,0,0,0,1,0
7955,1.3,989,4.4,731,226,815,149.0,936,1018,1.0,67.7,0.4523,2005,2,5,5,1,0,0,0,0,0,1,0
7956,0.9,1047,5.6,792,250,757,150.0,957,1121,0.8,69.9,0.4591,2005,2,5,6,1,0,0,0,0,0,1,0
7957,1.4,1091,7.3,868,402,705,205.0,1021,1200,1.3,67.2,0.4598,2005,2,5,7,1,0,0,0,0,0,1,0
7960,1.3,966,4.9,760,302,877,200.0,890,940,7.5,39.2,0.4091,2005,2,5,10,1,0,0,0,0,0,1,0
7961,0.9,927,3.8,702,210,932,147.0,847,750,9.0,34.5,0.398,2005,2,5,11,1,0,0,0,0,0,1,0
7962,1.0,909,3.4,678,180,960,128.0,838,652,9.2,34.5,0.4025,2005,2,5,12,1,0,0,0,0,0,1,0
7963,1.0,941,4.2,723,165,922,121.0,880,643,9.3,33.8,0.3981,2005,2,5,13,1,0,0,0,0,0,1,0
7964,1.1,903,3.7,696,180,932,129.0,850,629,9.3,33.1,0.3874,2005,2,5,14,1,0,0,0,0,0,1,0
7965,0.8,891,3.3,668,147,991,110.0,819,549,9.7,30.8,0.3716,2005,2,5,15,1,0,0,0,0,0,1,0
7966,1.0,904,3.4,674,177,968,126.0,824,578,9.6,31.1,0.3718,2005,2,5,16,1,0,0,0,0,0,1,0
7967,0.9,900,3.1,659,157,990,121.0,807,582,8.6,32.8,0.3669,2005,2,5,17,1,0,0,0,0,0,1,0
7968,0.9,926,4.3,725,195,933,142.0,847,694,7.2,35.0,0.3567,2005,2,5,18,1,0,0,0,0,0,1,0
7969,1.6,999,6.2,821,263,846,174.0,915,926,6.4,36.8,0.3566,2005,2,5,19,1,0,0,0,0,0,1,0
7970,1.4,994,5.2,774,239,854,168.0,917,915,6.0,40.2,0.3773,2005,2,5,20,1,0,0,0,0,0,1,0
7971,1.4,1010,5.8,801,267,826,180.0,944,986,5.5,42.6,0.3874,2005,2,5,21,1,0,0,0,0,0,1,0
7972,1.1,938,3.5,685,214,934,157.0,870,840,4.9,43.7,0.3809,2005,2,5,22,1,0,0,0,0,0,1,0
7973,1.2,983,4.9,760,236,869,162.0,898,939,4.2,43.2,0.3605,2005,2,5,23,1,0,0,0,0,0,1,0
7974,1.8,963,4.7,749,251,900,173.0,834,869,4.0,39.2,0.3228,2005,2,6,0,1,0,0,0,0,0,0,1
7975,1.4,962,4.9,756,255,902,176.0,843,908,3.7,40.1,0.323,2005,2,6,1,1,0,0,0,0,0,0,1
7976,1.4,980,5.0,761,235,854,172.0,876,1051,3.1,47.1,0.3638,2005,2,6,2,1,0,0,0,0,0,0,1
7977,0.9,914,2.9,644,182,972,140.0,832,922,2.6,48.8,0.3658,2005,2,6,3,1,0,0,0,0,0,0,1
7978,0.8500000000000001,898,2.6,624,129,987,108.0,825,871,0.8,53.8,0.3542,2005,2,6,4,1,0,0,0,0,0,0,1
7979,0.8,854,1.8,572,95,1070,88.0,788,793,1.2,51.9,0.3515,2005,2,6,5,1,0,0,0,0,0,0,1
7980,0.7,838,1.3,531,95,1146,85.0,774,753,1.0,52.2,0.3489,2005,2,6,6,1,0,0,0,0,0,0,1
7981,0.7,831,1.5,543,100,1132,88.0,787,737,0.6,53.3,0.3467,2005,2,6,7,1,0,0,0,0,0,0,1
7982,0.6,833,1.3,526,110,1169,94.0,771,722,0.8,52.8,0.3468,2005,2,6,8,1,0,0,0,0,0,0,1
7983,0.8,870,2.0,582,149,1091,115.0,791,737,0.3,53.7,0.3424,2005,2,6,9,1,0,0,0,0,0,0,1
7984,1.3,984,4.3,727,197,891,137.0,908,913,4.1,42.9,0.3551,2005,2,6,10,1,0,0,0,0,0,0,1
7985,2.0,1065,6.7,844,351,780,212.0,979,1117,8.0,33.3,0.3591,2005,2,6,11,1,0,0,0,0,0,0,1
7986,1.7,968,4.6,743,249,886,173.0,840,774,10.7,25.2,0.3242,2005,2,6,12,1,0,0,0,0,0,0,1
7987,1.2,911,3.5,683,188,981,135.0,790,558,11.1,23.5,0.3105,2005,2,6,13,1,0,0,0,0,0,0,1
7988,1.0,868,2.1,590,127,1081,100.0,753,420,10.6,26.0,0.332,2005,2,6,14,1,0,0,0,0,0,0,1
7989,0.8,868,1.9,576,96,1128,78.0,755,363,10.3,27.7,0.3481,2005,2,6,15,1,0,0,0,0,0,0,1
7990,1.0,904,2.7,633,138,1040,100.0,789,410,10.2,28.3,0.3516,2005,2,6,16,1,0,0,0,0,0,0,1
7991,1.4,944,3.7,693,217,928,150.0,832,568,9.2,29.9,0.3479,2005,2,6,17,1,0,0,0,0,0,0,1
7992,1.1,925,2.9,649,186,1003,142.0,819,570,6.9,36.4,0.3635,2005,2,6,18,1,0,0,0,0,0,0,1
7993,1.6,985,4.5,736,227,891,165.0,875,774,6.0,38.0,0.3584,2005,2,6,19,1,0,0,0,0,0,0,1
7994,1.8,1002,5.3,780,252,855,179.0,892,857,5.8,36.4,0.3385,2005,2,6,20,1,0,0,0,0,0,0,1
7995,1.4,938,3.7,692,193,937,149.0,805,737,5.8,35.4,0.3286,2005,2,6,21,1,0,0,0,0,0,0,1
7996,1.1,896,2.6,627,158,1033,126.0,782,610,5.4,36.6,0.3304,2005,2,6,22,1,0,0,0,0,0,0,1
7997,1.0,907,2.4,614,150,1052,120.0,782,627,5.1,37.9,0.3358,2005,2,6,23,1,0,0,0,0,0,0,1
7998,1.1,902,2.4,613,130,1049,110.0,777,566,4.8,38.0,0.33,2005,2,7,0,0,1,0,0,0,0,0,0
7999,1.0,885,2.0,582,104,1072,92.0,760,517,4.5,38.1,0.3249,2005,2,7,1,0,1,0,0,0,0,0,0
8000,0.8,863,1.5,545,86,1119,78.0,749,484,4.3,38.1,0.3207,2005,2,7,2,0,1,0,0,0,0,0,0
8001,0.6,861,1.2,518,76,1141,71.5,738,482,3.9,39.9,0.325,2005,2,7,3,0,1,0,0,0,0,0,0
8002,0.6,852,0.8,482,67,1187,65.0,726,496,3.8,41.0,0.3327,2005,2,7,4,0,1,0,0,0,0,0,0
8003,0.6,879,1.0,495,75,1147,73.0,753,623,3.3,44.6,0.3499,2005,2,7,5,0,1,0,0,0,0,0,0
8004,0.6,900,1.3,525,97,1090,85.0,780,696,3.6,44.5,0.3574,2005,2,7,6,0,1,0,0,0,0,0,0
8005,0.8,963,2.4,615,177,980,133.0,837,916,3.4,47.0,0.3713,2005,2,7,7,0,1,0,0,0,0,0,0
8006,2.3,1183,8.7,929,433,675,246.0,1037,1309,2.9,49.5,0.3775,2005,2,7,8,0,1,0,0,0,0,0,0
8007,2.8,1161,10.5,996,471,639,281.0,1067,1396,5.6,40.5,0.3704,2005,2,7,9,0,1,0,0,0,0,0,0
8008,2.1,1102,7.9,896,346,720,222.0,969,1226,7.5,33.8,0.352,2005,2,7,10,0,1,0,0,0,0,0,0
8009,1.7,1029,6.5,835,262,771,182.0,897,1002,10.8,25.2,0.3251,2005,2,7,11,0,1,0,0,0,0,0,0
8010,1.4,973,5.7,797,221,845,154.0,845,769,12.9,20.6,0.3045,2005,2,7,12,0,1,0,0,0,0,0,0
8011,1.6,981,6.2,820,265,807,168.0,876,784,12.2,21.4,0.3033,2005,2,7,13,0,1,0,0,0,0,0,0
8012,1.4,960,5.4,784,219,842,149.0,868,643,12.0,21.9,0.3069,2005,2,7,14,0,1,0,0,0,0,0,0
8013,1.3,973,4.9,761,235,862,156.0,865,682,12.2,24.0,0.3392,2005,2,7,15,0,1,0,0,0,0,0,0
8014,1.4,968,5.0,765,227,843,156.0,863,692,12.0,24.3,0.3393,2005,2,7,16,0,1,0,0,0,0,0,0
8015,1.7,1022,6.9,854,285,771,187.0,941,926,10.5,27.8,0.3525,2005,2,7,17,0,1,0,0,0,0,0,0
8016,1.9,1067,7.5,879,291,740,194.0,989,996,8.7,33.9,0.3832,2005,2,7,18,0,1,0,0,0,0,0,0
8017,2.3,1101,8.2,908,295,707,204.0,1025,1095,7.8,37.6,0.4004,2005,2,7,19,0,1,0,0,0,0,0,0
8018,2.0,1081,7.7,885,243,720,174.0,1017,1058,7.2,39.4,0.4032,2005,2,7,20,0,1,0,0,0,0,0,0
8019,1.6,988,4.5,738,209,843,154.0,906,893,7.1,39.6,0.4019,2005,2,7,21,0,1,0,0,0,0,0,0
8020,1.0,932,2.7,630,147,980,117.0,842,681,7.1,39.6,0.4001,2005,2,7,22,0,1,0,0,0,0,0,0
8021,0.9,923,2.3,602,117,1028,98.0,831,599,7.2,39.3,0.4004,2005,2,7,23,0,1,0,0,0,0,0,0
8022,0.9,915,2.1,589,105,1045,90.0,813,550,6.9,39.6,0.3966,2005,2,8,0,0,0,1,0,0,0,0,0
8023,0.9,879,1.4,534,84,1129,74.0,785,470,7.0,39.8,0.4006,2005,2,8,1,0,0,1,0,0,0,0,0
8024,0.5,852,0.8,479,51,1275,49.0,761,375,7.1,40.5,0.409,2005,2,8,2,0,0,1,0,0,0,0,0
8025,0.4,844,0.6,453,52,1378,51.5,748,337,6.9,40.9,0.4091,2005,2,8,3,0,0,1,0,0,0,0,0
8026,0.5,878,1.0,496,54,1182,54.0,782,451,6.0,42.9,0.404,2005,2,8,4,0,0,1,0,0,0,0,0
8027,0.6,910,1.3,524,74,1102,69.0,802,600,6.4,42.7,0.4126,2005,2,8,5,0,0,1,0,0,0,0,0
8028,0.6,918,1.6,551,114,1062,92.0,817,712,6.1,43.6,0.4129,2005,2,8,6,0,0,1,0,0,0,0,0
8029,1.0,991,3.0,653,228,944,146.0,885,931,5.9,45.1,0.4211,2005,2,8,7,0,0,1,0,0,0,0,0
8030,2.1,1223,10.0,979,455,658,224.0,1120,1332,6.0,46.4,0.4367,2005,2,8,8,0,0,1,0,0,0,0,0
8031,2.9,1277,15.1,1153,493,543,253.0,1268,1520,6.6,43.7,0.4273,2005,2,8,9,0,0,1,0,0,0,0,0
8032,2.2,1114,8.6,922,410,689,225.0,1022,1223,8.7,36.3,0.4074,2005,2,8,10,0,0,1,0,0,0,0,0
8033,1.6,1088,6.9,853,277,729,180.0,996,1122,10.5,33.4,0.4246,2005,2,8,11,0,0,1,0,0,0,0,0
8034,1.8,1064,7.6,881,340,727,194.0,979,1099,11.4,27.8,0.3748,2005,2,8,12,0,0,1,0,0,0,0,0
8035,1.5,1047,6.9,854,238,753,158.0,959,904,12.7,27.4,0.4011,2005,2,8,13,0,0,1,0,0,0,0,0
8036,2.2,1075,8.5,920,323,726,184.0,992,1022,13.3,23.3,0.354,2005,2,8,14,0,0,1,0,0,0,0,0
8037,1.6,973,5.3,777,286,858,165.0,844,719,13.9,20.7,0.3271,2005,2,8,15,0,0,1,0,0,0,0,0
8038,1.5,942,4.4,733,271,912,156.0,800,609,13.6,20.0,0.3093,2005,2,8,16,0,0,1,0,0,0,0,0
8039,1.8,949,4.561038961038961,739,276,906,172.0,807,628,13.533766233766233,20.4012987012987,0.31263896103896105,2005,2,8,17,0,0,1,0,0,0,0,0
8040,1.8,957,4.722077922077922,745,295,900,194.0,815,648,13.467532467532466,20.802597402597403,0.3159779220779221,2005,2,8,18,0,0,1,0,0,0,0,0
8041,2.3,964,4.883116883116884,751,340,895,208.0,823,668,13.401298701298701,21.203896103896103,0.3193168831168831,2005,2,8,19,0,0,1,0,0,0,0,0
8042,1.9,972,5.044155844155845,757,275,889,187.0,831,688,13.335064935064935,21.605194805194806,0.3226558441558442,2005,2,8,20,0,0,1,0,0,0,0,0
8043,1.9,979,5.205194805194806,763,293,883,187.0,838,708,13.268831168831168,22.006493506493506,0.3259948051948052,2005,2,8,21,0,0,1,0,0,0,0,0
8044,1.1,987,5.3662337662337665,769,157,878,127.0,846,728,13.202597402597402,22.40779220779221,0.32933376623376626,2005,2,8,22,0,0,1,0,0,0,0,0
8045,0.9,994,5.527272727272727,775,133,872,107.0,854,748,13.136363636363637,22.80909090909091,0.3326727272727273,2005,2,8,23,0,0,1,0,0,0,0,0
8046,0.8,1002,5.688311688311689,781,120,866,99.0,862,768,13.07012987012987,23.210389610389612,0.3360116883116883,2005,2,9,0,0,0,0,1,0,0,0,0
8047,0.9,1009,5.84935064935065,787,122,861,100.0,870,788,13.003896103896103,23.61168831168831,0.33935064935064935,2005,2,9,1,0,0,0,1,0,0,0,0
8048,0.7,1017,6.010389610389611,794,80,855,73.0,877,807,12.937662337662337,24.01298701298701,0.34268961038961043,2005,2,9,2,0,0,0,1,0,0,0,0
8049,0.8,1024,6.171428571428572,800,84,849,78.0,885,827,12.871428571428572,24.414285714285715,0.34602857142857146,2005,2,9,3,0,0,0,1,0,0,0,0
8050,0.75,1032,6.332467532467533,806,88,844,83.0,893,847,12.805194805194805,24.815584415584414,0.3493675324675325,2005,2,9,4,0,0,0,1,0,0,0,0
8051,0.7,1039,6.493506493506494,812,109,838,92.0,901,867,12.738961038961039,25.216883116883118,0.3527064935064935,2005,2,9,5,0,0,0,1,0,0,0,0
8052,0.6,1047,6.654545454545454,818,120,832,100.0,909,887,12.672727272727272,25.618181818181817,0.35604545454545455,2005,2,9,6,0,0,0,1,0,0,0,0
8053,1.0,1054,6.815584415584416,824,233,827,149.0,916,907,12.606493506493507,26.019480519480517,0.3593844155844156,2005,2,9,7,0,0,0,1,0,0,0,0
8054,1.7,1062,6.976623376623377,830,394,821,231.0,924,927,12.54025974025974,26.42077922077922,0.3627233766233766,2005,2,9,8,0,0,0,1,0,0,0,0
8055,2.7,1069,7.137662337662338,836,424,815,245.0,932,947,12.474025974025974,26.822077922077924,0.3660623376623377,2005,2,9,9,0,0,0,1,0,0,0,0
8056,3.3,1077,7.2987012987013,842,446,810,203.0,940,967,12.407792207792207,27.223376623376623,0.36940129870129873,2005,2,9,10,0,0,0,1,0,0,0,0
8057,2.1,1084,7.45974025974026,848,266,804,165.0,948,987,12.34155844155844,27.624675324675323,0.37274025974025976,2005,2,9,11,0,0,0,1,0,0,0,0
8058,2.0,1092,7.620779220779221,855,261,798,168.0,955,1006,12.275324675324676,28.025974025974026,0.3760792207792208,2005,2,9,12,0,0,0,1,0,0,0,0
8059,2.0,1099,7.781818181818182,861,220,793,151.0,963,1026,12.209090909090909,28.427272727272726,0.3794181818181818,2005,2,9,13,0,0,0,1,0,0,0,0
8060,2.3,1107,7.942857142857143,867,241,787,152.0,971,1046,12.142857142857142,28.82857142857143,0.3827571428571429,2005,2,9,14,0,0,0,1,0,0,0,0
8061,2.0,1114,8.103896103896105,873,208,781,144.0,979,1066,12.076623376623376,29.22987012987013,0.38609610389610394,2005,2,9,15,0,0,0,1,0,0,0,0
8062,2.1,1122,8.264935064935065,879,215,776,148.0,987,1086,12.01038961038961,29.63116883116883,0.38943506493506497,2005,2,9,16,0,0,0,1,0,0,0,0
8063,2.3,1129,8.425974025974027,885,257,770,176.0,994,1106,11.944155844155844,30.032467532467532,0.392774025974026,2005,2,9,17,0,0,0,1,0,0,0,0
8064,3.1,1137,8.587012987012987,891,355,764,209.0,1002,1126,11.877922077922078,30.433766233766235,0.39611298701298703,2005,2,9,18,0,0,0,1,0,0,0,0
8065,3.9,1145,8.748051948051948,897,415,759,240.0,1010,1146,11.811688311688311,30.835064935064935,0.39945194805194806,2005,2,9,19,0,0,0,1,0,0,0,0
8066,3.8,1152,8.90909090909091,903,349,753,223.0,1018,1166,11.745454545454546,31.236363636363635,0.4027909090909091,2005,2,9,20,0,0,0,1,0,0,0,0
8067,2.9,1160,9.07012987012987,910,254,747,187.0,1025,1185,11.67922077922078,31.637662337662334,0.4061298701298701,2005,2,9,21,0,0,0,1,0,0,0,0
8068,2.2,1167,9.231168831168832,916,228,742,157.0,1033,1205,11.612987012987013,32.038961038961034,0.4094688311688312,2005,2,9,22,0,0,0,1,0,0,0,0
8069,1.9,1175,9.392207792207792,922,156,736,123.0,1041,1225,11.546753246753246,32.44025974025974,0.41280779220779223,2005,2,9,23,0,0,0,1,0,0,0,0
8070,2.0,1182,9.553246753246754,928,161,730,126.0,1049,1245,11.48051948051948,32.84155844155844,0.41614675324675326,2005,2,10,0,0,0,0,0,1,0,0,0
8071,1.8,1190,9.714285714285715,934,123,725,106.0,1057,1265,11.414285714285715,33.24285714285714,0.4194857142857143,2005,2,10,1,0,0,0,0,1,0,0,0
8072,1.6,1197,9.875324675324675,940,108,719,95.0,1064,1285,11.348051948051948,33.64415584415585,0.4228246753246753,2005,2,10,2,0,0,0,0,1,0,0,0
8073,1.5,1205,10.036363636363637,946,101,713,91.0,1072,1305,11.281818181818181,34.04545454545455,0.4261636363636364,2005,2,10,3,0,0,0,0,1,0,0,0
8074,1.4,1212,10.197402597402597,952,95,708,87.0,1080,1325,11.215584415584416,34.44675324675325,0.42950259740259744,2005,2,10,4,0,0,0,0,1,0,0,0
8075,1.5,1220,10.358441558441559,958,102,702,88.0,1088,1345,11.14935064935065,34.848051948051946,0.43284155844155847,2005,2,10,5,0,0,0,0,1,0,0,0
8076,1.7,1227,10.51948051948052,964,178,696,134.0,1096,1365,11.083116883116883,35.249350649350646,0.4361805194805195,2005,2,10,6,0,0,0,0,1,0,0,0
8077,1.9,1235,10.68051948051948,971,214,691,156.0,1103,1384,11.016883116883117,35.650649350649346,0.43951948051948053,2005,2,10,7,0,0,0,0,1,0,0,0
8078,3.3,1242,10.841558441558442,977,492,685,247.0,1111,1404,10.95064935064935,36.05194805194805,0.44285844155844156,2005,2,10,8,0,0,0,0,1,0,0,0
8079,3.8,1250,11.002597402597402,983,540,679,289.0,1119,1424,10.884415584415585,36.45324675324675,0.4461974025974026,2005,2,10,9,0,0,0,0,1,0,0,0
8080,4.3,1257,11.163636363636364,989,604,674,250.0,1127,1444,10.818181818181818,36.85454545454545,0.4495363636363636,2005,2,10,10,0,0,0,0,1,0,0,0
8081,3.7,1265,11.324675324675326,995,646,668,232.0,1135,1464,10.751948051948052,37.25584415584416,0.45287532467532465,2005,2,10,11,0,0,0,0,1,0,0,0
8082,2.7,1272,11.485714285714286,1001,418,662,185.0,1142,1484,10.685714285714285,37.65714285714286,0.45621428571428574,2005,2,10,12,0,0,0,0,1,0,0,0
8083,2.2,1280,11.646753246753246,1007,250,657,147.0,1150,1504,10.619480519480518,38.05844155844156,0.45955324675324677,2005,2,10,13,0,0,0,0,1,0,0,0
8084,2.4,1287,11.807792207792208,1013,226,651,128.0,1158,1524,10.553246753246754,38.45974025974026,0.4628922077922078,2005,2,10,14,0,0,0,0,1,0,0,0
8085,2.2,1295,11.96883116883117,1019,271,645,131.0,1166,1544,10.487012987012987,38.86103896103896,0.4662311688311689,2005,2,10,15,0,0,0,0,1,0,0,0
8086,2.3,1302,12.129870129870131,1025,288,640,135.0,1174,1564,10.42077922077922,39.26233766233766,0.4695701298701299,2005,2,10,16,0,0,0,0,1,0,0,0
8087,2.6,1310,12.290909090909091,1032,299,634,149.0,1181,1583,10.354545454545455,39.66363636363636,0.47290909090909095,2005,2,10,17,0,0,0,0,1,0,0,0
8088,4.2,1317,12.451948051948053,1038,534,628,209.0,1189,1603,10.288311688311689,40.064935064935064,0.476248051948052,2005,2,10,18,0,0,0,0,1,0,0,0
8091,4.5,1340,12.935064935064934,1056,605,611,225.0,1212,1663,10.089610389610389,41.26883116883117,0.48626493506493507,2005,2,10,21,0,0,0,0,1,0,0,0
8092,2.7,1348,13.096103896103896,1062,345,606,194.0,1220,1683,10.023376623376624,41.67012987012987,0.4896038961038961,2005,2,10,22,0,0,0,0,1,0,0,0
8093,2.4,1355,13.257142857142858,1068,255,600,164.0,1228,1703,9.957142857142857,42.07142857142857,0.4929428571428571,2005,2,10,23,0,0,0,0,1,0,0,0
8094,2.3,1363,13.418181818181818,1074,211,594,148.0,1236,1723,9.89090909090909,42.47272727272727,0.4962818181818182,2005,2,11,0,0,0,0,0,0,1,0,0
8095,2.2,1370,13.57922077922078,1080,190,589,136.0,1244,1743,9.824675324675324,42.87402597402597,0.49962077922077924,2005,2,11,1,0,0,0,0,0,1,0,0
8096,2.0,1378,13.74025974025974,1087,149,583,116.0,1251,1762,9.758441558441557,43.27532467532467,0.5029597402597403,2005,2,11,2,0,0,0,0,0,1,0,0
8097,1.6,1385,13.901298701298701,1093,128,577,103.5,1259,1782,9.692207792207792,43.676623376623375,0.5062987012987012,2005,2,11,3,0,0,0,0,0,1,0,0
8098,1.6,1393,14.062337662337663,1099,107,572,91.0,1267,1802,9.625974025974026,44.077922077922075,0.5096376623376624,2005,2,11,4,0,0,0,0,0,1,0,0
8099,1.5,1400,14.223376623376623,1105,98,566,87.0,1275,1822,9.55974025974026,44.47922077922078,0.5129766233766234,2005,2,11,5,0,0,0,0,0,1,0,0
8100,1.7,1408,14.384415584415585,1111,183,560,123.0,1283,1842,9.493506493506494,44.88051948051948,0.5163155844155844,2005,2,11,6,0,0,0,0,0,1,0,0
8101,1.8,1415,14.545454545454545,1117,224,555,152.0,1290,1862,9.427272727272728,45.28181818181818,0.5196545454545455,2005,2,11,7,0,0,0,0,0,1,0,0
8102,3.8,1423,14.706493506493507,1123,589,549,267.0,1298,1882,9.361038961038961,45.68311688311688,0.5229935064935065,2005,2,11,8,0,0,0,0,0,1,0,0
8114,4.9,1513,16.63896103896104,1196,641,481,215.0,1392,2121,8.566233766233767,50.49870129870129,0.563061038961039,2005,2,11,20,0,0,0,0,0,1,0,0
8115,4.0,1521,16.8,1203,490,476,207.0,1400,2141,8.5,50.9,0.5664,2005,2,11,21,0,0,0,0,0,1,0,0
8116,4.0,1428,13.0,1085,550,526,213.0,1268,2023,8.3,53.3,0.5843,2005,2,11,22,0,0,0,0,0,1,0,0
8117,3.6,1463,12.6,1069,422,530,192.0,1279,1967,7.1,58.1,0.5885,2005,2,11,23,0,0,0,0,0,1,0,0
8118,4.2,1494,14.2,1124,541,504,211.0,1313,1931,5.8,64.3,0.5964,2005,2,12,0,1,0,0,0,0,0,1,0
8119,4.3,1462,12.9,1080,599,522,229.0,1274,1889,5.3,66.8,0.5979,2005,2,12,1,1,0,0,0,0,0,1,0
8120,3.6,1326,9.7,967,490,578,216.0,1174,1699,5.0,66.6,0.5871,2005,2,12,2,1,0,0,0,0,0,1,0
8121,2.5,1185,5.9,807,356,685,181.0,1051,1467,5.0,66.3,0.5811,2005,2,12,3,1,0,0,0,0,0,1,0
8122,1.95,1154,5.5,788,223,709,146.0,1065,1390,5.1,65.9,0.5827,2005,2,12,4,1,0,0,0,0,0,1,0
8123,1.4,1175,6.6,839,214,670,136.0,1087,1371,4.1,69.0,0.5735,2005,2,12,5,1,0,0,0,0,0,1,0
8124,1.4,1203,7.3,870,274,641,156.0,1103,1427,4.6,67.6,0.5778,2005,2,12,6,1,0,0,0,0,0,1,0
8125,1.6,1250,8.8,933,338,620,176.0,1144,1489,5.2,65.5,0.5836,2005,2,12,7,1,0,0,0,0,0,1,0
8126,2.3,1321,11.9,1046,496,562,224.0,1263,1610,6.0,62.8,0.5929,2005,2,12,8,1,0,0,0,0,0,1,0
8127,2.4,1323,12.0,1049,433,550,207.0,1290,1619,7.1,59.3,0.6005,2005,2,12,9,1,0,0,0,0,0,1,0
8128,2.7,1381,11.9,1045,496,541,221.0,1307,1706,7.8,58.0,0.6136,2005,2,12,10,1,0,0,0,0,0,1,0
8129,3.4,1480,16.2,1186,615,498,229.0,1382,1882,9.0,54.7,0.6271,2005,2,12,11,1,0,0,0,0,0,1,0
8130,3.1,1485,17.6,1229,551,477,208.0,1450,1911,10.0,53.1,0.6495,2005,2,12,12,1,0,0,0,0,0,1,0
8131,3.6,1522,17.6,1229,575,470,207.0,1488,1943,10.8,52.0,0.6738,2005,2,12,13,1,0,0,0,0,0,1,0
8132,3.8,1570,17.5,1224,575,468,216.0,1448,2020,11.0,51.4,0.6746,2005,2,12,14,1,0,0,0,0,0,1,0
8133,3.3,1507,15.7,1170,574,488,224.0,1392,1999,11.0,51.4,0.6725,2005,2,12,15,1,0,0,0,0,0,1,0
8134,3.4,1540,16.7,1202,582,475,225.0,1440,2008,10.9,52.0,0.6796,2005,2,12,16,1,0,0,0,0,0,1,0
8135,3.7,1556,17.1,1214,658,472,227.0,1435,2026,11.1,52.0,0.6869,2005,2,12,17,1,0,0,0,0,0,1,0
8142,4.1,1712,18.0,1239,671,443,229.0,1488,2411,9.9,63.2,0.7706,2005,2,13,0,1,0,0,0,0,0,0,1
8144,3.1,1574,13.3,1093,478,497,180.0,1451,1808,9.4,77.7,0.9203,2005,2,13,2,1,0,0,0,0,0,0,1
8145,2.7,1458,11.3,1024,411,530,160.0,1413,1571,9.6,78.7,0.9429,2005,2,13,3,1,0,0,0,0,0,0,1
8146,2.8,1515,12.5,1066,345,508,140.0,1430,1548,8.9,81.3,0.9277,2005,2,13,4,1,0,0,0,0,0,0,1
8147,2.9,1491,11.5,1031,373,515,153.0,1387,1541,8.5,82.9,0.9243,2005,2,13,5,1,0,0,0,0,0,0,1
8148,2.6,1453,10.9,1012,324,534,150.0,1348,1441,8.3,84.0,0.9234,2005,2,13,6,1,0,0,0,0,0,0,1
8149,2.6,1443,10.7,1003,341,542,145.0,1356,1396,8.1,85.0,0.9221,2005,2,13,7,1,0,0,0,0,0,0,1
8150,2.8,1473,11.9,1047,424,522,149.0,1420,1411,8.7,83.7,0.9423,2005,2,13,8,1,0,0,0,0,0,0,1
8151,3.3,1548,13.4,1097,522,491,155.0,1477,1497,9.5,82.4,0.976,2005,2,13,9,1,0,0,0,0,0,0,1
8152,3.2,1586,13.0,1084,492,495,158.0,1473,1619,11.0,78.2,1.022,2005,2,13,10,1,0,0,0,0,0,0,1
8153,3.3,1488,11.2,1023,492,533,188.0,1456,1590,14.1,67.9,1.0859,2005,2,13,11,1,0,0,0,0,0,0,1
8154,1.5,1220,5.5,787,204,675,154.0,1310,1163,16.3,56.6,1.0422,2005,2,13,12,1,0,0,0,0,0,0,1
8155,1.2,1198,4.9,758,142,698,107.0,1277,1001,18.7,48.0,1.0259,2005,2,13,13,1,0,0,0,0,0,0,1
8156,1.1,1168,6.5,836,118,666,92.0,1278,822,19.5,39.3,0.882,2005,2,13,14,1,0,0,0,0,0,0,1
8157,1.7,1149,8.4,917,126,616,106.0,1293,773,19.9,34.1,0.782,2005,2,13,15,1,0,0,0,0,0,0,1
8158,1.0,1052,4.4,734,115,799,90.0,1109,588,19.4,32.4,0.7239,2005,2,13,16,1,0,0,0,0,0,0,1
8159,1.0,1053,4.3,727,137,789,100.0,1081,610,17.1,35.8,0.6944,2005,2,13,17,1,0,0,0,0,0,0,1
8160,2.6,1238,11.6,1037,212,583,132.0,1388,1000,15.5,40.7,0.7103,2005,2,13,18,1,0,0,0,0,0,0,1
8161,2.5,1188,9.0,939,354,658,211.0,1234,1048,14.8,42.8,0.7182,2005,2,13,19,1,0,0,0,0,0,0,1
8162,2.1,1150,7.8,891,331,684,179.0,1198,1002,13.9,43.8,0.6937,2005,2,13,20,1,0,0,0,0,0,0,1
8163,1.0,984,3.7,694,141,881,116.0,1032,711,13.7,42.9,0.6687,2005,2,13,21,1,0,0,0,0,0,0,1
8164,1.3,1111,5.3,777,228,760,143.0,1137,1024,12.5,47.8,0.6877,2005,2,13,22,1,0,0,0,0,0,0,1
8165,1.5,1131,5.6,793,228,728,142.0,1173,1054,11.8,53.4,0.7366,2005,2,13,23,1,0,0,0,0,0,0,1
8166,1.4,1115,5.3,778,203,749,135.0,1158,994,10.9,55.9,0.7312,2005,2,14,0,0,1,0,0,0,0,0,0
8167,1.6,1133,6.0,811,215,708,136.0,1182,1031,10.1,58.9,0.7301,2005,2,14,1,0,1,0,0,0,0,0,0
8168,1.1,1024,4.0,709,142,798,109.0,1120,884,9.8,61.2,0.7413,2005,2,14,2,0,1,0,0,0,0,0,0
8169,0.7,968,2.8,639,104,891,85.5,1080,794,8.4,67.1,0.7411,2005,2,14,3,0,1,0,0,0,0,0,0
8170,0.5,923,1.8,567,66,994,62.0,1024,688,8.3,67.2,0.7382,2005,2,14,4,0,1,0,0,0,0,0,0
8171,0.4,902,1.5,548,54,1063,49.0,1024,617,7.7,68.9,0.728,2005,2,14,5,0,1,0,0,0,0,0,0
8172,0.7,995,2.9,646,121,895,81.0,1053,818,6.9,70.0,0.6997,2005,2,14,6,0,1,0,0,0,0,0,0
8173,0.7,858,2.2,597,141,1054,104.0,857,690,9.0,37.3,0.4297,2005,2,14,7,0,1,0,0,0,0,0,0
8174,2.3,1233,11.4,1030,388,619,176.0,1257,1291,9.4,44.9,0.5296,2005,2,14,8,0,1,0,0,0,0,0,0
8175,2.5,1140,9.5,958,366,627,193.0,1175,1200,10.3,45.4,0.5666,2005,2,14,9,0,1,0,0,0,0,0,0
8176,1.7,1096,11.6,1036,254,635,168.0,1043,1127,11.5,39.6,0.5372,2005,2,14,10,0,1,0,0,0,0,0,0
8178,2.1,926,7.6,882,142,744,111.0,913,700,11.8,36.2,0.4999,2005,2,14,12,0,1,0,0,0,0,0,0
8179,1.1,970,7.0,857,162,748,120.0,990,693,12.0,38.7,0.5402,2005,2,14,13,0,1,0,0,0,0,0,0
8180,1.3,960,6.9,853,177,782,123.0,967,709,13.7,30.3,0.4724,2005,2,14,14,0,1,0,0,0,0,0,0
8181,1.1,941,5.8,800,157,823,115.0,917,671,12.6,30.6,0.4443,2005,2,14,15,0,1,0,0,0,0,0,0
8182,1.1,921,5.2,771,162,850,120.0,885,632,13.0,27.4,0.4085,2005,2,14,16,0,1,0,0,0,0,0,0
8183,1.4,940,6.4,829,209,823,140.0,901,716,13.6,22.7,0.3529,2005,2,14,17,0,1,0,0,0,0,0,0
8184,2.3,1036,11.9,1046,304,694,185.0,1044,1059,11.8,23.0,0.3171,2005,2,14,18,0,1,0,0,0,0,0,0
8185,4.2,1102,17.4,1221,484,609,212.0,1136,1329,10.7,19.9,0.2547,2005,2,14,19,0,1,0,0,0,0,0,0
8186,3.5,1035,14.7,1141,399,670,200.0,1018,1196,10.4,18.0,0.2269,2005,2,14,20,0,1,0,0,0,0,0,0
8187,3.0,990,10.0,978,390,751,191.0,928,1131,9.7,20.6,0.2488,2005,2,14,21,0,1,0,0,0,0,0,0
8188,1.7,950,6.6,839,287,834,169.0,878,977,9.4,24.8,0.2923,2005,2,14,22,0,1,0,0,0,0,0,0
8189,1.6,988,6.6,839,202,803,139.0,936,963,8.8,31.2,0.3533,2005,2,14,23,0,1,0,0,0,0,0,0
8190,1.0,884,3.1,658,126,982,102.0,813,581,8.7,31.2,0.3521,2005,2,15,0,0,0,1,0,0,0,0,0
8191,0.8,840,2.2,597,87,1081,76.0,766,432,8.5,30.4,0.3391,2005,2,15,1,0,0,1,0,0,0,0,0
8192,0.6,814,1.3,526,59,1228,56.0,740,352,8.0,32.9,0.353,2005,2,15,2,0,0,1,0,0,0,0,0
8193,0.4,821,1.1,509,45,1235,43.0,762,348,7.1,37.4,0.3799,2005,2,15,3,0,0,1,0,0,0,0,0
8194,0.35,802,0.5,440,31,1413,30.0,738,312,6.9,39.1,0.3901,2005,2,15,4,0,0,1,0,0,0,0,0
8196,0.4,850,1.3,529,64,1183,56.0,780,385,6.1,40.8,0.3868,2005,2,15,6,0,0,1,0,0,0,0,0
8197,0.5,913,2.5,619,123,1018,94.0,834,586,6.0,41.5,0.3896,2005,2,15,7,0,0,1,0,0,0,0,0
8198,1.5,1047,6.7,844,363,784,196.0,979,987,6.1,39.9,0.3781,2005,2,15,8,0,0,1,0,0,0,0,0
8199,2.1,1055,8.0,899,416,731,220.0,1017,1035,6.5,39.5,0.3865,2005,2,15,9,0,0,1,0,0,0,0,0
8200,1.6,974,5.3,778,286,832,168.0,905,782,9.4,32.7,0.3855,2005,2,15,10,0,0,1,0,0,0,0,0
8201,1.0,863,3.3,669,198,993,133.0,776,511,11.3,24.9,0.3318,2005,2,15,11,0,0,1,0,0,0,0,0
8202,1.2,889,4.4,734,216,942,134.0,801,566,12.8,19.8,0.2933,2005,2,15,12,0,0,1,0,0,0,0,0
8203,1.3,906,5.5,790,211,893,138.0,837,642,12.3,19.3,0.274,2005,2,15,13,0,0,1,0,0,0,0,0
8204,1.4,874,4.8,751,199,918,135.0,792,591,12.0,19.3,0.2716,2005,2,15,14,0,0,1,0,0,0,0,0
8205,1.0,849,3.5,680,161,1015,111.0,741,461,11.9,19.2,0.2677,2005,2,15,15,0,0,1,0,0,0,0,0
8206,1.4,923,4.9,761,218,909,124.0,840,609,12.1,20.7,0.2906,2005,2,15,16,0,0,1,0,0,0,0,0
8207,1.5,962,6.6,841,252,827,158.0,901,821,11.5,22.1,0.2987,2005,2,15,17,0,0,1,0,0,0,0,0
8208,2.4,1067,12.3,1059,337,671,181.0,1085,1163,10.4,23.1,0.2905,2005,2,15,18,0,0,1,0,0,0,0,0
8209,2.8,1125,14.1,1121,357,630,185.0,1132,1405,9.5,25.2,0.2996,2005,2,15,19,0,0,1,0,0,0,0,0
8210,3.1,1149,14.2,1124,410,623,187.0,1141,1405,8.9,26.9,0.3069,2005,2,15,20,0,0,1,0,0,0,0,0
8211,3.1,1155,11.6,1034,445,648,196.0,1061,1429,8.2,30.1,0.327,2005,2,15,21,0,0,1,0,0,0,0,0
8212,2.0,1065,8.2,908,314,741,174.0,953,1284,7.4,31.8,0.3287,2005,2,15,22,0,0,1,0,0,0,0,0
8213,2.1,1145,9.2,946,366,699,182.0,1015,1409,6.6,37.5,0.3664,2005,2,15,23,0,0,1,0,0,0,0,0
8214,1.9,1134,8.3,912,336,707,182.0,999,1376,6.3,40.1,0.3842,2005,2,16,0,0,0,0,1,0,0,0,0
8215,2.5,1195,10.7,1004,387,652,193.0,1078,1421,5.2,44.2,0.3943,2005,2,16,1,0,0,0,1,0,0,0,0
8216,2.0,1141,8.0,898,320,689,174.0,1014,1356,4.4,47.5,0.4017,2005,2,16,2,0,0,0,1,0,0,0,0
8217,1.4,1077,5.9,806,278,725,158.0,949,1296,4.0,49.1,0.4019,2005,2,16,3,0,0,0,1,0,0,0,0
8218,1.1,1052,4.5,740,237,768,142.0,913,1202,3.3,52.2,0.4074,2005,2,16,4,0,0,0,1,0,0,0,0
8219,0.8,1033,3.8,701,224,782,137.0,883,1206,3.2,52.4,0.4071,2005,2,16,5,0,0,0,1,0,0,0,0
8220,0.9,1080,5.1,768,237,732,140.0,924,1305,3.6,51.7,0.4123,2005,2,16,6,0,0,0,1,0,0,0,0
8221,1.6,1208,8.8,931,454,622,201.0,1052,1485,3.5,54.2,0.4297,2005,2,16,7,0,0,0,1,0,0,0,0
8224,2.1,1044,9.0,940,428,706,206.0,1014,1152,8.9,33.8,0.385,2005,2,16,10,0,0,0,1,0,0,0,0
8225,1.3,956,5.0,761,205,849,98.0,887,885,9.1,33.0,0.3827,2005,2,16,11,0,0,0,1,0,0,0,0
8226,1.1,955,4.3,725,205,890,138.0,880,770,9.1,34.5,0.3994,2005,2,16,12,0,0,0,1,0,0,0,0
8227,1.5,997,6.3,825,226,790,139.0,948,852,9.6,31.3,0.3763,2005,2,16,13,0,0,0,1,0,0,0,0
8228,1.5,987,6.0,810,199,801,137.0,939,830,8.5,36.3,0.4026,2005,2,16,14,0,0,0,1,0,0,0,0
8229,1.6,1007,5.7,798,253,793,155.0,942,867,9.3,34.6,0.405,2005,2,16,15,0,0,0,1,0,0,0,0
8230,1.5,1025,5.6,795,259,783,155.0,967,881,8.9,37.9,0.4318,2005,2,16,16,0,0,0,1,0,0,0,0
8231,1.6,1083,7.0,856,252,720,148.0,1010,975,8.2,41.8,0.4563,2005,2,16,17,0,0,0,1,0,0,0,0
8232,2.2,1143,9.5,960,313,641,153.0,1110,1136,7.4,44.5,0.4582,2005,2,16,18,0,0,0,1,0,0,0,0
8233,3.4,1288,15.9,1178,433,539,171.0,1300,1434,7.0,43.4,0.4366,2005,2,16,19,0,0,0,1,0,0,0,0
8234,5.6,1464,24.7,1421,611,457,227.0,1542,1746,6.6,43.4,0.4241,2005,2,16,20,0,0,0,1,0,0,0,0
8235,5.2,1341,16.8,1204,626,534,251.0,1294,1592,5.9,44.3,0.4137,2005,2,16,21,0,0,0,1,0,0,0,0
8236,2.8,1177,10.7,1004,408,640,216.0,1111,1341,5.0,46.6,0.4099,2005,2,16,22,0,0,0,1,0,0,0,0
8237,2.4,1089,8.3,913,357,712,200.0,1016,1208,5.8,40.3,0.374,2005,2,16,23,0,0,0,1,0,0,0,0
8238,2.7,1196,11.0,1014,375,643,192.0,1101,1334,5.4,43.8,0.3945,2005,2,17,0,0,0,0,0,1,0,0,0
8239,2.6,1107,7.4,874,326,721,187.0,984,1208,5.7,42.1,0.3883,2005,2,17,1,0,0,0,0,1,0,0,0
8240,2.3,1102,7.9,897,326,715,173.0,1024,1196,5.7,42.1,0.3885,2005,2,17,2,0,0,0,0,1,0,0,0
8241,1.0,993,3.6,688,199,847,118.5,874,931,5.8,42.9,0.399,2005,2,17,3,0,0,0,0,1,0,0,0
8242,0.6,912,1.7,559,72,1016,64.0,837,656,5.7,46.6,0.4298,2005,2,17,4,0,0,0,0,1,0,0,0
8243,0.5,883,1.0,496,49,1140,46.0,804,478,6.9,45.0,0.4499,2005,2,17,5,0,0,0,0,1,0,0,0
8244,0.5,893,1.1,507,59,1111,51.0,794,489,6.9,42.2,0.4224,2005,2,17,6,0,0,0,0,1,0,0,0
8245,1.0,1033,4.0,711,220,893,115.0,935,893,6.4,43.8,0.423,2005,2,17,7,0,0,0,0,1,0,0,0
8246,2.6,1222,9.7,966,602,636,238.0,1134,1322,6.6,44.6,0.4383,2005,2,17,8,0,0,0,0,1,0,0,0
8247,2.7,1190,10.6,1000,485,624,202.0,1152,1280,7.7,42.1,0.444,2005,2,17,9,0,0,0,0,1,0,0,0
8248,1.8,1035,5.4,783,295,794,167.0,969,943,10.1,36.7,0.4536,2005,2,17,10,0,0,0,0,1,0,0,0
8249,1.2,990,3.9,705,217,873,139.0,913,772,9.0,41.4,0.4775,2005,2,17,11,0,0,0,0,1,0,0,0
8250,1.3,1011,4.4,732,236,830,147.0,944,826,8.7,42.5,0.4787,2005,2,17,12,0,0,0,0,1,0,0,0
8251,1.4,1041,5.0,763,196,790,130.0,1003,808,8.3,47.8,0.5238,2005,2,17,13,0,0,0,0,1,0,0,0
8252,1.8,1086,6.8,850,233,723,143.0,1072,901,8.9,45.5,0.5208,2005,2,17,14,0,0,0,0,1,0,0,0
8253,1.3,1021,4.8,755,207,807,143.0,980,763,8.9,46.1,0.5256,2005,2,17,15,0,0,0,0,1,0,0,0
8254,1.4,1014,5.0,761,198,806,136.0,972,722,9.0,44.9,0.5173,2005,2,17,16,0,0,0,0,1,0,0,0
8255,1.4,1023,5.2,771,212,807,143.0,982,735,9.3,42.3,0.4974,2005,2,17,17,0,0,0,0,1,0,0,0
8256,2.4,1172,10.0,977,280,657,177.0,1160,1047,8.4,45.2,0.4977,2005,2,17,18,0,0,0,0,1,0,0,0
8257,2.8,1172,11.1,1017,315,623,198.0,1185,1163,7.6,47.8,0.5013,2005,2,17,19,0,0,0,0,1,0,0,0
8258,3.3,1219,12.9,1081,378,590,200.0,1246,1244,7.4,47.2,0.4871,2005,2,17,20,0,0,0,0,1,0,0,0
8259,2.5,1106,7.8,891,320,708,191.0,1058,1025,7.4,46.9,0.4854,2005,2,17,21,0,0,0,0,1,0,0,0
8260,2.1,1078,6.3,824,265,759,169.0,1016,982,6.9,48.2,0.4832,2005,2,17,22,0,0,0,0,1,0,0,0
8261,1.2,939,2.8,637,129,960,106.0,883,607,7.1,47.9,0.4867,2005,2,17,23,0,0,0,0,1,0,0,0
8262,1.2,975,3.3,670,129,943,105.0,910,616,6.9,48.7,0.4874,2005,2,18,0,0,0,0,0,0,1,0,0
8263,1.3,958,3.1,660,172,935,130.0,905,654,6.8,48.2,0.4792,2005,2,18,1,0,0,0,0,0,1,0,0
8264,1.0,921,2.1,594,100,1025,82.0,867,479,6.3,49.6,0.4787,2005,2,18,2,0,0,0,0,0,1,0,0
8265,0.8,931,1.9,580,74,983,63.5,863,487,5.6,52.9,0.4855,2005,2,18,3,0,0,0,0,0,1,0,0
8266,0.6000000000000001,874,0.7,472,49,1179,45.0,803,382,6.4,49.8,0.4814,2005,2,18,4,0,0,0,0,0,1,0,0
8267,0.4,872,0.8,476,36,1249,35.0,794,350,6.9,48.1,0.4796,2005,2,18,5,0,0,0,0,0,1,0,0
8268,0.5,904,1.3,530,79,1079,60.0,846,438,6.4,50.2,0.485,2005,2,18,6,0,0,0,0,0,1,0,0
8269,0.7,951,1.8,568,128,1021,90.0,888,578,6.4,50.7,0.4886,2005,2,18,7,0,0,0,0,0,1,0,0
8270,2.1,1183,7.9,896,456,673,205.0,1115,1140,6.9,48.8,0.4903,2005,2,18,8,0,0,0,0,0,1,0,0
8271,2.5,1187,9.8,970,477,625,199.0,1174,1203,8.4,44.6,0.4922,2005,2,18,9,0,0,0,0,0,1,0,0
8272,2.0,1072,7.4,874,342,715,153.0,1033,1000,10.8,37.1,0.4794,2005,2,18,10,0,0,0,0,0,1,0,0
8273,1.4,1011,5.3,780,254,805,163.0,964,806,11.2,36.2,0.4818,2005,2,18,11,0,0,0,0,0,1,0,0
8274,1.3,997,4.8,752,231,837,152.0,952,724,11.8,34.4,0.4758,2005,2,18,12,0,0,0,0,0,1,0,0
8275,1.4,989,5.6,791,213,804,146.0,953,690,11.5,33.1,0.4479,2005,2,18,13,0,0,0,0,0,1,0,0
8276,1.6,1006,6.6,837,208,775,146.0,971,757,10.9,32.6,0.426,2005,2,18,14,0,0,0,0,0,1,0,0
8277,1.7,1016,6.7,845,270,771,134.0,987,818,11.3,31.7,0.4249,2005,2,18,15,0,0,0,0,0,1,0,0
8278,1.8,1069,8.4,918,276,724,164.0,1045,936,11.6,30.9,0.4223,2005,2,18,16,0,0,0,0,0,1,0,0
8279,2.4,1109,10.3,989,375,664,141.0,1096,1133,11.1,32.2,0.4243,2005,2,18,17,0,0,0,0,0,1,0,0
8280,2.8,1182,12.6,1071,395,617,204.0,1187,1298,9.7,36.0,0.4333,2005,2,18,18,0,0,0,0,0,1,0,0
8281,3.3,1253,16.0,1179,421,573,210.0,1268,1387,8.5,39.0,0.4336,2005,2,18,19,0,0,0,0,0,1,0,0
8282,4.8,1288,17.6,1228,632,549,250.0,1333,1502,8.3,40.3,0.4411,2005,2,18,20,0,0,0,0,0,1,0,0
8283,2.8,1153,10.1,981,424,666,202.0,1097,1273,8.0,41.3,0.4448,2005,2,18,21,0,0,0,0,0,1,0,0
8284,2.4,1161,9.8,969,369,677,190.0,1111,1271,7.0,44.2,0.4446,2005,2,18,22,0,0,0,0,0,1,0,0
8285,2.9,1271,11.5,1031,484,618,236.0,1138,1464,5.4,51.8,0.4698,2005,2,18,23,0,0,0,0,0,1,0,0
8286,2.7,1156,8.2,909,456,684,250.0,1023,1384,4.1,55.0,0.4558,2005,2,19,0,1,0,0,0,0,0,1,0
8287,2.1,1106,6.8,850,373,727,219.0,997,1281,3.1,57.8,0.4462,2005,2,19,1,1,0,0,0,0,0,1,0
8288,1.5,1008,4.3,726,228,834,156.0,913,1083,3.1,56.7,0.4388,2005,2,19,2,1,0,0,0,0,0,1,0
8289,1.2,966,3.9,703,172,865,127.0,903,989,2.2,59.6,0.4333,2005,2,19,3,1,0,0,0,0,0,1,0
8290,0.9,931,2.6,627,117,948,98.0,860,911,2.3,58.9,0.4317,2005,2,19,4,1,0,0,0,0,0,1,0
8291,0.8,922,2.4,611,108,962,89.0,867,893,1.9,60.0,0.4276,2005,2,19,5,1,0,0,0,0,0,1,0
8292,0.8,911,2.3,606,126,950,104.0,866,894,1.9,60.3,0.4293,2005,2,19,6,1,0,0,0,0,0,1,0
8293,1.1,993,4.5,736,235,819,148.0,941,1018,0.9,64.6,0.4294,2005,2,19,7,1,0,0,0,0,0,1,0
8294,1.9,1100,8.5,919,339,678,194.0,1072,1191,0.6,65.0,0.4231,2005,2,19,8,1,0,0,0,0,0,1,0
8295,2.5,1141,9.0,940,399,651,231.0,1099,1285,2.1,59.9,0.4338,2005,2,19,9,1,0,0,0,0,0,1,0
8296,2.2,1085,5.7,800,346,750,200.0,983,1219,3.1,57.2,0.4402,2005,2,19,10,1,0,0,0,0,0,1,0
8297,2.1,1153,6.9,853,407,696,217.0,1027,1370,4.2,54.0,0.4483,2005,2,19,11,1,0,0,0,0,0,1,0
8298,2.3,1122,6.4,831,393,722,210.0,982,1317,7.4,43.8,0.4538,2005,2,19,12,1,0,0,0,0,0,1,0
8299,1.2,992,3.5,685,166,890,126.0,902,818,11.2,34.5,0.4586,2005,2,19,13,1,0,0,0,0,0,1,0
8300,1.2,1018,3.7,693,157,868,118.0,937,683,13.8,32.4,0.5084,2005,2,19,14,1,0,0,0,0,0,1,0
8301,1.1,981,2.9,649,141,924,114.0,901,573,12.4,34.9,0.5002,2005,2,19,15,1,0,0,0,0,0,1,0
8302,1.1,988,3.4,679,144,905,117.0,911,595,12.8,31.9,0.4684,2005,2,19,16,1,0,0,0,0,0,1,0
8303,1.4,1059,5.3,777,191,797,140.0,969,774,13.5,29.1,0.4486,2005,2,19,17,1,0,0,0,0,0,1,0
8304,1.7,1110,7.3,870,255,708,168.0,1057,1059,11.6,33.3,0.454,2005,2,19,18,1,0,0,0,0,0,1,0
8305,2.5,1204,10.0,979,379,639,202.0,1147,1326,10.9,34.9,0.4568,2005,2,19,19,1,0,0,0,0,0,1,0
8306,2.7,1275,12.3,1061,427,593,211.0,1203,1494,10.4,37.3,0.4708,2005,2,19,20,1,0,0,0,0,0,1,0
8307,3.1,1297,11.8,1044,509,600,231.0,1185,1559,9.7,39.7,0.4792,2005,2,19,21,1,0,0,0,0,0,1,0
8308,2.8,1277,10.4,991,459,609,214.0,1141,1575,9.1,41.9,0.4857,2005,2,19,22,1,0,0,0,0,0,1,0
8309,1.9,1207,7.7,888,293,664,181.0,1062,1447,9.3,41.9,0.4927,2005,2,19,23,1,0,0,0,0,0,1,0
8310,1.9,1222,7.5,880,269,684,173.0,1083,1367,9.4,44.7,0.5279,2005,2,20,0,1,0,0,0,0,0,0,1
8311,1.7,1141,6.1,816,244,745,169.0,1026,1230,8.5,45.8,0.5108,2005,2,20,1,1,0,0,0,0,0,0,1
8312,2.2,1228,8.3,913,293,643,174.0,1124,1396,7.8,50.0,0.53,2005,2,20,2,1,0,0,0,0,0,0,1
8313,1.6,1120,5.1,770,235,756,152.0,1012,1191,7.7,49.7,0.5242,2005,2,20,3,1,0,0,0,0,0,0,1
8314,1.5,1067,4.9,758,177,775,130.0,993,1009,8.2,46.9,0.5099,2005,2,20,4,1,0,0,0,0,0,0,1
8315,0.8,947,1.9,580,81,978,72.0,894,572,8.4,48.6,0.5375,2005,2,20,5,1,0,0,0,0,0,0,1
8316,0.5,918,1.0,501,42,1148,40.0,881,420,8.0,54.7,0.5883,2005,2,20,6,1,0,0,0,0,0,0,1
8317,0.5,920,1.1,506,61,1142,56.0,905,453,7.8,55.7,0.5914,2005,2,20,7,1,0,0,0,0,0,0,1
8318,0.7,941,1.5,541,101,1065,81.0,919,520,8.0,53.8,0.5796,2005,2,20,8,1,0,0,0,0,0,0,1
8319,0.7,949,1.6,552,98,1035,81.0,919,531,8.8,50.7,0.5752,2005,2,20,9,1,0,0,0,0,0,0,1
8320,0.9,990,2.3,604,114,944,88.0,947,579,10.1,47.6,0.587,2005,2,20,10,1,0,0,0,0,0,0,1
8321,1.0,996,2.5,620,118,928,94.0,946,570,10.6,45.8,0.5838,2005,2,20,11,1,0,0,0,0,0,0,1
8322,1.1,1023,2.5,623,120,916,97.0,976,571,9.1,56.2,0.6515,2005,2,20,12,1,0,0,0,0,0,0,1
8323,1.1,1037,2.8,636,151,891,112.0,1024,582,7.9,66.5,0.7124,2005,2,20,13,1,0,0,0,0,0,0,1
8324,1.0,1017,2.4,613,131,919,104.0,1007,551,8.0,65.0,0.6991,2005,2,20,14,1,0,0,0,0,0,0,1
8325,1.1,1042,3.3,671,145,861,107.0,1038,634,8.4,61.0,0.6721,2005,2,20,15,1,0,0,0,0,0,0,1
8326,1.3,1037,3.2,665,156,854,114.0,1013,633,8.6,57.3,0.6429,2005,2,20,16,1,0,0,0,0,0,0,1
8327,1.2,1009,2.8,640,151,915,115.0,996,613,8.4,56.3,0.6227,2005,2,20,17,1,0,0,0,0,0,0,1
8328,1.3,1033,3.4,675,173,853,127.0,1006,702,8.0,57.7,0.6222,2005,2,20,18,1,0,0,0,0,0,0,1
8329,1.1,1016,2.9,647,154,906,119.0,997,649,7.1,62.6,0.6341,2005,2,20,19,1,0,0,0,0,0,0,1
8330,1.5,1076,4.6,745,221,801,149.0,1040,841,7.4,59.3,0.6123,2005,2,20,20,1,0,0,0,0,0,0,1
8331,1.4,1029,3.8,699,193,851,140.0,1001,795,7.7,56.9,0.5994,2005,2,20,21,1,0,0,0,0,0,0,1
8332,1.1,984,3.1,661,130,898,105.0,965,638,7.7,54.4,0.5753,2005,2,20,22,1,0,0,0,0,0,0,1
8333,1.3,1003,3.7,694,156,876,116.0,976,663,7.7,53.0,0.5572,2005,2,20,23,1,0,0,0,0,0,0,1
8334,1.4,1009,3.3,671,148,877,112.0,1010,610,6.7,62.8,0.6188,2005,2,21,0,0,1,0,0,0,0,0,0
8335,1.1,946,2.1,588,93,1005,80.0,948,480,6.6,61.9,0.6056,2005,2,21,1,0,1,0,0,0,0,0,0
8336,0.8,910,1.2,518,66,1130,59.0,936,404,5.7,70.3,0.6498,2005,2,21,2,0,1,0,0,0,0,0,0
8337,0.6,886,0.7,464,52,1273,47.5,919,357,4.5,79.2,0.6751,2005,2,21,3,0,1,0,0,0,0,0,0
8338,0.55,879,0.5,447,38,1317,36.0,910,348,4.0,81.5,0.6712,2005,2,21,4,0,1,0,0,0,0,0,0
8339,0.5,907,1.0,502,50,1129,49.0,947,399,3.9,81.5,0.6653,2005,2,21,5,0,1,0,0,0,0,0,0
8340,0.6,949,2.1,589,77,987,63.0,1001,464,3.3,84.3,0.6617,2005,2,21,6,0,1,0,0,0,0,0,0
8341,1.2,1054,5.5,786,183,766,123.0,1129,699,4.2,80.9,0.6742,2005,2,21,7,0,1,0,0,0,0,0,0
8342,2.2,1214,10.9,1010,256,609,164.0,1282,1006,5.1,75.0,0.6646,2005,2,21,8,0,1,0,0,0,0,0,0
8343,2.9,1253,13.3,1095,355,566,218.0,1375,1206,4.6,77.6,0.6651,2005,2,21,9,0,1,0,0,0,0,0,0
8344,2.9,1197,9.6,964,491,614,254.0,1260,1122,3.8,84.3,0.6811,2005,2,21,10,0,1,0,0,0,0,0,0
8345,2.0,1156,7.0,859,387,684,210.0,1196,1069,6.2,77.4,0.7383,2005,2,21,11,0,1,0,0,0,0,0,0
8346,1.7,1132,6.6,837,384,694,208.0,1199,1062,7.7,67.6,0.7133,2005,2,21,12,0,1,0,0,0,0,0,0
8347,2.2,1207,9.3,950,368,623,204.0,1303,1162,8.1,64.8,0.7039,2005,2,21,13,0,1,0,0,0,0,0,0
8348,1.8,1127,7.9,896,258,664,172.0,1227,1010,8.1,64.0,0.6942,2005,2,21,14,0,1,0,0,0,0,0,0
8349,1.6,1112,6.9,851,231,694,157.0,1184,931,6.9,71.3,0.7118,2005,2,21,15,0,1,0,0,0,0,0,0
8350,1.9,1186,8.6,925,290,641,181.0,1272,1025,7.0,73.7,0.7425,2005,2,21,16,0,1,0,0,0,0,0,0
8351,2.2,1192,10.0,976,335,618,194.0,1290,1110,7.3,70.0,0.7195,2005,2,21,17,0,1,0,0,0,0,0,0
8352,2.2,1177,8.8,931,293,656,193.0,1281,979,5.8,77.8,0.7223,2005,2,21,18,0,1,0,0,0,0,0,0
8353,4.9,1478,20.2,1301,526,469,252.0,1682,1409,5.4,80.9,0.7293,2005,2,21,19,0,1,0,0,0,0,0,0
8355,2.7,1118,7.1,863,326,680,208.0,1194,1083,5.6,74.0,0.6808,2005,2,21,21,0,1,0,0,0,0,0,0
8356,1.4,1019,4.4,730,188,811,143.0,1082,916,5.6,71.9,0.6604,2005,2,21,22,0,1,0,0,0,0,0,0
8357,1.2,961,2.9,643,163,914,124.0,1046,825,6.4,70.7,0.6848,2005,2,21,23,0,1,0,0,0,0,0,0
8358,0.8,931,2.1,591,102,1015,89.0,1015,704,6.3,70.1,0.6733,2005,2,22,0,0,0,1,0,0,0,0,0
8359,0.8,938,2.1,592,95,992,85.0,1032,668,4.4,80.5,0.6825,2005,2,22,1,0,0,1,0,0,0,0,0
8360,0.7,888,1.1,511,71,1112,66.0,963,512,3.9,83.1,0.6787,2005,2,22,2,0,0,1,0,0,0,0,0
8361,0.4,844,0.6,454,58,1327,56.0,908,385,2.5,86.6,0.6407,2005,2,22,3,0,0,1,0,0,0,0,0
8362,0.4,851,0.5,440,46,1349,46.0,918,377,3.4,85.4,0.6736,2005,2,22,4,0,0,1,0,0,0,0,0
8363,0.5,905,1.0,503,62,1152,60.0,956,467,3.3,84.5,0.6608,2005,2,22,5,0,0,1,0,0,0,0,0
8364,0.9,987,2.6,628,170,929,117.0,1035,691,3.4,84.5,0.664,2005,2,22,6,0,0,1,0,0,0,0,0
8365,1.5,1124,6.7,842,313,690,178.0,1180,981,3.4,84.5,0.6677,2005,2,22,7,0,0,1,0,0,0,0,0
8368,3.5,1266,15.0,1149,559,528,255.0,1435,1370,6.1,74.0,0.7025,2005,2,22,10,0,0,1,0,0,0,0,0
8369,1.7,1082,6.9,855,286,725,201.0,1140,1005,9.1,58.4,0.6787,2005,2,22,11,0,0,1,0,0,0,0,0
8370,2.0,1123,9.1,942,324,653,208.0,1225,1105,11.4,48.9,0.658,2005,2,22,12,0,0,1,0,0,0,0,0
8371,2.1,1174,10.0,979,316,611,212.0,1282,1142,8.3,64.4,0.7072,2005,2,22,13,0,0,1,0,0,0,0,0
8372,3.0,1209,12.9,1082,407,573,238.0,1355,1105,6.5,71.0,0.6903,2005,2,22,14,0,0,1,0,0,0,0,0
8373,2.1,1120,9.0,940,305,657,201.0,1245,917,6.6,71.1,0.6973,2005,2,22,15,0,0,1,0,0,0,0,0
8374,2.5,1174,10.9,1010,360,613,218.0,1305,1050,7.4,69.3,0.7165,2005,2,22,16,0,0,1,0,0,0,0,0
8375,2.2,1068,7.9,896,339,702,222.0,1177,848,6.4,70.6,0.6834,2005,2,22,17,0,0,1,0,0,0,0,0
8376,2.4,1146,10.2,985,304,650,206.0,1236,952,5.8,72.5,0.6718,2005,2,22,18,0,0,1,0,0,0,0,0
8377,3.6,1204,13.2,1089,397,601,251.0,1335,1059,5.6,71.6,0.6556,2005,2,22,19,0,0,1,0,0,0,0,0
8378,2.6,1062,8.1,903,270,717,190.0,1141,720,4.2,77.8,0.6491,2005,2,22,20,0,0,1,0,0,0,0,0
8379,2.7,1122,8.5,919,339,680,218.0,1201,981,4.3,79.5,0.6648,2005,2,22,21,0,0,1,0,0,0,0,0
8380,1.4,940,3.6,686,190,903,150.0,1005,648,4.5,75.5,0.6429,2005,2,22,22,0,0,1,0,0,0,0,0
8381,0.9,935,2.6,628,126,995,111.0,986,611,4.4,77.1,0.6523,2005,2,22,23,0,0,1,0,0,0,0,0
8382,1.5,1011,4.3,725,189,852,142.0,1050,773,4.2,78.2,0.6506,2005,2,23,0,0,0,0,1,0,0,0,0
8383,1.1,952,3.2,665,146,907,119.0,1007,703,4.0,79.3,0.6517,2005,2,23,1,0,0,0,1,0,0,0,0
8384,0.8,899,1.8,572,98,1063,87.0,951,560,3.9,78.7,0.643,2005,2,23,2,0,0,0,1,0,0,0,0
8385,0.6,880,1.4,533,86,1161,78.5,948,499,3.5,80.6,0.6403,2005,2,23,3,0,0,0,1,0,0,0,0
8386,0.6,882,1.2,516,75,1132,70.0,959,575,3.2,82.8,0.6426,2005,2,23,4,0,0,0,1,0,0,0,0
8387,0.6,844,0.7,466,77,1261,68.0,894,478,4.1,76.0,0.6304,2005,2,23,5,0,0,0,1,0,0,0,0
8388,0.6,860,1.0,497,72,1251,66.0,912,442,4.2,75.9,0.6311,2005,2,23,6,0,0,0,1,0,0,0,0
8389,0.7,917,2.2,597,152,1084,117.0,994,602,4.5,76.3,0.648,2005,2,23,7,0,0,0,1,0,0,0,0
8390,1.7,1126,7.7,886,337,719,197.0,1208,936,4.4,79.1,0.6687,2005,2,23,8,0,0,0,1,0,0,0,0
8391,1.9,1033,6.2,820,360,740,198.0,1114,870,4.3,79.8,0.6706,2005,2,23,9,0,0,0,1,0,0,0,0
8392,1.4,944,3.8,697,243,881,167.0,1022,688,3.1,83.0,0.6419,2005,2,23,10,0,0,0,1,0,0,0,0
8393,1.3,955,3.6,687,277,895,180.0,1004,706,2.8,83.9,0.6326,2005,2,23,11,0,0,0,1,0,0,0,0
8394,1.2,992,3.7,694,266,900,169.0,1020,756,3.9,79.5,0.6482,2005,2,23,12,0,0,0,1,0,0,0,0
8395,1.9,1090,8.3,910,317,701,210.0,1192,974,5.1,74.5,0.6621,2005,2,23,13,0,0,0,1,0,0,0,0
8396,2.5,1151,10.1,983,375,629,232.0,1244,1121,5.7,72.5,0.6686,2005,2,23,14,0,0,0,1,0,0,0,0
8397,2.3,1148,9.9,975,349,638,223.0,1243,1064,5.6,74.6,0.6826,2005,2,23,15,0,0,0,1,0,0,0,0
8398,2.3,1140,9.2,946,377,653,224.0,1231,1076,5.4,75.9,0.6875,2005,2,23,16,0,0,0,1,0,0,0,0
8399,2.5,1160,10.3,990,403,632,238.0,1254,1090,4.9,78.2,0.6826,2005,2,23,17,0,0,0,1,0,0,0,0
8400,2.8,1167,11.4,1027,422,610,249.0,1289,1119,4.8,79.0,0.6845,2005,2,23,18,0,0,0,1,0,0,0,0
8401,2.7,1194,11.7,1038,388,605,223.0,1317,1181,4.8,78.6,0.6826,2005,2,23,19,0,0,0,1,0,0,0,0
8402,3.1,1224,12.6,1071,431,590,244.0,1331,1240,4.6,78.2,0.6686,2005,2,23,20,0,0,0,1,0,0,0,0
8403,2.9,1209,11.4,1028,425,619,243.0,1264,1254,4.2,79.7,0.6647,2005,2,23,21,0,0,0,1,0,0,0,0
8404,2.6,1145,9.6,962,391,657,226.0,1212,1192,4.3,78.9,0.6621,2005,2,23,22,0,0,0,1,0,0,0,0
8405,1.5,1016,4.6,744,231,825,167.0,1053,1020,4.2,77.9,0.6479,2005,2,23,23,0,0,0,1,0,0,0,0
8406,1.6,1018,4.7,750,248,831,172.0,1051,916,3.2,83.0,0.645,2005,2,24,0,0,0,0,0,1,0,0,0
8407,1.1,937,2.6,625,142,977,120.0,983,798,5.1,74.5,0.6626,2005,2,24,1,0,0,0,0,1,0,0,0
8408,0.9,949,2.9,647,117,956,100.0,1023,762,4.0,80.8,0.6666,2005,2,24,2,0,0,0,0,1,0,0,0
8409,0.7,895,1.5,545,106,1080,93.0,964,685,4.3,81.0,0.677,2005,2,24,3,0,0,0,0,1,0,0,0
8410,0.6499999999999999,884,1.3,528,96,1148,86.0,960,619,2.9,85.3,0.6503,2005,2,24,4,0,0,0,0,1,0,0,0
8411,0.6,883,1.2,518,87,1135,81.0,962,606,3.3,84.5,0.6612,2005,2,24,5,0,0,0,0,1,0,0,0
8412,0.8,968,3.0,652,197,937,131.0,1051,788,3.6,84.4,0.6724,2005,2,24,6,0,0,0,0,1,0,0,0
8413,1.5,1071,5.5,787,290,755,170.0,1146,947,3.8,83.8,0.6771,2005,2,24,7,0,0,0,0,1,0,0,0
8414,3.1,1310,12.9,1082,621,555,267.0,1400,1254,4.1,82.5,0.6819,2005,2,24,8,0,0,0,0,1,0,0,0
8415,3.8,1332,14.5,1132,645,522,269.0,1439,1352,3.9,83.9,0.6847,2005,2,24,9,0,0,0,0,1,0,0,0
8416,2.7,1178,9.0,939,573,640,244.0,1228,1165,4.1,83.9,0.6967,2005,2,24,10,0,0,0,0,1,0,0,0
8417,1.8,1093,6.5,836,414,728,232.0,1142,1025,4.6,82.0,0.6997,2005,2,24,11,0,0,0,0,1,0,0,0
8418,1.4,1060,5.4,784,314,770,196.0,1117,941,5.5,79.5,0.7238,2005,2,24,12,0,0,0,0,1,0,0,0
8419,1.7,1121,7.4,873,317,697,195.0,1206,1000,6.7,76.2,0.7519,2005,2,24,13,0,0,0,0,1,0,0,0
8420,1.9,1118,7.7,888,290,685,189.0,1223,962,7.9,69.0,0.7394,2005,2,24,14,0,0,0,0,1,0,0,0
8421,2.2,1205,10.7,1002,385,612,212.0,1299,1214,8.5,66.3,0.7387,2005,2,24,15,0,0,0,0,1,0,0,0
8422,3.0,1274,13.3,1094,507,537,267.0,1364,1428,7.6,70.8,0.7399,2005,2,24,16,0,0,0,0,1,0,0,0
8423,3.0,1301,13.2,1092,534,525,262.0,1388,1484,7.2,72.4,0.7372,2005,2,24,17,0,0,0,0,1,0,0,0
8424,3.9,1405,17.5,1224,601,468,270.0,1503,1658,6.7,74.2,0.7326,2005,2,24,18,0,0,0,0,1,0,0,0
8425,4.0,1375,17.7,1230,583,473,260.0,1522,1632,6.1,75.8,0.7184,2005,2,24,19,0,0,0,0,1,0,0,0
8426,3.9,1367,17.5,1225,551,485,265.0,1492,1628,6.3,74.9,0.7187,2005,2,24,20,0,0,0,0,1,0,0,0
8427,3.5,1324,14.1,1121,547,531,262.0,1399,1481,6.0,78.0,0.7345,2005,2,24,21,0,0,0,0,1,0,0,0
8428,2.4,1170,8.4,917,385,652,227.0,1218,1205,5.6,81.2,0.7443,2005,2,24,22,0,0,0,0,1,0,0,0
8429,2.1,1169,7.9,895,318,681,192.0,1201,1106,5.5,81.5,0.7393,2005,2,24,23,0,0,0,0,1,0,0,0
8430,2.5,1181,8.1,905,356,657,202.0,1215,1106,5.3,84.1,0.753,2005,2,25,0,0,0,0,0,0,1,0,0
8431,2.1,1146,7.1,860,326,692,189.0,1181,1092,5.2,83.9,0.7487,2005,2,25,1,0,0,0,0,0,1,0,0
8432,1.5,1059,5.2,773,233,767,157.0,1127,984,5.1,83.5,0.7416,2005,2,25,2,0,0,0,0,0,1,0,0
8433,1.1,1010,3.4,679,174,854,127.0,1046,889,5.0,82.9,0.73,2005,2,25,3,0,0,0,0,0,1,0,0
8434,1.0,1007,3.4,677,116,863,97.0,1053,848,5.0,82.5,0.7265,2005,2,25,4,0,0,0,0,0,1,0,0
8435,0.8,932,2.1,595,120,991,100.0,1025,771,5.0,82.8,0.7273,2005,2,25,5,0,0,0,0,0,1,0,0
8436,1.0,998,4.1,717,228,872,146.0,1095,895,5.2,80.7,0.7219,2005,2,25,6,0,0,0,0,0,1,0,0
8437,1.4,1072,6.1,819,303,751,175.0,1161,1003,5.3,80.2,0.7179,2005,2,25,7,0,0,0,0,0,1,0,0
8438,3.6,1424,18.7,1260,378,494,180.0,1568,1442,5.7,79.7,0.734,2005,2,25,8,0,0,0,0,0,1,0,0
8440,4.2,1364,17.8,1234,529,504,190.0,1533,1606,8.3,67.4,0.7384,2005,2,25,10,0,0,0,0,0,1,0,0
8441,3.3,1190,11.8,1044,615,615,166.0,1324,1354,10.8,52.1,0.6746,2005,2,25,11,0,0,0,0,0,1,0,0
8442,1.7,1021,6.6,839,298,771,153.0,1084,914,13.0,40.3,0.6028,2005,2,25,12,0,0,0,0,0,1,0,0
8443,2.1,1051,8.4,914,317,707,167.0,1122,913,10.9,44.8,0.5849,2005,2,25,13,0,0,0,0,0,1,0,0
8444,2.2,1021,7.6,882,305,727,137.0,1097,847,11.5,42.1,0.5706,2005,2,25,14,0,0,0,0,0,1,0,0
8445,1.8,1016,6.7,842,253,762,140.0,1067,778,12.5,38.5,0.5568,2005,2,25,15,0,0,0,0,0,1,0,0
8446,2.0,1040,7.9,893,296,723,150.0,1104,835,12.6,38.5,0.5586,2005,2,25,16,0,0,0,0,0,1,0,0
8447,2.3,1089,8.4,916,293,710,152.0,1124,903,12.3,38.4,0.5488,2005,2,25,17,0,0,0,0,0,1,0,0
8448,2.8,1148,12.1,1054,353,631,177.0,1233,1157,10.2,43.1,0.5366,2005,2,25,18,0,0,0,0,0,1,0,0
8449,3.4,1162,12.6,1070,399,625,189.0,1229,1237,8.6,48.2,0.5385,2005,2,25,19,0,0,0,0,0,1,0,0
8450,4.0,1197,13.6,1102,454,609,195.0,1309,1253,7.8,50.8,0.5384,2005,2,25,20,0,0,0,0,0,1,0,0
8451,2.3,1059,8.1,905,356,735,179.0,1098,1130,7.3,52.8,0.5404,2005,2,25,21,0,0,0,0,0,1,0,0
8452,2.7,1207,11.2,1023,473,629,188.0,1233,1373,6.2,62.4,0.5958,2005,2,25,22,0,0,0,0,0,1,0,0
8453,2.7,1188,10.1,983,482,648,170.0,1193,1338,5.1,68.2,0.6033,2005,2,25,23,0,0,0,0,0,1,0,0
8454,2.8,1153,8.8,933,443,687,161.0,1133,1268,4.7,69.0,0.5936,2005,2,26,0,1,0,0,0,0,0,1,0
8455,2.1,1061,6.8,849,373,757,145.0,1063,1125,4.0,69.8,0.5756,2005,2,26,1,1,0,0,0,0,0,1,0
8456,1.9,1028,6.4,831,320,771,136.0,1063,1054,3.4,71.3,0.5626,2005,2,26,2,1,0,0,0,0,0,1,0
8457,2.1,1082,6.7,843,276,729,129.0,1061,1090,2.8,74.0,0.5591,2005,2,26,3,1,0,0,0,0,0,1,0
8458,1.7,1037,5.2,771,233,784,122.0,1004,1029,2.3,75.1,0.5514,2005,2,26,4,1,0,0,0,0,0,1,0
8459,1.3,942,3.6,688,161,897,115.0,947,882,3.8,66.2,0.5359,2005,2,26,5,1,0,0,0,0,0,1,0
8460,0.9,904,2.7,633,137,993,103.0,897,717,4.6,60.5,0.5173,2005,2,26,6,1,0,0,0,0,0,1,0
8461,1.0,855,1.9,578,144,1121,108.0,855,599,5.7,54.3,0.5022,2005,2,26,7,1,0,0,0,0,0,1,0
8462,1.0,914,3.9,705,182,966,124.0,926,687,6.2,51.3,0.488,2005,2,26,8,1,0,0,0,0,0,1,0
8463,1.5,933,4.1,714,227,899,133.0,927,706,6.7,49.5,0.4892,2005,2,26,9,1,0,0,0,0,0,1,0
8464,1.5,942,3.7,696,203,920,124.0,912,682,8.8,45.0,0.5114,2005,2,26,10,1,0,0,0,0,0,1,0
8465,1.4,943,3.6,688,179,924,116.0,909,629,9.6,43.5,0.5202,2005,2,26,11,1,0,0,0,0,0,1,0
8466,2.4,959,4.1,717,171,892,113.0,939,664,9.8,43.3,0.5238,2005,2,26,12,1,0,0,0,0,0,1,0
8467,2.8,971,4.5,739,181,868,117.0,972,664,9.9,43.5,0.53,2005,2,26,13,1,0,0,0,0,0,1,0
8468,2.9,954,4.5,735,175,863,118.0,953,630,9.8,44.1,0.5332,2005,2,26,14,1,0,0,0,0,0,1,0
8469,2.6,929,2.9,645,148,962,108.0,906,524,9.7,45.1,0.5417,2005,2,26,15,1,0,0,0,0,0,1,0
8470,2.5,933,3.1,660,132,955,98.0,911,488,9.0,47.3,0.542,2005,2,26,16,1,0,0,0,0,0,1,0
8471,2.7,967,3.9,704,162,888,117.0,961,609,7.4,56.0,0.5797,2005,2,26,17,1,0,0,0,0,0,1,0
8472,2.8,987,4.2,723,185,863,126.0,974,684,6.4,61.7,0.5956,2005,2,26,18,1,0,0,0,0,0,1,0
8473,3.0,1003,5.2,772,234,821,142.0,1008,788,6.8,58.0,0.5758,2005,2,26,19,1,0,0,0,0,0,1,0
8474,3.7,1138,10.2,986,275,663,157.0,1188,1030,7.3,56.7,0.5806,2005,2,26,20,1,0,0,0,0,0,1,0
8475,3.5,1087,8.1,903,272,713,161.0,1106,1026,7.2,56.7,0.579,2005,2,26,21,1,0,0,0,0,0,1,0
8476,3.8,1129,8.5,920,331,689,169.0,1139,1182,6.7,59.1,0.5848,2005,2,26,22,1,0,0,0,0,0,1,0
8477,4.3,1191,10.7,1005,347,637,166.0,1224,1284,5.9,62.1,0.5808,2005,2,26,23,1,0,0,0,0,0,1,0
8478,4.8,1256,11.5,1032,488,612,189.0,1230,1371,6.3,60.4,0.5811,2005,2,27,0,1,0,0,0,0,0,0,1
8479,4.2,1171,9.5,960,404,679,184.0,1121,1234,5.5,60.2,0.5458,2005,2,27,1,1,0,0,0,0,0,0,1
8480,3.3,1016,5.3,780,255,798,145.0,1004,1060,4.6,64.4,0.5525,2005,2,27,2,1,0,0,0,0,0,0,1
8481,3.0,1035,5.8,805,214,790,132.0,1022,1038,3.5,68.8,0.5458,2005,2,27,3,1,0,0,0,0,0,0,1
8482,2.0,980,4.6,744,174,840,119.0,979,970,2.8,70.9,0.5383,2005,2,27,4,1,0,0,0,0,0,0,1
8483,1.0,901,2.7,631,108,988,87.0,915,751,3.7,65.9,0.5295,2005,2,27,5,1,0,0,0,0,0,0,1
8484,0.9,914,3.1,655,107,949,77.0,949,742,1.6,74.3,0.5168,2005,2,27,6,1,0,0,0,0,0,0,1
8485,1.1,940,3.2,665,188,900,112.0,955,879,1.4,76.3,0.5261,2005,2,27,7,1,0,0,0,0,0,0,1
8486,1.1,935,3.6,689,225,894,118.0,949,871,2.5,69.5,0.5172,2005,2,27,8,1,0,0,0,0,0,0,1
8487,1.2,970,3.7,691,208,891,124.0,956,890,3.7,64.8,0.5208,2005,2,27,9,1,0,0,0,0,0,0,1
8488,1.7,1064,6.4,830,270,739,144.0,1053,1059,7.8,49.9,0.5307,2005,2,27,10,1,0,0,0,0,0,0,1
8489,1.6,1023,5.2,776,202,817,128.0,972,808,11.2,37.1,0.4936,2005,2,27,11,1,0,0,0,0,0,0,1
8490,1.4,955,3.9,706,168,888,120.0,884,616,12.6,30.6,0.446,2005,2,27,12,1,0,0,0,0,0,0,1
8491,1.8,943,4.1,714,191,898,131.0,868,609,10.3,32.9,0.4131,2005,2,27,13,1,0,0,0,0,0,0,1
8492,1.1,895,2.5,622,149,1012,115.0,804,471,10.0,35.5,0.4346,2005,2,27,14,1,0,0,0,0,0,0,1
8493,0.9,890,2.2,601,101,1053,82.0,803,391,8.8,40.0,0.4538,2005,2,27,15,1,0,0,0,0,0,0,1
8494,1.1,904,2.3,608,134,1033,100.0,807,398,8.3,40.3,0.4431,2005,2,27,16,1,0,0,0,0,0,0,1
8495,1.1,888,2.4,611,150,1035,111.0,791,419,7.9,38.9,0.4141,2005,2,27,17,1,0,0,0,0,0,0,1
8496,1.2,905,2.9,648,188,1007,132.0,822,509,6.8,41.0,0.4072,2005,2,27,18,1,0,0,0,0,0,0,1
8497,1.6,974,4.9,757,254,886,155.0,884,723,6.0,42.0,0.3962,2005,2,27,19,1,0,0,0,0,0,0,1
8498,2.6,1048,6.8,847,324,801,181.0,955,888,5.5,43.5,0.3963,2005,2,27,20,1,0,0,0,0,0,0,1
8499,1.5,895,3.1,660,238,975,155.0,826,596,4.6,46.8,0.4001,2005,2,27,21,1,0,0,0,0,0,0,1
8500,1.0,875,2.1,594,128,1079,105.0,793,451,4.5,48.0,0.4085,2005,2,27,22,1,0,0,0,0,0,0,1
8501,1.3,943,3.9,703,169,950,119.0,870,581,4.3,48.6,0.4069,2005,2,27,23,1,0,0,0,0,0,0,1
8502,1.6,947,3.8,697,215,913,150.0,878,698,4.0,50.0,0.4115,2005,2,28,0,0,1,0,0,0,0,0,0
8503,1.0,865,1.8,566,111,1119,94.0,797,423,4.0,52.9,0.4338,2005,2,28,1,0,1,0,0,0,0,0,0
8504,0.6,823,1.0,503,60,1268,56.0,755,332,4.0,51.0,0.42,2005,2,28,2,0,1,0,0,0,0,0,0
8505,0.4,798,0.6,452,44,1435,42.0,699,280,3.9,48.1,0.393,2005,2,28,3,0,1,0,0,0,0,0,0
8509,0.4,817,0.7,462,89,1378,66.0,732,308,2.5,52.7,0.3908,2005,2,28,7,0,1,0,0,0,0,0,0
8510,1.0,893,2.6,629,212,1015,111.0,837,456,2.7,50.5,0.3804,2005,2,28,8,0,1,0,0,0,0,0,0
8511,1.2,883,3.1,659,216,943,122.0,842,527,2.7,49.4,0.3714,2005,2,28,9,0,1,0,0,0,0,0,0
8512,1.0,839,2.3,608,191,1040,115.0,780,475,3.3,45.2,0.354,2005,2,28,10,0,1,0,0,0,0,0,0
8513,0.9,809,2.0,587,200,1084,123.0,744,434,3.1,43.3,0.3354,2005,2,28,11,0,1,0,0,0,0,0,0
8514,0.8,805,2.0,584,164,1137,119.0,726,385,3.7,38.8,0.3123,2005,2,28,12,0,1,0,0,0,0,0,0
8515,1.1,840,3.1,661,185,1016,125.0,757,435,4.0,36.8,0.3016,2005,2,28,13,0,1,0,0,0,0,0,0
8516,1.0,812,2.9,646,156,1045,110.0,731,421,3.7,35.0,0.2823,2005,2,28,14,0,1,0,0,0,0,0,0
8517,0.8,782,2.1,594,155,1134,111.0,673,371,3.4,32.4,0.2563,2005,2,28,15,0,1,0,0,0,0,0,0
8518,0.9,799,2.5,617,158,1099,114.0,699,382,3.3,33.1,0.2592,2005,2,28,16,0,1,0,0,0,0,0,0
8519,0.9,812,2.8,640,166,1093,114.0,716,408,2.6,35.1,0.2618,2005,2,28,17,0,1,0,0,0,0,0,0
8520,2.0,922,6.7,842,268,849,140.0,858,676,2.1,36.6,0.2634,2005,2,28,18,0,1,0,0,0,0,0,0
8521,2.4,938,8.1,903,309,790,141.0,885,798,1.6,37.9,0.2645,2005,2,28,19,0,1,0,0,0,0,0,0
8522,2.5,939,7.4,872,297,814,142.0,870,793,1.4,38.0,0.2615,2005,2,28,20,0,1,0,0,0,0,0,0
8523,1.6,827,3.6,687,225,1015,123.0,727,573,1.0,36.6,0.2456,2005,2,28,21,0,1,0,0,0,0,0,0
8524,0.9,776,1.9,580,122,1183,90.0,655,402,1.1,35.4,0.2382,2005,2,28,22,0,1,0,0,0,0,0,0
8525,0.7,755,1.4,538,100,1285,79.0,621,343,1.0,34.3,0.2292,2005,2,28,23,0,1,0,0,0,0,0,0
8526,0.6,766,1.2,515,86,1327,69.0,642,322,1.0,37.4,0.2487,2005,3,1,0,0,0,1,0,0,0,0,0
8527,0.6,762,0.9,487,71,1364,60.0,640,307,0.7,41.2,0.2693,2005,3,1,1,0,0,1,0,0,0,0,0
8533,0.5,779,1.0,500,134,1361,84.0,652,313,-0.6,41.4,0.2478,2005,3,1,7,0,0,1,0,0,0,0,0
8534,1.5,915,5.2,774,358,911,147.0,839,629,-0.2,40.2,0.2478,2005,3,1,8,0,0,1,0,0,0,0,0
8535,1.9,905,6.1,818,354,853,143.0,840,790,0.6,36.8,0.2388,2005,3,1,9,0,0,1,0,0,0,0,0
8536,1.4,835,3.6,688,284,988,122.0,720,630,2.8,30.3,0.2294,2005,3,1,10,0,0,1,0,0,0,0,0
8537,0.9,798,2.3,609,213,1122,109.0,660,472,3.1,29.1,0.224,2005,3,1,11,0,0,1,0,0,0,0,0
8538,0.7,783,1.9,580,174,1181,95.0,647,378,3.3,29.2,0.2288,2005,3,1,12,0,0,1,0,0,0,0,0
8539,0.8,807,2.6,623,157,1097,94.0,684,384,3.1,31.0,0.2386,2005,3,1,13,0,0,1,0,0,0,0,0
8540,1.0,827,3.1,660,178,1030,102.0,709,426,3.2,30.8,0.2399,2005,3,1,14,0,0,1,0,0,0,0,0
8541,0.9,822,2.7,632,187,1074,107.0,701,442,3.3,31.5,0.2464,2005,3,1,15,0,0,1,0,0,0,0,0
8542,1.0,830,3.0,655,198,1045,113.0,710,467,4.1,28.6,0.2363,2005,3,1,16,0,0,1,0,0,0,0,0
8543,0.9,833,3.0,653,186,1073,110.0,708,448,3.9,29.2,0.2378,2005,3,1,17,0,0,1,0,0,0,0,0
8544,1.4,882,5.0,766,203,922,116.0,815,582,1.9,35.0,0.2494,2005,3,1,18,0,0,1,0,0,0,0,0
8545,2.1,967,7.5,880,313,815,148.0,887,892,1.8,35.4,0.2497,2005,3,1,19,0,0,1,0,0,0,0,0
8546,2.8,1009,9.5,958,342,751,156.0,935,1006,1.4,36.5,0.2503,2005,3,1,20,0,0,1,0,0,0,0,0
8547,2.2,911,5.3,777,310,913,159.0,796,852,0.8,36.3,0.2388,2005,3,1,21,0,0,1,0,0,0,0,0
8548,1.0,808,2.4,613,165,1137,116.0,672,543,0.6,34.1,0.221,2005,3,1,22,0,0,1,0,0,0,0,0
8549,1.1,812,2.5,621,152,1143,110.0,669,529,0.3,31.9,0.2031,2005,3,1,23,0,0,1,0,0,0,0,0
8550,0.9,790,2.2,597,141,1184,102.0,637,465,0.2,30.2,0.191,2005,3,2,0,0,0,0,1,0,0,0,0
8551,0.8,765,1.5,544,122,1253,93.0,601,405,0.0,29.7,0.1847,2005,3,2,1,0,0,0,1,0,0,0,0
8552,0.6,761,1.3,525,79,1307,67.0,605,332,-0.1,31.9,0.1975,2005,3,2,2,0,0,0,1,0,0,0,0
8553,0.5,788,0.9,486,80,1294,71.0,650,420,-1.1,41.4,0.2379,2005,3,2,3,0,0,0,1,0,0,0,0
8554,0.45,790,0.7,471,81,1302,75.0,669,532,-1.4,44.9,0.2536,2005,3,2,4,0,0,0,1,0,0,0,0
8555,0.4,804,0.9,489,77,1262,73.0,698,630,-1.3,46.3,0.2635,2005,3,2,5,0,0,0,1,0,0,0,0
8556,0.5,831,1.4,537,124,1158,96.0,722,768,-1.2,47.2,0.27,2005,3,2,6,0,0,0,1,0,0,0,0
8557,0.7,881,3.5,680,159,1023,110.0,813,866,-1.3,47.5,0.2702,2005,3,2,7,0,0,0,1,0,0,0,0
8558,2.4,1099,11.0,1013,396,690,150.0,1056,1254,-1.9,51.4,0.2801,2005,3,2,8,0,0,0,1,0,0,0,0
8559,2.8,1100,12.4,1065,479,669,169.0,1072,1347,-0.5,45.9,0.2763,2005,3,2,9,0,0,0,1,0,0,0,0
8560,2.0,1042,8.3,910,438,774,181.0,922,1216,4.6,32.5,0.2783,2005,3,2,10,0,0,0,1,0,0,0,0
8561,2.2,1026,8.9,935,466,747,187.0,942,1151,7.5,24.3,0.2528,2005,3,2,11,0,0,0,1,0,0,0,0
8562,1.4,905,5.7,796,288,900,146.0,767,699,9.6,18.8,0.2246,2005,3,2,12,0,0,0,1,0,0,0,0
8563,1.2,891,5.5,790,205,927,131.0,764,584,9.3,18.4,0.2157,2005,3,2,13,0,0,0,1,0,0,0,0
8564,1.9,968,9.0,938,311,790,161.0,897,836,9.7,18.6,0.2244,2005,3,2,14,0,0,0,1,0,0,0,0
8565,1.3,909,6.3,826,246,898,143.0,802,626,10.1,16.7,0.2062,2005,3,2,15,0,0,0,1,0,0,0,0
8566,2.0,938,9.1,945,356,804,176.0,855,878,11.8,13.5,0.1862,2005,3,2,16,0,0,0,1,0,0,0,0
8567,2.0,971,8.4,917,397,802,178.0,885,952,11.6,15.3,0.2086,2005,3,2,17,0,0,0,1,0,0,0,0
8568,3.4,1148,17.5,1226,579,624,207.0,1126,1460,9.1,19.2,0.2225,2005,3,2,18,0,0,0,1,0,0,0,0
8571,2.8,1180,11.1,1020,473,656,199.0,1054,1629,5.1,36.4,0.323,2005,3,2,21,0,0,0,1,0,0,0,0
8572,1.6,1070,6.2,821,300,754,170.0,936,1454,4.8,39.6,0.344,2005,3,2,22,0,0,0,1,0,0,0,0
8573,1.4,1031,5.0,763,235,818,153.0,905,1348,5.0,39.6,0.3479,2005,3,2,23,0,0,0,1,0,0,0,0
8574,1.4,1047,5.3,778,207,799,140.0,907,1326,4.1,41.7,0.3456,2005,3,3,0,0,0,0,0,1,0,0,0
8575,1.4,1030,4.2,724,204,832,138.0,893,1285,4.4,43.3,0.3656,2005,3,3,1,0,0,0,0,1,0,0,0
8576,1.1,986,3.5,682,155,875,117.0,884,1205,3.8,45.9,0.3728,2005,3,3,2,0,0,0,0,1,0,0,0
8577,0.9,992,3.0,655,167,876,118.0,887,1220,3.6,49.7,0.396,2005,3,3,3,0,0,0,0,1,0,0,0
8578,1.0,1076,4.1,715,179,783,119.0,947,1448,3.4,56.3,0.4455,2005,3,3,4,0,0,0,0,1,0,0,0
8579,1.0,1104,4.0,713,143,754,108.0,1001,1433,2.9,67.9,0.5183,2005,3,3,5,0,0,0,0,1,0,0,0
8580,1.2,1160,5.1,770,212,702,121.0,1063,1447,2.8,74.1,0.5618,2005,3,3,6,0,0,0,0,1,0,0,0
8581,1.4,1217,6.7,846,263,650,136.0,1120,1481,2.9,75.6,0.5742,2005,3,3,7,0,0,0,0,1,0,0,0
8582,3.0,1457,15.6,1167,648,496,175.0,1422,1785,3.8,72.4,0.5867,2005,3,3,8,0,0,0,0,1,0,0,0
8584,2.1,1111,8.8,931,389,687,186.0,1069,1368,7.3,39.4,0.4035,2005,3,3,10,0,0,0,0,1,0,0,0
8585,2.0,1165,6.9,852,438,692,177.0,1155,1197,3.6,75.9,0.6055,2005,3,3,11,0,0,0,0,1,0,0,0
8586,1.6,1129,5.4,783,282,757,147.0,1127,1084,3.6,78.6,0.6283,2005,3,3,12,0,0,0,0,1,0,0,0
8587,1.4,1092,4.9,759,268,773,150.0,1088,1039,5.3,69.2,0.6213,2005,3,3,13,0,0,0,0,1,0,0,0
8588,1.6,1096,5.3,777,248,767,148.0,1107,961,6.1,66.0,0.6255,2005,3,3,14,0,0,0,0,1,0,0,0
8589,1.5,1108,5.4,783,272,758,151.0,1115,964,6.0,70.1,0.6577,2005,3,3,15,0,0,0,0,1,0,0,0
8590,1.7,1124,5.5,787,291,740,151.0,1147,941,6.3,72.1,0.6907,2005,3,3,16,0,0,0,0,1,0,0,0
8591,1.9,1216,7.5,879,363,670,165.0,1252,1111,6.3,75.7,0.7252,2005,3,3,17,0,0,0,0,1,0,0,0
8592,3.8,1437,16.7,1202,660,507,197.0,1510,1459,5.6,80.4,0.7382,2005,3,3,18,0,0,0,0,1,0,0,0
8594,4.2,1396,15.5,1164,639,508,196.0,1488,1412,4.3,84.0,0.7051,2005,3,3,20,0,0,0,0,1,0,0,0
8595,3.8,1285,10.9,1013,574,568,192.0,1331,1336,4.3,83.6,0.7025,2005,3,3,21,0,0,0,0,1,0,0,0
8596,2.3,1206,8.7,928,373,621,161.0,1235,1285,4.6,82.5,0.7066,2005,3,3,22,0,0,0,0,1,0,0,0
8597,2.1,1179,7.3,868,330,664,156.0,1205,1240,4.4,82.0,0.6938,2005,3,3,23,0,0,0,0,1,0,0,0
8598,2.3,1213,7.5,877,336,654,158.0,1206,1282,4.3,80.9,0.6791,2005,3,4,0,0,0,0,0,0,1,0,0
8599,2.3,1142,6.8,849,347,680,154.0,1173,1189,4.1,81.2,0.6721,2005,3,4,1,0,0,0,0,0,1,0,0
8600,1.7,1089,4.7,750,241,765,138.0,1108,1117,3.9,80.9,0.6613,2005,3,4,2,0,0,0,0,0,1,0,0
8601,1.2,982,2.5,617,168,891,115.0,977,1024,4.5,70.6,0.6004,2005,3,4,3,0,0,0,0,0,1,0,0
8602,0.6,888,1.3,526,96,1134,92.0,912,744,4.5,65.1,0.5547,2005,3,4,4,0,0,0,0,0,1,0,0
8603,0.9,979,2.2,602,147,925,103.0,993,928,4.0,75.2,0.6161,2005,3,4,5,0,0,0,0,0,1,0,0
8604,1.1,1023,3.6,690,210,833,117.0,1049,1006,3.7,76.4,0.6164,2005,3,4,6,0,0,0,0,0,1,0,0
8605,1.9,1153,7.5,878,409,682,139.0,1180,1173,3.1,77.3,0.5985,2005,3,4,7,0,0,0,0,0,1,0,0
8609,3.3,1280,15.5,1165,583,533,192.0,1435,1605,7.6,59.8,0.6245,2005,3,4,11,0,0,0,0,0,1,0,0
8610,3.3,1330,14.9,1145,597,537,188.0,1399,1668,8.6,57.6,0.6471,2005,3,4,12,0,0,0,0,0,1,0,0
8611,3.4,1349,16.4,1193,550,507,189.0,1493,1710,10.9,52.4,0.6826,2005,3,4,13,0,0,0,0,0,1,0,0
8612,3.6,1349,15.6,1167,499,515,192.0,1443,1632,12.3,48.3,0.6871,2005,3,4,14,0,0,0,0,0,1,0,0
8613,3.9,1344,16.1,1182,470,525,194.0,1411,1545,12.5,43.4,0.6298,2005,3,4,15,0,0,0,0,0,1,0,0
8614,4.8,1337,16.6,1198,568,521,217.0,1401,1557,11.9,42.3,0.5902,2005,3,4,16,0,0,0,0,0,1,0,0
8615,3.9,1316,15.9,1177,525,544,178.0,1392,1529,12.3,41.2,0.5867,2005,3,4,17,0,0,0,0,0,1,0,0
8616,3.6,1253,13.3,1094,481,575,183.0,1327,1430,10.8,48.1,0.6235,2005,3,4,18,0,0,0,0,0,1,0,0
8617,3.6,1258,14.9,1144,414,558,189.0,1336,1509,8.9,52.5,0.5996,2005,3,4,19,0,0,0,0,0,1,0,0
8618,4.6,1326,18.5,1253,565,514,225.0,1479,1615,8.4,54.7,0.6057,2005,3,4,20,0,0,0,0,0,1,0,0
8619,2.3,1109,7.9,896,303,710,175.0,1132,1242,7.5,58.7,0.6112,2005,3,4,21,0,0,0,0,0,1,0,0
8620,1.6,1029,5.0,762,221,820,153.0,1049,1065,6.9,60.0,0.5977,2005,3,4,22,0,0,0,0,0,1,0,0
8621,1.8,1112,6.5,833,260,759,156.0,1104,1180,6.6,61.3,0.5995,2005,3,4,23,0,0,0,0,0,1,0,0
8622,2.2,1100,6.0,810,327,768,172.0,1070,1158,6.3,59.8,0.5761,2005,3,5,0,1,0,0,0,0,0,1,0
8623,2.1,1136,6.8,849,344,715,164.0,1132,1216,5.4,65.8,0.5935,2005,3,5,1,1,0,0,0,0,0,1,0
8624,1.7,1000,4.0,712,270,848,157.0,989,971,5.8,59.6,0.5523,2005,3,5,2,1,0,0,0,0,0,1,0
8625,1.5,1041,4.4,732,230,789,146.5,1003,1076,4.9,62.6,0.5477,2005,3,5,3,1,0,0,0,0,0,1,0
8626,1.3,1009,4.0,710,191,819,136.0,974,1011,4.4,63.9,0.5385,2005,3,5,4,1,0,0,0,0,0,1,0
8627,1.1,975,3.5,681,136,889,110.0,948,813,4.2,62.5,0.5191,2005,3,5,5,1,0,0,0,0,0,1,0
8628,1.1,993,4.3,727,194,810,128.0,989,1001,3.1,68.6,0.5302,2005,3,5,6,1,0,0,0,0,0,1,0
8629,0.8,872,2.0,587,168,1082,132.0,866,655,4.6,54.6,0.4682,2005,3,5,7,1,0,0,0,0,0,1,0
8630,1.3,1017,6.1,818,254,842,156.0,1034,933,5.0,54.5,0.4788,2005,3,5,8,1,0,0,0,0,0,1,0
8631,2.3,1070,8.7,928,410,701,185.0,1112,1088,7.0,48.1,0.4847,2005,3,5,9,1,0,0,0,0,0,1,0
8632,1.1,915,3.1,658,166,957,121.0,866,562,10.0,37.7,0.4643,2005,3,5,10,1,0,0,0,0,0,1,0
8633,1.1,978,5.2,772,162,870,117.0,955,586,13.0,30.3,0.452,2005,3,5,11,1,0,0,0,0,0,1,0
8634,1.5,968,5.3,777,188,830,133.0,929,617,14.0,28.1,0.4476,2005,3,5,12,1,0,0,0,0,0,1,0
8635,1.6,1008,6.7,843,199,787,136.0,998,705,13.3,28.9,0.4399,2005,3,5,13,1,0,0,0,0,0,1,0
8636,2.2,1025,8.3,913,272,724,162.0,1035,814,13.4,29.0,0.4436,2005,3,5,14,1,0,0,0,0,0,1,0
8637,1.5,983,5.9,806,180,820,132.0,966,615,13.5,28.3,0.4374,2005,3,5,15,1,0,0,0,0,0,1,0
8638,1.8,1018,7.3,868,255,751,162.0,1015,804,13.0,29.7,0.442,2005,3,5,16,1,0,0,0,0,0,1,0
8639,2.0,1101,8.4,916,251,721,159.0,1125,861,11.6,38.7,0.5271,2005,3,5,17,1,0,0,0,0,0,1,0
8640,1.9,1116,7.7,888,258,695,156.0,1176,980,8.6,56.3,0.6312,2005,3,5,18,1,0,0,0,0,0,1,0
8641,2.5,1161,9.1,945,344,654,177.0,1205,1077,8.5,57.9,0.6435,2005,3,5,19,1,0,0,0,0,0,1,0
8642,2.6,1212,10.9,1010,380,622,185.0,1284,1214,7.8,63.4,0.6735,2005,3,5,20,1,0,0,0,0,0,1,0
8643,3.2,1225,10.2,985,464,635,199.0,1255,1169,7.2,69.5,0.7084,2005,3,5,21,1,0,0,0,0,0,1,0
8644,2.2,1154,7.8,891,304,697,166.0,1197,1079,6.5,74.7,0.7248,2005,3,5,22,1,0,0,0,0,0,1,0
8645,1.9,1140,7.0,856,258,707,152.0,1171,1147,6.5,73.9,0.7224,2005,3,5,23,1,0,0,0,0,0,1,0
8646,2.4,1201,9.2,949,358,665,170.0,1220,1260,6.8,72.1,0.7143,2005,3,6,0,1,0,0,0,0,0,0,1
8647,1.8,1011,4.6,742,278,842,160.0,998,929,7.0,60.0,0.6055,2005,3,6,1,1,0,0,0,0,0,0,1
8648,0.9,867,2.1,590,116,1088,100.0,826,465,7.2,47.8,0.487,2005,3,6,2,1,0,0,0,0,0,0,1
8649,0.8,856,1.5,545,88,1166,78.5,803,398,7.2,47.3,0.483,2005,3,6,3,1,0,0,0,0,0,0,1
8650,0.7,859,1.3,527,60,1203,57.0,810,342,6.8,52.9,0.5245,2005,3,6,4,1,0,0,0,0,0,0,1
8651,0.6,859,0.8,479,51,1285,48.0,822,313,5.8,65.0,0.6029,2005,3,6,5,1,0,0,0,0,0,0,1
8652,0.5,842,0.6,454,33,1433,32.0,788,292,5.8,59.4,0.5502,2005,3,6,6,1,0,0,0,0,0,0,1
8653,0.6,856,1.1,505,80,1246,72.0,833,367,5.5,58.3,0.529,2005,3,6,7,1,0,0,0,0,0,0,1
8654,0.6,867,1.0,500,103,1219,86.0,818,387,5.9,54.8,0.5119,2005,3,6,8,1,0,0,0,0,0,0,1
8655,0.7,877,1.5,541,93,1148,79.0,829,399,7.3,48.7,0.5007,2005,3,6,9,1,0,0,0,0,0,0,1
8656,0.7,869,1.4,535,108,1162,87.0,783,376,9.4,39.9,0.4707,2005,3,6,10,1,0,0,0,0,0,0,1
8657,0.9,900,2.0,582,107,1081,85.0,792,377,11.2,33.8,0.449,2005,3,6,11,1,0,0,0,0,0,0,1
8658,1.0,899,2.3,603,122,1055,97.0,782,379,12.3,29.9,0.4255,2005,3,6,12,1,0,0,0,0,0,0,1
8659,1.0,895,2.6,624,122,1002,96.0,787,387,14.8,23.7,0.3945,2005,3,6,13,1,0,0,0,0,0,0,1
8660,1.4,992,6.7,844,156,830,113.0,990,552,13.1,26.6,0.399,2005,3,6,14,1,0,0,0,0,0,0,1
8661,3.0,1104,13.3,1095,246,609,163.0,1210,930,13.3,25.7,0.3914,2005,3,6,15,1,0,0,0,0,0,0,1
8662,1.5,933,4.0,711,205,912,146.0,850,554,12.0,27.7,0.3885,2005,3,6,16,1,0,0,0,0,0,0,1
8663,1.7,973,5.3,778,257,839,167.0,916,723,11.5,30.1,0.4067,2005,3,6,17,1,0,0,0,0,0,0,1
8664,2.3,1069,8.6,923,228,735,162.0,1036,875,10.1,33.2,0.4115,2005,3,6,18,1,0,0,0,0,0,0,1
8665,2.5,1055,6.2,821,321,797,194.0,942,949,8.6,38.1,0.4282,2005,3,6,19,1,0,0,0,0,0,0,1
8666,2.1,1032,5.3,778,270,834,185.0,926,869,8.0,41.2,0.4433,2005,3,6,20,1,0,0,0,0,0,0,1
8667,1.5,982,4.1,714,203,879,158.0,905,747,7.5,43.8,0.4551,2005,3,6,21,1,0,0,0,0,0,0,1
8668,1.4,968,3.5,680,201,918,156.0,891,740,6.8,46.9,0.465,2005,3,6,22,1,0,0,0,0,0,0,1
8669,1.4,979,4.1,718,207,883,157.0,903,807,6.1,46.3,0.4394,2005,3,6,23,1,0,0,0,0,0,0,1
8670,1.4,935,3.2,666,180,939,141.0,836,653,5.6,45.5,0.4187,2005,3,7,0,0,1,0,0,0,0,0,0
8671,1.2,942,3.2,666,140,960,116.0,848,553,5.4,48.8,0.4393,2005,3,7,1,0,1,0,0,0,0,0,0
8672,0.9,883,1.7,561,93,1080,84.0,785,412,5.1,51.2,0.4534,2005,3,7,2,0,1,0,0,0,0,0,0
8673,0.6,841,0.7,470,64,1311,59.0,708,289,5.3,51.0,0.4563,2005,3,7,3,0,1,0,0,0,0,0,0
8675,0.4,872,0.6,460,47,1359,45.0,755,288,4.5,63.1,0.5381,2005,3,7,5,0,1,0,0,0,0,0,0
8676,0.5,862,0.8,474,68,1312,59.0,753,310,5.2,54.5,0.486,2005,3,7,6,0,1,0,0,0,0,0,0
8677,0.7,917,1.7,562,131,1099,99.0,827,418,5.6,51.3,0.4712,2005,3,7,7,0,1,0,0,0,0,0,0
8678,1.5,1022,5.2,771,289,812,165.0,941,769,5.9,45.4,0.4244,2005,3,7,8,0,1,0,0,0,0,0,0
8679,1.9,1022,6.6,837,322,755,168.0,978,881,6.9,41.3,0.4145,2005,3,7,9,0,1,0,0,0,0,0,0
8680,1.6,961,5.5,789,330,839,169.0,910,816,8.6,34.2,0.3834,2005,3,7,10,0,1,0,0,0,0,0,0
8681,1.4,912,4.4,731,339,912,162.0,811,684,9.6,27.7,0.3308,2005,3,7,11,0,1,0,0,0,0,0,0
8682,1.3,896,4.4,731,316,911,155.0,799,627,10.6,25.3,0.3224,2005,3,7,12,0,1,0,0,0,0,0,0
8683,1.3,890,4.3,726,218,921,136.0,779,523,10.2,25.6,0.3181,2005,3,7,13,0,1,0,0,0,0,0,0
8684,1.2,891,4.5,740,177,919,124.0,788,502,10.0,25.2,0.3079,2005,3,7,14,0,1,0,0,0,0,0,0
8685,1.3,894,4.5,737,278,913,158.0,805,604,9.7,25.7,0.3088,2005,3,7,15,0,1,0,0,0,0,0,0
8686,1.4,907,4.8,753,313,886,167.0,819,682,9.7,26.8,0.3226,2005,3,7,16,0,1,0,0,0,0,0,0
8687,1.7,973,6.3,827,351,825,176.0,888,846,9.4,27.3,0.3216,2005,3,7,17,0,1,0,0,0,0,0,0
8688,2.5,1035,9.6,961,374,726,204.0,985,1027,7.9,28.0,0.2999,2005,3,7,18,0,1,0,0,0,0,0,0
8689,3.8,1146,15.0,1147,431,621,209.0,1148,1315,6.9,30.7,0.3066,2005,3,7,19,0,1,0,0,0,0,0,0
8690,4.2,1176,15.4,1162,468,600,224.0,1137,1363,6.1,33.3,0.3152,2005,3,7,20,0,1,0,0,0,0,0,0
8691,2.8,1057,8.9,935,368,720,211.0,982,1236,5.0,37.4,0.329,2005,3,7,21,0,1,0,0,0,0,0,0
8692,1.5,974,5.0,763,239,861,174.0,865,1076,4.2,40.9,0.3417,2005,3,7,22,0,1,0,0,0,0,0,0
8693,1.8,1044,6.5,834,292,781,181.0,924,1200,3.9,43.5,0.3538,2005,3,7,23,0,1,0,0,0,0,0,0
8694,1.5,988,4.4,734,205,860,157.0,868,1081,3.0,47.7,0.3658,2005,3,8,0,0,0,1,0,0,0,0,0
8695,1.5,1016,5.3,781,255,799,154.0,918,1174,2.5,52.1,0.3855,2005,3,8,1,0,0,1,0,0,0,0,0
8696,1.2,929,3.1,659,220,920,147.0,851,1033,2.0,53.5,0.3831,2005,3,8,2,0,0,1,0,0,0,0,0
8697,0.8,876,1.9,576,167,1040,124.0,815,900,1.0,56.7,0.3803,2005,3,8,3,0,0,1,0,0,0,0,0
8698,0.75,872,1.7,558,114,1054,101.0,807,853,0.5,59.4,0.3841,2005,3,8,4,0,0,1,0,0,0,0,0
8699,0.7,888,1.9,574,153,1035,114.0,820,886,1.4,56.8,0.3903,2005,3,8,5,0,0,1,0,0,0,0,0
8700,0.7,927,2.8,638,224,949,134.0,846,949,0.9,58.4,0.388,2005,3,8,6,0,0,1,0,0,0,0,0
8701,1.3,991,5.5,786,295,817,144.0,931,1037,0.3,61.0,0.3881,2005,3,8,7,0,0,1,0,0,0,0,0
8702,3.4,1317,18.3,1247,667,558,182.0,1360,1571,0.9,59.1,0.3913,2005,3,8,8,0,0,1,0,0,0,0,0
8704,4.1,1222,16.3,1188,666,554,219.0,1265,1683,7.7,34.6,0.3652,2005,3,8,10,0,0,1,0,0,0,0,0
8705,3.0,1109,12.3,1060,595,650,215.0,1091,1412,10.9,25.7,0.3341,2005,3,8,11,0,0,1,0,0,0,0,0
8706,1.9,959,7.4,875,421,797,191.0,864,1006,13.7,17.4,0.2715,2005,3,8,12,0,0,1,0,0,0,0,0
8707,1.8,964,8.1,902,292,780,162.0,882,855,14.0,16.8,0.2672,2005,3,8,13,0,0,1,0,0,0,0,0
8708,2.1,1006,10.8,1006,308,705,165.0,988,964,14.1,17.0,0.2729,2005,3,8,14,0,0,1,0,0,0,0,0
8709,2.3,1002,9.7,968,347,732,171.0,920,886,15.0,15.8,0.2678,2005,3,8,15,0,0,1,0,0,0,0,0
8710,2.3,997,9.9,975,377,739,164.0,926,947,16.5,14.9,0.2775,2005,3,8,16,0,0,1,0,0,0,0,0
8711,2.0,1019,9.6,964,325,729,168.0,957,984,15.8,16.7,0.2972,2005,3,8,17,0,0,1,0,0,0,0,0
8712,3.1,1192,16.5,1196,508,581,204.0,1222,1450,13.2,23.9,0.3597,2005,3,8,18,0,0,1,0,0,0,0,0
8715,3.2,1250,13.3,1094,500,600,215.0,1198,1629,8.5,42.4,0.4716,2005,3,8,21,0,0,1,0,0,0,0,0
8716,2.4,1156,8.4,916,463,687,206.0,1055,1490,7.5,44.0,0.4564,2005,3,8,22,0,0,1,0,0,0,0,0
8717,1.4,1064,5.4,783,258,785,167.0,954,1319,6.6,46.0,0.4505,2005,3,8,23,0,0,1,0,0,0,0,0
8718,1.4,1066,5.2,771,214,795,145.0,949,1247,5.5,49.6,0.4526,2005,3,9,0,0,0,0,1,0,0,0,0
8719,1.3,1031,4.6,741,191,821,133.0,927,1144,4.9,52.2,0.4567,2005,3,9,1,0,0,0,1,0,0,0,0
8720,1.0,973,3.2,663,154,889,117.0,887,1014,4.6,53.5,0.4584,2005,3,9,2,0,0,0,1,0,0,0,0
8721,0.8,937,2.2,600,133,985,103.5,873,885,4.7,53.1,0.4589,2005,3,9,3,0,0,0,1,0,0,0,0
8722,0.8,930,2.5,616,113,969,90.0,893,875,3.8,56.8,0.4614,2005,3,9,4,0,0,0,1,0,0,0,0
8723,0.9,949,2.8,640,167,902,112.0,909,971,2.3,63.5,0.463,2005,3,9,5,0,0,0,1,0,0,0,0
8724,0.9,979,3.9,707,235,851,120.0,959,1048,2.0,64.9,0.4657,2005,3,9,6,0,0,0,1,0,0,0,0
8725,1.7,1094,7.2,865,372,708,141.0,1061,1223,2.0,65.3,0.4688,2005,3,9,7,0,0,0,1,0,0,0,0
8730,2.3,1249,10.5,996,457,593,194.0,1198,1575,14.5,33.4,0.5488,2005,3,9,12,0,0,0,1,0,0,0,0
8731,2.4,1282,11.2,1023,369,573,159.0,1305,1461,15.7,34.6,0.6147,2005,3,9,13,0,0,0,1,0,0,0,0
8732,2.2,1253,10.3,988,285,589,123.0,1292,1314,16.1,36.3,0.6593,2005,3,9,14,0,0,0,1,0,0,0,0
8733,1.9,1222,8.6,924,279,612,121.0,1216,1147,17.3,34.5,0.6728,2005,3,9,15,0,0,0,1,0,0,0,0
8734,1.7,1201,7.6,882,198,638,102.0,1189,948,17.6,34.1,0.6781,2005,3,9,16,0,0,0,1,0,0,0,0
8735,1.9,1238,10.2,985,229,592,114.0,1271,1252,18.0,33.1,0.6779,2005,3,9,17,0,0,0,1,0,0,0,0
8736,3.8,1434,17.8,1234,477,476,168.0,1520,1676,14.6,41.0,0.6792,2005,3,9,18,0,0,0,1,0,0,0,0
8740,2.0,1165,7.3,870,298,671,148.0,1181,1482,9.7,60.0,0.7238,2005,3,9,22,0,0,0,1,0,0,0,0
8741,1.8,1177,6.6,837,265,670,137.0,1161,1448,8.3,64.2,0.7071,2005,3,9,23,0,0,0,1,0,0,0,0
8742,1.6,1135,5.7,800,196,705,123.0,1130,1304,7.8,65.5,0.6961,2005,3,10,0,0,0,0,0,1,0,0,0
8743,1.3,1070,4.5,739,155,767,109.0,1070,1186,7.5,65.9,0.6868,2005,3,10,1,0,0,0,0,1,0,0,0
8744,1.1,1034,4.1,715,131,801,98.0,1067,1051,6.1,72.1,0.6847,2005,3,10,2,0,0,0,0,1,0,0,0
8745,1.1,1014,4.4,731,148,784,96.0,1062,1038,4.6,78.2,0.6684,2005,3,10,3,0,0,0,0,1,0,0,0
8746,1.0,988,3.3,673,165,838,94.0,1034,969,4.0,80.9,0.667,2005,3,10,4,0,0,0,0,1,0,0,0
8747,0.8,975,3.3,668,169,874,95.0,1020,951,4.2,79.1,0.6611,2005,3,10,5,0,0,0,0,1,0,0,0
8748,0.9,984,3.5,681,224,852,101.0,1020,970,5.3,73.2,0.6577,2005,3,10,6,0,0,0,0,1,0,0,0
8749,1.3,1092,6.4,831,249,720,100.0,1143,1090,4.3,76.1,0.6395,2005,3,10,7,0,0,0,0,1,0,0,0
8751,3.9,1446,21.2,1328,665,439,168.0,1620,1833,7.5,64.5,0.6702,2005,3,10,9,0,0,0,0,1,0,0,0
8752,3.5,1316,13.7,1105,670,511,199.0,1372,1828,11.7,49.3,0.6772,2005,3,10,10,0,0,0,0,1,0,0,0
8753,2.7,1283,11.7,1039,500,549,168.0,1308,1724,14.7,41.2,0.6857,2005,3,10,11,0,0,0,0,1,0,0,0
8754,2.3,1223,10.6,999,428,578,161.0,1258,1547,17.4,33.2,0.6535,2005,3,10,12,0,0,0,0,1,0,0,0
8755,2.3,1176,9.8,969,367,612,153.0,1196,1300,18.8,26.2,0.5637,2005,3,10,13,0,0,0,0,1,0,0,0
8756,2.1,1041,9.1,945,306,692,145.0,1082,1000,19.1,18.1,0.3955,2005,3,10,14,0,0,0,0,1,0,0,0
8757,2.2,1008,9.2,946,334,705,148.0,1016,942,19.5,15.3,0.3431,2005,3,10,15,0,0,0,0,1,0,0,0
8758,1.8,962,5.9,807,268,821,131.0,901,745,20.2,14.4,0.337,2005,3,10,16,0,0,0,0,1,0,0,0
8759,1.9,1048,8.6,925,284,721,137.0,1022,941,19.8,16.0,0.3632,2005,3,10,17,0,0,0,0,1,0,0,0
8760,2.7,1145,12.7,1074,393,593,163.0,1186,1232,16.5,21.6,0.4012,2005,3,10,18,0,0,0,0,1,0,0,0
8761,4.7,1198,19.8,1291,603,531,219.0,1295,1527,14.5,18.3,0.2996,2005,3,10,19,0,0,0,0,1,0,0,0
8764,2.1,1085,7.6,882,426,705,184.0,985,1433,9.5,34.6,0.411,2005,3,10,22,0,0,0,0,1,0,0,0
8765,1.4,1017,4.9,760,254,806,151.0,922,1235,8.3,38.2,0.4203,2005,3,10,23,0,0,0,0,1,0,0,0
8766,1.4,1039,5.2,774,227,786,133.0,949,1173,7.7,41.7,0.4387,2005,3,11,0,0,0,0,0,0,1,0,0
8767,1.4,1027,4.8,751,221,798,135.0,936,1171,6.8,44.9,0.4472,2005,3,11,1,0,0,0,0,0,1,0,0
8768,1.0,952,3.2,662,155,905,111.0,887,1024,5.7,49.4,0.4551,2005,3,11,2,0,0,0,0,0,1,0,0
8769,0.8,930,2.4,609,120,968,90.0,864,928,5.7,50.1,0.4629,2005,3,11,3,0,0,0,0,0,1,0,0
8770,0.75,942,3.2,665,134,923,91.0,912,956,4.4,56.4,0.4761,2005,3,11,4,0,0,0,0,0,1,0,0
8771,0.7,897,2.1,594,128,999,89.0,870,871,4.9,55.2,0.4807,2005,3,11,5,0,0,0,0,0,1,0,0
8772,0.6,928,2.7,631,148,985,89.0,908,884,4.5,56.3,0.48,2005,3,11,6,0,0,0,0,0,1,0,0
8773,0.2,987,4.5,738,233,833,117.0,957,1010,3.8,59.7,0.4839,2005,3,11,7,0,0,0,0,0,1,0,0
8774,1.5,1272,13.8,1111,470,563,141.0,1279,1416,4.3,58.6,0.4915,2005,3,11,8,0,0,0,0,0,1,0,0
8778,1.0,1203,9.3,951,339,618,162.0,1162,1305,17.2,30.6,0.5949,2005,3,11,12,0,0,0,0,0,1,0,0
8779,1.5,1258,12.1,1052,354,551,172.0,1297,1205,17.8,33.3,0.6741,2005,3,11,13,0,0,0,0,0,1,0,0
8780,2.2,1328,14.2,1123,466,508,182.0,1404,1339,18.8,31.8,0.6853,2005,3,11,14,0,0,0,0,0,1,0,0
8781,1.7,1260,12.3,1059,417,544,180.0,1319,1161,19.3,29.9,0.6604,2005,3,11,15,0,0,0,0,0,1,0,0
8782,1.1,1201,10.2,985,289,585,156.0,1252,996,18.8,31.5,0.6752,2005,3,11,16,0,0,0,0,0,1,0,0
8783,1.3,1161,10.4,992,324,601,168.0,1211,906,18.2,28.1,0.5817,2005,3,11,17,0,0,0,0,0,1,0,0
8784,1.5,1254,13.9,1112,376,533,181.0,1349,1161,16.0,35.3,0.6356,2005,3,11,18,0,0,0,0,0,1,0,0
8785,3.4,1452,23.1,1381,619,428,226.0,1661,1695,13.8,43.6,0.6825,2005,3,11,19,0,0,0,0,0,1,0,0
8787,2.8,1273,13.4,1096,582,553,222.0,1350,1379,12.8,49.3,0.7277,2005,3,11,21,0,0,0,0,0,1,0,0
8788,0.8,1096,6.8,850,287,690,165.0,1146,943,12.2,50.9,0.7202,2005,3,11,22,0,0,0,0,0,1,0,0
8789,0.5,1151,6.0,813,238,702,151.0,1156,1073,10.6,55.9,0.7138,2005,3,11,23,0,0,0,0,0,1,0,0
8790,1.0,1189,5.7,797,312,688,174.0,1157,1213,10.3,55.9,0.7014,2005,3,12,0,1,0,0,0,0,0,1,0
8791,0.4,1078,3.9,704,231,765,145.0,1077,898,10.2,55.8,0.6927,2005,3,12,1,1,0,0,0,0,0,1,0
8792,0.4,1152,4.9,759,234,706,147.0,1113,1094,10.0,57.3,0.7015,2005,3,12,2,1,0,0,0,0,0,1,0
8793,0.3,1128,4.5,740,195,705,134.0,1113,1064,10.2,57.9,0.7191,2005,3,12,3,1,0,0,0,0,0,1,0
8794,0.26,1015,2.3,608,113,873,85.0,1027,655,10.3,59.4,0.7459,2005,3,12,4,1,0,0,0,0,0,1,0
8795,0.22,979,1.5,547,73,952,55.0,1039,470,9.8,68.9,0.8329,2005,3,12,5,1,0,0,0,0,0,1,0
8796,0.18,972,1.5,542,103,1029,65.0,1056,443,9.2,75.3,0.8764,2005,3,12,6,1,0,0,0,0,0,1,0
8797,0.14,992,1.8,565,121,912,84.0,1074,547,9.4,73.1,0.8621,2005,3,12,7,1,0,0,0,0,0,1,0
8798,0.1,1053,3.3,671,132,807,88.0,1137,570,10.6,66.1,0.8444,2005,3,12,8,1,0,0,0,0,0,1,0
8799,0.2,1140,5.8,800,178,679,109.0,1209,782,12.6,58.5,0.8517,2005,3,12,9,1,0,0,0,0,0,1,0
8800,0.6,1136,6.2,822,218,653,130.0,1184,744,15.0,48.6,0.8253,2005,3,12,10,1,0,0,0,0,0,1,0
8801,0.7,1180,6.7,846,246,646,137.0,1206,791,14.2,51.5,0.8313,2005,3,12,11,1,0,0,0,0,0,1,0
8802,0.6,1131,5.6,792,252,678,145.0,1177,749,15.1,48.6,0.8266,2005,3,12,12,1,0,0,0,0,0,1,0
8803,0.3,1083,5.8,804,208,702,128.0,1105,615,18.0,35.4,0.7233,2005,3,12,13,1,0,0,0,0,0,1,0
8804,0.5,1120,7.0,859,219,640,129.0,1167,681,17.9,35.3,0.7184,2005,3,12,14,1,0,0,0,0,0,1,0
8805,0.2,1038,3.8,699,160,765,105.0,1042,515,17.7,35.0,0.7014,2005,3,12,15,1,0,0,0,0,0,1,0
8806,0.4,1096,5.5,788,191,699,114.0,1115,583,17.6,35.5,0.7065,2005,3,12,16,1,0,0,0,0,0,1,0
8807,0.7,1126,7.6,881,270,648,146.0,1140,728,17.5,34.1,0.6775,2005,3,12,17,1,0,0,0,0,0,1,0
8808,0.9,1153,8.3,910,285,622,156.0,1208,827,15.6,40.0,0.7018,2005,3,12,18,1,0,0,0,0,0,1,0
8809,0.8,1177,7.5,878,289,641,152.0,1224,844,14.0,47.8,0.7582,2005,3,12,19,1,0,0,0,0,0,1,0
8810,2.4,1383,14.1,1119,550,522,201.0,1415,1310,13.2,51.4,0.776,2005,3,12,20,1,0,0,0,0,0,1,0
8812,0.9,1087,5.8,803,314,699,157.0,1130,907,11.6,54.7,0.7454,2005,3,12,22,1,0,0,0,0,0,1,0
8813,0.1,1028,3.9,703,166,783,114.0,1070,646,12.0,53.3,0.7472,2005,3,12,23,1,0,0,0,0,0,1,0
8814,0.1,1017,2.8,641,157,892,107.0,1044,482,12.5,55.4,0.7999,2005,3,13,0,1,0,0,0,0,0,0,1
8815,0.1,1050,3.1,660,173,860,113.0,1071,526,12.3,56.0,0.7958,2005,3,13,1,1,0,0,0,0,0,0,1
8816,0.2,1023,3.3,672,184,819,118.0,1069,595,12.4,53.4,0.7669,2005,3,13,2,1,0,0,0,0,0,0,1
8817,0.18571428571428572,940,2.0,583,93,942,69.0,991,416,12.7,51.8,0.7574,2005,3,13,3,1,0,0,0,0,0,0,1
8818,0.17142857142857143,963,2.5,617,85,902,63.0,1006,398,13.2,49.7,0.7503,2005,3,13,4,1,0,0,0,0,0,0,1
8819,0.15714285714285714,971,2.0,585,79,928,61.0,1004,394,12.3,55.9,0.7966,2005,3,13,5,1,0,0,0,0,0,0,1
8820,0.14285714285714285,887,0.9,488,55,1184,42.0,908,312,13.3,50.1,0.7624,2005,3,13,6,1,0,0,0,0,0,0,1
8821,0.12857142857142856,944,1.6,551,98,1063,68.0,985,381,12.3,51.8,0.7384,2005,3,13,7,1,0,0,0,0,0,0,1
8822,0.1142857142857143,970,2.1,592,190,909,120.0,1018,509,12.9,50.4,0.7448,2005,3,13,8,1,0,0,0,0,0,0,1
8823,0.1,1034,3.0,651,166,861,112.0,1060,601,12.9,49.9,0.7406,2005,3,13,9,1,0,0,0,0,0,0,1
8824,0.3,1160,5.0,765,260,711,148.0,1134,962,13.9,47.3,0.7479,2005,3,13,10,1,0,0,0,0,0,0,1
8825,1.0,1283,7.7,887,362,607,160.0,1238,1231,13.5,51.6,0.7931,2005,3,13,11,1,0,0,0,0,0,0,1
8826,1.6,1387,10.1,981,415,535,164.0,1368,1396,13.2,56.2,0.8499,2005,3,13,12,1,0,0,0,0,0,0,1
8827,1.4,1325,8.5,921,358,570,159.0,1345,1297,14.2,57.8,0.9292,2005,3,13,13,1,0,0,0,0,0,0,1
8828,0.3,1057,2.8,641,170,803,110.0,1103,616,17.2,46.2,0.8989,2005,3,13,14,1,0,0,0,0,0,0,1
8829,0.1,1078,3.3,668,130,855,82.0,1109,509,19.9,36.6,0.8406,2005,3,13,15,1,0,0,0,0,0,0,1
8830,0.3,1159,5.0,762,177,742,102.0,1158,590,19.7,37.1,0.8399,2005,3,13,16,1,0,0,0,0,0,0,1
8831,0.5,1195,5.6,795,233,710,119.0,1157,718,19.0,37.4,0.8122,2005,3,13,17,1,0,0,0,0,0,0,1
8832,0.8,1217,7.1,861,282,642,135.0,1234,898,16.4,43.5,0.8055,2005,3,13,18,1,0,0,0,0,0,0,1
8833,3.2,1542,16.7,1200,583,469,215.0,1520,1577,15.1,49.8,0.8458,2005,3,13,19,1,0,0,0,0,0,0,1
8834,2.8,1407,12.5,1066,566,525,211.0,1397,1560,14.8,51.0,0.8507,2005,3,13,20,1,0,0,0,0,0,0,1
8835,1.0,1189,6.6,837,323,665,172.0,1204,1208,14.6,51.6,0.8508,2005,3,13,21,1,0,0,0,0,0,0,1
8836,0.9,1208,8.3,911,318,613,166.0,1245,1244,13.7,52.1,0.8121,2005,3,13,22,1,0,0,0,0,0,0,1
8837,0.9,1207,7.1,861,336,649,168.0,1217,1181,13.2,55.6,0.8412,2005,3,13,23,1,0,0,0,0,0,0,1
8838,0.4,1056,3.8,699,196,787,134.0,1085,828,13.2,55.9,0.8465,2005,3,14,0,0,1,0,0,0,0,0,0
8839,0.4,1128,5.2,771,193,733,122.0,1178,923,11.7,62.1,0.8535,2005,3,14,1,0,1,0,0,0,0,0,0
8840,0.3,1119,5.3,778,192,705,123.0,1187,1096,9.9,68.9,0.8388,2005,3,14,2,0,1,0,0,0,0,0,0
8841,0.1,1077,3.8,701,147,761,104.0,1122,1106,9.8,68.0,0.8227,2005,3,14,3,0,1,0,0,0,0,0,0
8842,0.45000000000000007,1036,2.8,636,122,845,90.0,1084,976,8.9,71.9,0.8202,2005,3,14,4,0,1,0,0,0,0,0,0
8843,0.8,1016,2.9,647,117,824,85.0,1090,937,8.4,74.5,0.8241,2005,3,14,5,0,1,0,0,0,0,0,0
8844,1.0,1103,4.4,730,201,735,103.0,1139,1049,9.2,71.0,0.8299,2005,3,14,6,0,1,0,0,0,0,0,0
8845,1.6,1176,7.5,880,318,634,127.0,1257,1180,9.9,67.6,0.8239,2005,3,14,7,0,1,0,0,0,0,0,0
8846,3.5,1430,15.7,1169,658,481,163.0,1543,1514,10.8,64.4,0.8328,2005,3,14,8,0,1,0,0,0,0,0,0
8848,3.5,1243,10.8,1006,497,572,170.0,1349,1395,13.7,51.9,0.8106,2005,3,14,10,0,1,0,0,0,0,0,0
8849,1.6,1101,6.1,817,290,707,141.0,1157,1024,16.3,43.5,0.7988,2005,3,14,11,0,1,0,0,0,0,0,0
8850,1.5,1103,7.0,857,230,681,123.0,1182,946,17.9,38.8,0.7883,2005,3,14,12,0,1,0,0,0,0,0,0
8851,1.5,1116,7.1,859,215,670,124.0,1197,864,19.3,35.5,0.7876,2005,3,14,13,0,1,0,0,0,0,0,0
8852,1.7,1141,8.1,904,226,646,126.0,1249,889,20.1,32.9,0.7672,2005,3,14,14,0,1,0,0,0,0,0,0
8853,1.6,1151,7.7,885,240,660,128.0,1222,903,20.0,33.0,0.7625,2005,3,14,15,0,1,0,0,0,0,0,0
8854,2.4,1263,10.8,1008,391,597,158.0,1308,1121,20.2,32.2,0.7526,2005,3,14,16,0,1,0,0,0,0,0,0
8855,3.4,1324,14.4,1128,492,540,177.0,1441,1319,18.9,34.4,0.7436,2005,3,14,17,0,1,0,0,0,0,0,0
8859,4.0,1346,14.2,1124,510,502,192.0,1490,1598,15.3,52.6,0.906,2005,3,14,21,0,1,0,0,0,0,0,0
8860,2.1,1218,8.4,914,308,597,158.0,1291,1383,13.7,58.5,0.9146,2005,3,14,22,0,1,0,0,0,0,0,0
8861,1.6,1166,7.5,880,248,631,149.0,1280,1238,12.7,62.8,0.9198,2005,3,14,23,0,1,0,0,0,0,0,0
8862,1.5,1095,5.2,772,233,721,140.0,1175,1023,12.2,65.0,0.9193,2005,3,15,0,0,0,1,0,0,0,0,0
8863,0.7,958,2.2,601,96,947,79.0,1054,659,13.0,61.2,0.9105,2005,3,15,1,0,0,1,0,0,0,0,0
8864,0.7,960,2.0,582,90,933,69.0,1062,657,11.1,66.1,0.8738,2005,3,15,2,0,0,1,0,0,0,0,0
8865,0.6,972,1.8,571,95,931,72.0,1063,764,10.1,69.8,0.8619,2005,3,15,3,0,0,1,0,0,0,0,0
8866,0.5,911,1.1,508,68,1048,58.0,1005,667,11.6,61.0,0.8299,2005,3,15,4,0,0,1,0,0,0,0,0
8867,0.4,923,1.2,516,75,1049,59.0,1002,667,10.1,64.5,0.7968,2005,3,15,5,0,0,1,0,0,0,0,0
8868,0.6,981,2.4,610,145,867,88.0,1068,856,9.3,67.9,0.7969,2005,3,15,6,0,0,1,0,0,0,0,0
8869,0.9,1038,3.8,701,185,760,110.0,1102,940,10.1,64.3,0.7934,2005,3,15,7,0,0,1,0,0,0,0,0
8870,2.6,1370,14.0,1118,506,495,151.0,1459,1406,10.4,62.7,0.7909,2005,3,15,8,0,0,1,0,0,0,0,0
8871,3.3,1471,18.9,1265,485,434,158.0,1655,1617,13.0,53.9,0.8036,2005,3,15,9,0,0,1,0,0,0,0,0
8873,3.1,1329,13.2,1090,562,508,181.0,1401,1473,19.1,36.7,0.8044,2005,3,15,11,0,0,1,0,0,0,0,0
8874,2.2,1197,10.3,989,357,577,161.0,1297,1087,21.0,30.6,0.7508,2005,3,15,12,0,0,1,0,0,0,0,0
8875,2.1,1198,9.7,968,306,590,143.0,1264,945,22.1,27.6,0.7254,2005,3,15,13,0,0,1,0,0,0,0,0
8876,2.2,1171,10.0,977,292,608,142.0,1234,905,22.2,25.5,0.6752,2005,3,15,14,0,0,1,0,0,0,0,0
8877,1.9,1191,10.9,1011,305,620,146.0,1262,903,23.6,23.2,0.6665,2005,3,15,15,0,0,1,0,0,0,0,0
8878,2.5,1213,12.3,1060,386,578,166.0,1292,1041,23.6,22.9,0.6571,2005,3,15,16,0,0,1,0,0,0,0,0
8879,2.9,1258,14.2,1124,408,552,172.0,1363,1194,22.8,24.6,0.6736,2005,3,15,17,0,0,1,0,0,0,0,0
8880,3.9,1413,21.6,1339,521,464,196.0,1611,1533,20.3,29.7,0.6973,2005,3,15,18,0,0,1,0,0,0,0,0
8884,2.3,1199,8.4,916,350,613,174.0,1227,1435,13.8,49.6,0.7793,2005,3,15,22,0,0,1,0,0,0,0,0
8885,1.5,1128,6.1,818,244,674,149.0,1156,1303,13.2,51.6,0.7765,2005,3,15,23,0,0,1,0,0,0,0,0
8886,1.4,1108,5.7,798,221,694,134.0,1144,1199,11.8,56.9,0.7836,2005,3,16,0,0,0,0,1,0,0,0,0
8887,1.1,1038,4.0,709,183,768,123.0,1087,1069,11.4,58.0,0.7818,2005,3,16,1,0,0,0,1,0,0,0,0
8888,0.9,1004,2.9,646,166,823,111.0,1054,989,11.3,58.0,0.7742,2005,3,16,2,0,0,0,1,0,0,0,0
8889,0.7,969,2.0,584,133,904,93.0,1021,899,10.7,59.6,0.7673,2005,3,16,3,0,0,0,1,0,0,0,0
8890,0.6,938,1.7,559,147,942,97.0,1026,850,9.0,65.4,0.7532,2005,3,16,4,0,0,0,1,0,0,0,0
8891,0.6,927,1.6,549,119,967,86.0,1008,828,8.0,68.9,0.7402,2005,3,16,5,0,0,0,1,0,0,0,0
8892,0.8,977,3.3,673,179,830,99.0,1060,902,7.5,70.9,0.7358,2005,3,16,6,0,0,0,1,0,0,0,0
8893,1.0,1011,3.6,685,178,823,99.0,1054,902,7.6,69.2,0.7238,2005,3,16,7,0,0,0,1,0,0,0,0
8894,2.1,1228,10.2,984,390,588,129.0,1293,1222,8.7,64.3,0.7257,2005,3,16,8,0,0,0,1,0,0,0,0
8895,4.2,1521,25.2,1434,579,404,161.0,1809,1784,11.7,54.3,0.7459,2005,3,16,9,0,0,0,1,0,0,0,0
8897,3.2,1339,13.3,1094,568,509,200.0,1376,1634,19.3,34.7,0.7681,2005,3,16,11,0,0,0,1,0,0,0,0
8898,2.8,1310,11.9,1046,487,552,194.0,1351,1527,23.1,27.3,0.7615,2005,3,16,12,0,0,0,1,0,0,0,0
8899,2.4,1250,10.9,1012,343,585,173.0,1249,1192,26.1,20.8,0.6959,2005,3,16,13,0,0,0,1,0,0,0,0
8900,2.5,1181,11.0,1015,351,617,169.0,1192,1023,26.8,17.9,0.6249,2005,3,16,14,0,0,0,1,0,0,0,0
8901,2.9,1272,17.3,1220,417,533,188.0,1353,1251,28.4,16.0,0.6095,2005,3,16,15,0,0,0,1,0,0,0,0
8902,3.0,1231,12.4,1064,509,618,211.0,1188,1082,28.8,15.1,0.5877,2005,3,16,16,0,0,0,1,0,0,0,0
8903,3.6,1286,17.4,1223,573,529,210.0,1350,1348,27.9,15.6,0.5782,2005,3,16,17,0,0,0,1,0,0,0,0
8904,3.5,1315,17.5,1225,518,509,193.0,1408,1365,24.1,20.6,0.6075,2005,3,16,18,0,0,0,1,0,0,0,0
8905,4.8,1494,26.2,1460,641,420,227.0,1682,1827,21.0,28.0,0.6904,2005,3,16,19,0,0,0,1,0,0,0,0
8906,4.4,1494,23.1,1381,544,422,223.0,1677,1879,18.4,38.8,0.8152,2005,3,16,20,0,0,0,1,0,0,0,0
8907,4.9,1545,23.5,1390,582,423,229.0,1676,1915,16.9,42.9,0.8222,2005,3,16,21,0,0,0,1,0,0,0,0
8908,2.9,1354,13.3,1094,407,517,194.0,1357,1705,15.5,45.0,0.7895,2005,3,16,22,0,0,0,1,0,0,0,0
8909,2.1,1301,10.5,998,327,553,171.0,1283,1610,14.3,49.6,0.8049,2005,3,16,23,0,0,0,1,0,0,0,0
8910,1.6,1144,6.3,826,221,661,147.0,1158,1300,14.7,48.0,0.7977,2005,3,17,0,0,0,0,0,1,0,0,0
8911,1.2,1080,4.4,732,142,748,111.0,1087,1093,13.3,51.4,0.7821,2005,3,17,1,0,0,0,0,1,0,0,0
8912,0.9,1013,3.3,671,123,817,104.0,1056,986,12.6,53.7,0.7793,2005,3,17,2,0,0,0,0,1,0,0,0
8913,0.7,966,2.0,587,106,921,90.0,1017,846,11.5,56.8,0.7706,2005,3,17,3,0,0,0,0,1,0,0,0
8914,0.6,959,1.9,578,100,909,81.0,1016,822,10.1,61.9,0.7631,2005,3,17,4,0,0,0,0,1,0,0,0
8915,0.5,919,1.4,532,85,997,69.0,983,714,9.8,61.8,0.7523,2005,3,17,5,0,0,0,0,1,0,0,0
8916,0.6,953,2.3,604,114,903,84.0,1020,838,9.0,64.3,0.7417,2005,3,17,6,0,0,0,0,1,0,0,0
8917,1.3,1117,5.9,808,299,669,123.0,1178,1109,7.9,68.4,0.7324,2005,3,17,7,0,0,0,0,1,0,0,0
8920,4.4,1448,16.2,1187,668,471,217.0,1490,1814,16.9,40.3,0.7717,2005,3,17,10,0,0,0,0,1,0,0,0
8921,3.0,1294,10.8,1006,571,567,196.0,1296,1538,20.8,31.3,0.7617,2005,3,17,11,0,0,0,0,1,0,0,0
8922,2.2,1269,11.1,1016,388,579,189.0,1273,1383,24.3,24.7,0.7407,2005,3,17,12,0,0,0,0,1,0,0,0
8923,2.0,1247,10.2,985,323,581,174.0,1255,1184,26.7,22.6,0.7785,2005,3,17,13,0,0,0,0,1,0,0,0
8924,2.2,1239,11.9,1045,312,559,161.0,1312,1094,27.1,21.7,0.7636,2005,3,17,14,0,0,0,0,1,0,0,0
8925,2.1,1199,11.8,1041,320,574,158.0,1271,986,28.3,17.9,0.6769,2005,3,17,15,0,0,0,0,1,0,0,0
8926,2.2,1216,10.9,1013,322,576,161.0,1277,967,27.8,20.0,0.7378,2005,3,17,16,0,0,0,0,1,0,0,0
8927,1.9,1131,8.6,925,276,638,147.0,1158,831,26.2,19.4,0.6491,2005,3,17,17,0,0,0,0,1,0,0,0
8928,2.7,1300,15.0,1149,341,530,165.0,1353,1182,22.7,24.4,0.6661,2005,3,17,18,0,0,0,0,1,0,0,0
8929,3.9,1358,21.3,1331,531,459,214.0,1518,1523,20.2,29.3,0.686,2005,3,17,19,0,0,0,0,1,0,0,0
8930,5.6,1492,24.8,1425,653,417,228.0,1690,1780,17.3,35.2,0.6907,2005,3,17,20,0,0,0,0,1,0,0,0
8931,4.9,1413,18.4,1251,646,478,240.0,1504,1682,16.1,38.7,0.7023,2005,3,17,21,0,0,0,0,1,0,0,0
8932,2.2,1210,9.1,943,333,611,188.0,1224,1390,14.6,44.5,0.7337,2005,3,17,22,0,0,0,0,1,0,0,0
8933,1.9,1196,8.1,902,299,620,173.0,1185,1390,13.7,48.6,0.7555,2005,3,17,23,0,0,0,0,1,0,0,0
8934,1.4,1101,5.9,809,224,690,150.0,1123,1201,12.4,52.2,0.7513,2005,3,18,0,0,0,0,0,0,1,0,0
8935,1.3,1076,5.1,770,195,721,134.0,1093,1107,11.9,53.4,0.7414,2005,3,18,1,0,0,0,0,0,1,0,0
8936,1.1,1040,4.5,736,209,740,132.0,1099,1050,10.4,58.4,0.7367,2005,3,18,2,0,0,0,0,0,1,0,0
8937,0.9,989,3.2,667,168,824,117.0,1048,943,8.9,63.5,0.7268,2005,3,18,3,0,0,0,0,0,1,0,0
8938,0.9,966,2.8,639,153,843,103.0,1033,903,8.2,65.9,0.7168,2005,3,18,4,0,0,0,0,0,1,0,0
8939,0.7,912,2.0,587,140,922,99.0,1002,826,7.7,67.1,0.7074,2005,3,18,5,0,0,0,0,0,1,0,0
8940,0.8,960,3.3,668,184,841,106.0,1038,878,7.2,68.6,0.6978,2005,3,18,6,0,0,0,0,0,1,0,0
8941,1.2,1028,5.4,784,266,709,113.0,1110,996,7.5,66.7,0.6943,2005,3,18,7,0,0,0,0,0,1,0,0
8942,2.9,1375,14.5,1134,518,504,141.0,1467,1470,8.7,61.6,0.696,2005,3,18,8,0,0,0,0,0,1,0,0
8944,4.3,1400,17.6,1227,558,465,192.0,1542,1661,15.4,42.5,0.7379,2005,3,18,10,0,0,0,0,0,1,0,0
8945,3.1,1323,14.9,1144,457,502,187.0,1405,1568,18.8,33.5,0.7186,2005,3,18,11,0,0,0,0,0,1,0,0
8946,2.4,1250,10.3,990,353,579,169.0,1262,1291,22.2,28.1,0.7426,2005,3,18,12,0,0,0,0,0,1,0,0
8947,2.3,1283,12.0,1048,313,550,161.0,1336,1226,24.7,25.5,0.7785,2005,3,18,13,0,0,0,0,0,1,0,0
8948,2.3,1171,10.4,993,290,597,160.0,1208,841,25.0,23.4,0.7301,2005,3,18,14,0,0,0,0,0,1,0,0
8949,2.3,1264,12.9,1081,318,555,177.0,1323,951,25.9,21.9,0.7209,2005,3,18,15,0,0,0,0,0,1,0,0
8950,3.4,1301,15.1,1152,479,525,219.0,1343,1151,25.6,21.7,0.7039,2005,3,18,16,0,0,0,0,0,1,0,0
8951,3.7,1321,15.8,1175,494,525,212.0,1366,1279,25.1,21.8,0.6854,2005,3,18,17,0,0,0,0,0,1,0,0
8952,4.1,1343,20.1,1298,551,477,225.0,1495,1416,22.1,25.6,0.6728,2005,3,18,18,0,0,0,0,0,1,0,0
8954,5.3,1545,24.0,1403,571,407,223.0,1743,1821,16.7,42.5,0.8002,2005,3,18,20,0,0,0,0,0,1,0,0
8955,4.9,1477,18.3,1247,643,456,241.0,1562,1733,15.5,48.3,0.8439,2005,3,18,21,0,0,0,0,0,1,0,0
8956,2.0,1202,7.2,864,282,620,159.0,1255,1115,13.3,60.5,0.9168,2005,3,18,22,0,0,0,0,0,1,0,0
8957,1.9,1236,6.8,849,251,631,150.0,1274,1131,12.1,67.6,0.9539,2005,3,18,23,0,0,0,0,0,1,0,0
8958,2.2,1206,6.8,849,307,640,163.0,1245,1127,11.8,68.3,0.9432,2005,3,19,0,1,0,0,0,0,0,1,0
8959,1.9,1192,6.4,832,282,646,155.0,1253,1167,11.6,68.3,0.9314,2005,3,19,1,1,0,0,0,0,0,1,0
8960,1.1,1044,2.7,630,160,845,119.0,1099,809,11.8,67.9,0.9362,2005,3,19,2,1,0,0,0,0,0,1,0
8961,1.0,1053,2.9,648,125,808,94.0,1109,709,12.3,65.8,0.9374,2005,3,19,3,1,0,0,0,0,0,1,0
8962,0.9,1023,2.2,600,106,872,80.0,1089,575,12.2,66.9,0.9496,2005,3,19,4,1,0,0,0,0,0,1,0
8963,0.9,1005,2.5,620,111,846,83.0,1098,572,12.1,67.3,0.948,2005,3,19,5,1,0,0,0,0,0,1,0
8964,0.7,959,1.9,578,115,907,79.0,1079,546,11.8,67.1,0.9274,2005,3,19,6,1,0,0,0,0,0,1,0
8965,1.0,1049,3.6,686,156,793,96.0,1159,795,11.9,65.6,0.9129,2005,3,19,7,1,0,0,0,0,0,1,0
8966,2.0,1255,10.1,983,320,555,141.0,1439,1268,12.2,65.6,0.93,2005,3,19,8,1,0,0,0,0,0,1,0
8967,2.7,1285,10.9,1009,380,517,153.0,1452,1366,12.8,64.4,0.9448,2005,3,19,9,1,0,0,0,0,0,1,0
8968,2.5,1254,9.9,973,371,543,156.0,1403,1328,13.4,62.0,0.9498,2005,3,19,10,1,0,0,0,0,0,1,0
8969,2.4,1253,9.7,966,343,560,162.0,1378,1251,14.5,57.0,0.9333,2005,3,19,11,1,0,0,0,0,0,1,0
8970,2.2,1242,8.9,935,297,584,164.0,1327,1127,15.8,51.3,0.9144,2005,3,19,12,1,0,0,0,0,0,1,0
8971,2.1,1212,8.5,918,281,593,160.0,1308,1066,17.5,46.0,0.9104,2005,3,19,13,1,0,0,0,0,0,1,0
8972,1.8,1165,6.6,839,220,652,140.0,1214,867,19.5,40.2,0.901,2005,3,19,14,1,0,0,0,0,0,1,0
8973,1.4,1136,5.4,781,174,712,119.0,1169,691,21.2,35.9,0.8943,2005,3,19,15,1,0,0,0,0,0,1,0
8974,2.1,1233,8.7,926,260,617,153.0,1293,917,21.7,35.1,0.8993,2005,3,19,16,1,0,0,0,0,0,1,0
8975,1.7,1177,5.8,800,222,696,139.0,1191,748,20.5,38.4,0.9161,2005,3,19,17,1,0,0,0,0,0,1,0
8976,1.9,1223,7.6,883,266,614,156.0,1289,968,18.2,45.9,0.9488,2005,3,19,18,1,0,0,0,0,0,1,0
8977,2.7,1360,12.4,1063,387,507,183.0,1483,1420,16.2,53.0,0.9722,2005,3,19,19,1,0,0,0,0,0,1,0
8978,3.2,1435,14.7,1140,425,477,185.0,1550,1530,15.0,57.6,0.9777,2005,3,19,20,1,0,0,0,0,0,1,0
8979,3.3,1305,10.5,995,484,552,200.0,1402,1341,14.1,60.8,0.9716,2005,3,19,21,1,0,0,0,0,0,1,0
8980,2.3,1199,7.3,869,325,618,163.0,1306,1160,13.2,65.6,0.9882,2005,3,19,22,1,0,0,0,0,0,1,0
8981,1.9,1217,8.5,921,257,589,154.0,1336,1261,13.5,63.8,0.9797,2005,3,19,23,1,0,0,0,0,0,1,0
8982,1.9,1200,6.8,847,273,636,151.0,1297,1132,13.6,63.4,0.9794,2005,3,20,0,1,0,0,0,0,0,0,1
8983,1.9,1150,5.9,807,276,669,149.0,1243,1042,13.6,63.5,0.9857,2005,3,20,1,1,0,0,0,0,0,0,1
8984,1.5,1086,4.3,726,202,736,131.0,1192,848,13.4,64.8,0.988,2005,3,20,2,1,0,0,0,0,0,0,1
8985,1.1,1027,3.5,684,132,788,94.0,1149,666,13.2,64.8,0.9801,2005,3,20,3,1,0,0,0,0,0,0,1
8986,0.9500000000000001,993,2.8,640,85,848,66.0,1110,548,13.0,65.3,0.9704,2005,3,20,4,1,0,0,0,0,0,0,1
8987,0.8,985,2.4,610,87,851,69.0,1101,604,12.6,65.9,0.9583,2005,3,20,5,1,0,0,0,0,0,0,1
8988,0.6,934,1.6,552,70,966,57.0,1063,520,13.1,64.0,0.9591,2005,3,20,6,1,0,0,0,0,0,0,1
8989,0.7,977,2.7,631,113,859,78.0,1120,659,12.4,66.2,0.95,2005,3,20,7,1,0,0,0,0,0,0,1
8990,0.7,970,2.5,618,112,888,84.0,1095,611,13.3,62.4,0.946,2005,3,20,8,1,0,0,0,0,0,0,1
8991,1.0,1041,3.9,706,140,778,97.0,1178,756,14.0,59.7,0.9491,2005,3,20,9,1,0,0,0,0,0,0,1
8992,1.5,1144,6.2,821,214,651,123.0,1262,988,15.4,54.0,0.9385,2005,3,20,10,1,0,0,0,0,0,0,1
8993,2.4,1209,8.8,933,334,581,166.0,1329,1058,17.0,47.5,0.9146,2005,3,20,11,1,0,0,0,0,0,0,1
8994,1.6,1083,4.3,727,203,763,130.0,1135,636,18.6,42.6,0.904,2005,3,20,12,1,0,0,0,0,0,0,1
8995,1.2,1063,3.4,678,163,796,109.0,1107,522,21.5,35.0,0.8886,2005,3,20,13,1,0,0,0,0,0,0,1
8996,0.9,988,2.2,600,110,912,82.0,1033,415,21.3,35.6,0.8924,2005,3,20,14,1,0,0,0,0,0,0,1
8997,0.9,1060,3.6,686,107,830,73.0,1110,445,23.1,32.1,0.8973,2005,3,20,15,1,0,0,0,0,0,0,1
8998,1.1,1087,4.1,717,135,786,91.0,1112,515,22.1,34.5,0.9035,2005,3,20,16,1,0,0,0,0,0,0,1
8999,1.4,1153,5.7,798,187,715,109.0,1184,678,21.5,35.7,0.905,2005,3,20,17,1,0,0,0,0,0,0,1
9000,1.7,1167,6.6,838,240,660,128.0,1227,825,19.3,41.6,0.923,2005,3,20,18,1,0,0,0,0,0,0,1
9001,2.9,1370,12.7,1072,398,535,155.0,1428,1233,17.3,47.8,0.9363,2005,3,20,19,1,0,0,0,0,0,0,1
9002,4.0,1403,14.8,1142,585,492,176.0,1518,1419,16.0,54.9,0.9934,2005,3,20,20,1,0,0,0,0,0,0,1
9003,4.0,1364,12.3,1061,590,534,179.0,1436,1397,15.6,58.0,1.0197,2005,3,20,21,1,0,0,0,0,0,0,1
9004,1.9,1111,6.3,825,295,679,124.0,1238,975,14.8,61.3,1.025,2005,3,20,22,1,0,0,0,0,0,0,1
9005,1.5,1091,5.3,777,209,711,105.0,1217,891,13.8,63.4,0.9916,2005,3,20,23,1,0,0,0,0,0,0,1
9006,1.5,1107,5.3,777,183,697,99.0,1221,945,13.1,66.1,0.9913,2005,3,21,0,0,1,0,0,0,0,0,0
9007,1.6,1095,4.7,746,177,716,104.0,1217,916,13.3,66.4,1.0128,2005,3,21,1,0,1,0,0,0,0,0,0
9008,1.1,1027,3.3,673,126,794,95.0,1160,770,13.3,67.0,1.0207,2005,3,21,2,0,1,0,0,0,0,0,0
9009,0.8,996,2.7,631,100,845,81.0,1153,697,13.1,68.6,1.0288,2005,3,21,3,0,1,0,0,0,0,0,0
9010,0.7,955,2.0,582,83,902,68.0,1118,611,12.2,72.4,1.0224,2005,3,21,4,0,1,0,0,0,0,0,0
9011,0.6,947,1.6,553,84,944,69.0,1110,693,11.6,73.8,1.0054,2005,3,21,5,0,1,0,0,0,0,0,0
9012,0.7,1003,3.0,650,113,831,73.0,1158,750,12.9,67.5,0.999,2005,3,21,6,0,1,0,0,0,0,0,0
9013,1.3,1120,6.1,815,270,660,113.0,1291,1053,12.8,68.0,1.0023,2005,3,21,7,0,1,0,0,0,0,0,0
9014,3.2,1476,17.3,1219,487,459,141.0,1673,1561,13.5,63.9,0.9875,2005,3,21,8,0,1,0,0,0,0,0,0
9016,4.3,1403,15.4,1161,614,487,178.0,1576,1583,15.9,56.6,1.0147,2005,3,21,10,0,1,0,0,0,0,0,0
9017,2.6,1241,10.9,1011,395,545,163.0,1428,1274,18.3,49.4,1.0264,2005,3,21,11,0,1,0,0,0,0,0,0
9018,2.0,1176,8.4,914,310,621,143.0,1347,1083,19.8,44.2,1.0091,2005,3,21,12,0,1,0,0,0,0,0,0
9019,1.8,1160,7.1,862,259,636,127.0,1320,924,21.6,39.6,1.009,2005,3,21,13,0,1,0,0,0,0,0,0
9020,2.1,1224,10.0,977,251,571,131.0,1424,1002,23.3,35.8,1.0086,2005,3,21,14,0,1,0,0,0,0,0,0
9021,2.1,1175,8.2,906,261,616,135.0,1332,905,23.8,33.4,0.9699,2005,3,21,15,0,1,0,0,0,0,0,0
9022,2.0,1235,9.2,947,241,594,131.0,1362,923,22.8,35.3,0.9693,2005,3,21,16,0,1,0,0,0,0,0,0
9023,2.6,1288,12.4,1064,317,539,153.0,1446,1123,22.8,34.9,0.9576,2005,3,21,17,0,1,0,0,0,0,0,0
9024,4.5,1512,23.3,1386,505,425,198.0,1831,1602,20.9,39.3,0.9615,2005,3,21,18,0,1,0,0,0,0,0,0
9027,3.8,1315,14.3,1126,433,498,183.0,1537,1474,15.3,61.0,1.054,2005,3,21,21,0,1,0,0,0,0,0,0
9028,2.1,1155,8.2,909,252,604,144.0,1331,1244,14.2,65.4,1.0497,2005,3,21,22,0,1,0,0,0,0,0,0
9029,1.2,1033,4.9,759,154,735,117.0,1185,937,13.8,65.2,1.0275,2005,3,21,23,0,1,0,0,0,0,0,0
9030,1.3,1078,5.9,808,152,696,106.0,1221,891,13.3,65.6,0.9969,2005,3,22,0,0,0,1,0,0,0,0,0
9031,1.5,1069,5.7,799,181,682,121.0,1211,1044,12.6,67.9,0.9886,2005,3,22,1,0,0,1,0,0,0,0,0
9032,0.9,952,2.9,648,109,847,87.0,1107,792,12.8,64.5,0.9493,2005,3,22,2,0,0,1,0,0,0,0,0
9033,0.7,910,1.8,570,73,964,62.0,1060,670,12.8,63.6,0.936,2005,3,22,3,0,0,1,0,0,0,0,0
9034,0.5,878,1.2,517,83,1069,70.0,1046,689,12.0,65.2,0.9103,2005,3,22,4,0,0,1,0,0,0,0,0
9035,0.6,899,1.6,556,90,1001,66.0,1064,717,10.6,70.8,0.9033,2005,3,22,5,0,0,1,0,0,0,0,0
9036,0.7,939,2.5,620,151,905,88.0,1095,813,10.9,69.2,0.9033,2005,3,22,6,0,0,1,0,0,0,0,0
9037,0.9,1001,3.8,701,191,816,93.0,1130,891,10.3,70.9,0.8907,2005,3,22,7,0,0,1,0,0,0,0,0
9038,2.2,1303,13.5,1102,403,536,116.0,1488,1323,11.8,66.3,0.9174,2005,3,22,8,0,0,1,0,0,0,0,0
9039,4.7,1557,27.8,1499,555,381,151.0,1945,1817,14.1,58.9,0.9447,2005,3,22,9,0,0,1,0,0,0,0,0
9040,4.5,1402,18.8,1263,551,446,169.0,1640,1723,16.5,51.6,0.9601,2005,3,22,10,0,0,1,0,0,0,0,0
9041,3.1,1380,15.7,1170,473,477,166.0,1566,1656,20.2,42.1,0.984,2005,3,22,11,0,0,1,0,0,0,0,0
9042,2.8,1350,15.6,1168,388,475,160.0,1564,1539,21.7,39.0,0.9979,2005,3,22,12,0,0,1,0,0,0,0,0
9043,2.4,1283,12.3,1061,296,525,145.0,1434,1294,23.5,35.0,0.9977,2005,3,22,13,0,0,1,0,0,0,0,0
9044,2.5,1293,12.4,1064,283,522,131.0,1446,1229,23.5,34.2,0.9748,2005,3,22,14,0,0,1,0,0,0,0,0
9045,2.0,1197,9.1,943,256,599,130.0,1294,951,25.5,28.3,0.9124,2005,3,22,15,0,0,1,0,0,0,0,0
9046,1.7,1142,8.6,924,234,629,122.0,1236,819,25.5,24.7,0.7928,2005,3,22,16,0,0,1,0,0,0,0,0
9047,1.7,1147,8.4,914,215,633,113.0,1233,801,22.9,29.2,0.8055,2005,3,22,17,0,0,1,0,0,0,0,0
9048,3.3,1448,20.9,1322,454,447,156.0,1655,1492,21.3,32.9,0.8209,2005,3,22,18,0,0,1,0,0,0,0,0
9049,4.5,1487,21.9,1350,605,418,198.0,1698,1692,20.1,42.4,0.988,2005,3,22,19,0,0,1,0,0,0,0,0
9051,4.3,1282,11.0,1013,354,545,141.0,1384,1287,17.4,50.6,0.9989,2005,3,22,21,0,0,1,0,0,0,0,0
9052,3.0,1147,6.8,848,195,636,101.0,1289,938,16.4,57.2,1.0574,2005,3,22,22,0,0,1,0,0,0,0,0
9053,2.8,1130,6.3,828,161,645,102.0,1283,973,16.3,59.4,1.0895,2005,3,22,23,0,0,1,0,0,0,0,0
9054,2.7,1154,6.2,822,187,656,119.0,1285,1087,16.0,60.2,1.0844,2005,3,23,0,0,0,0,1,0,0,0,0
9055,2.4,1049,3.5,683,156,782,110.0,1190,796,15.6,61.6,1.0859,2005,3,23,1,0,0,0,1,0,0,0,0
9056,2.2,1056,3.3,672,116,769,87.0,1184,830,15.4,62.0,1.0793,2005,3,23,2,0,0,0,1,0,0,0,0
9057,2.0,1011,2.5,622,83,827,66.0,1158,703,15.2,63.5,1.0881,2005,3,23,3,0,0,0,1,0,0,0,0
9058,1.25,993,2.3,604,85,848,65.0,1160,762,14.5,66.4,1.0919,2005,3,23,4,0,0,0,1,0,0,0,0
9059,0.5,976,1.8,568,78,891,63.0,1143,705,15.0,64.8,1.1007,2005,3,23,5,0,0,0,1,0,0,0,0
9060,0.7,1050,3.6,690,127,761,71.0,1223,867,14.2,68.3,1.0988,2005,3,23,6,0,0,0,1,0,0,0,0
9061,1.2,1143,6.1,818,279,646,103.0,1316,1122,14.0,68.6,1.0918,2005,3,23,7,0,0,0,1,0,0,0,0
9062,3.9,1606,22.3,1360,649,396,144.0,1895,1771,15.4,63.4,1.1045,2005,3,23,8,0,0,0,1,0,0,0,0
9063,4.9,1592,27.0,1478,593,360,158.0,1975,1874,17.8,53.3,1.0736,2005,3,23,9,0,0,0,1,0,0,0,0
9064,4.6,1510,19.5,1282,584,419,169.0,1726,1812,19.4,47.5,1.061,2005,3,23,10,0,0,0,1,0,0,0,0
9065,3.4,1421,15.8,1172,563,474,184.0,1513,1726,21.4,38.7,0.9724,2005,3,23,11,0,0,0,1,0,0,0,0
9066,2.0,1169,10.3,987,337,596,143.0,1285,1184,22.9,29.3,0.8077,2005,3,23,12,0,0,0,1,0,0,0,0
9067,1.9,1187,11.0,1014,272,578,133.0,1315,1131,24.2,26.5,0.7869,2005,3,23,13,0,0,0,1,0,0,0,0
9068,2.4,1171,11.9,1045,322,570,141.0,1291,1149,24.5,23.1,0.6968,2005,3,23,14,0,0,0,1,0,0,0,0
9069,2.4,1175,11.7,1040,362,582,153.0,1268,1185,23.1,22.8,0.6346,2005,3,23,15,0,0,0,1,0,0,0,0
9070,2.2,1216,12.0,1050,361,564,149.0,1311,1244,23.3,23.8,0.6738,2005,3,23,16,0,0,0,1,0,0,0,0
9071,2.5,1239,12.3,1062,431,558,159.0,1299,1380,23.2,23.3,0.6562,2005,3,23,17,0,0,0,1,0,0,0,0
9072,3.9,1463,23.2,1383,545,440,181.0,1636,1727,22.7,25.5,0.6944,2005,3,23,18,0,0,0,1,0,0,0,0
9075,3.9,1445,18.8,1263,551,464,194.0,1500,1844,18.8,37.3,0.8031,2005,3,23,21,0,0,0,1,0,0,0,0
9076,2.4,1293,12.1,1052,393,536,172.0,1332,1593,17.7,39.7,0.799,2005,3,23,22,0,0,0,1,0,0,0,0
9077,2.3,1354,13.0,1084,369,502,158.0,1380,1651,16.7,45.2,0.8506,2005,3,23,23,0,0,0,1,0,0,0,0
9078,1.9,1251,9.9,973,314,559,144.0,1277,1482,15.9,47.0,0.8434,2005,3,24,0,0,0,0,0,1,0,0,0
9079,1.7,1222,8.1,902,294,590,133.0,1256,1384,15.1,50.2,0.8543,2005,3,24,1,0,0,0,0,1,0,0,0
9080,0.9,1044,3.8,702,165,746,109.0,1099,1101,15.3,49.2,0.8493,2005,3,24,2,0,0,0,0,1,0,0,0
9081,0.7,1006,3.1,659,143,791,94.0,1082,999,13.1,56.1,0.8416,2005,3,24,3,0,0,0,0,1,0,0,0
9082,0.5,953,2.0,583,93,889,73.0,1043,895,13.3,54.4,0.8287,2005,3,24,4,0,0,0,0,1,0,0,0
9083,0.4,959,2.2,598,111,878,76.0,1045,904,12.4,58.3,0.8364,2005,3,24,5,0,0,0,0,1,0,0,0
9084,0.4,949,2.3,607,105,884,74.0,1043,851,12.9,56.0,0.8292,2005,3,24,6,0,0,0,0,1,0,0,0
9085,0.7,1073,4.9,760,173,727,73.0,1128,1052,11.9,59.6,0.8294,2005,3,24,7,0,0,0,0,1,0,0,0
9086,3.1,1499,19.8,1291,541,444,107.0,1653,1609,13.4,55.1,0.8444,2005,3,24,8,0,0,0,0,1,0,0,0
9087,3.4,1404,15.0,1149,581,469,115.0,1523,1614,16.1,46.4,0.8436,2005,3,24,9,0,0,0,0,1,0,0,0
9088,3.5,1465,18.1,1241,591,434,132.0,1572,1774,17.9,42.2,0.8557,2005,3,24,10,0,0,0,0,1,0,0,0
9089,3.2,1474,15.3,1158,653,469,155.0,1476,1802,18.2,43.2,0.8926,2005,3,24,11,0,0,0,0,1,0,0,0
9091,3.3,1590,17.3,1219,602,410,147.0,1677,1830,17.6,59.7,1.188,2005,3,24,13,0,0,0,0,1,0,0,0
9092,3.0,1422,14.1,1120,489,476,161.0,1525,1696,20.9,43.4,1.0618,2005,3,24,14,0,0,0,0,1,0,0,0
9093,2.0,1273,10.3,988,288,563,123.0,1387,1257,24.1,33.3,0.9881,2005,3,24,15,0,0,0,0,1,0,0,0
9094,2.3,1296,11.0,1014,323,543,142.0,1401,1305,22.9,35.2,0.9694,2005,3,24,16,0,0,0,0,1,0,0,0
9095,2.2,1247,10.3,989,301,557,143.0,1383,1183,22.2,36.2,0.956,2005,3,24,17,0,0,0,0,1,0,0,0
9096,2.7,1359,14.6,1135,335,505,153.0,1500,1347,21.3,37.8,0.9462,2005,3,24,18,0,0,0,0,1,0,0,0
9100,4.0,1549,17.8,1233,590,424,175.0,1648,1804,17.4,57.3,1.1288,2005,3,24,22,0,0,0,0,1,0,0,0
9101,2.7,1385,11.9,1045,449,496,159.0,1462,1572,17.0,56.6,1.0902,2005,3,24,23,0,0,0,0,1,0,0,0
9102,2.0,1320,9.3,950,316,542,135.0,1428,1426,16.2,66.3,1.208,2005,3,25,0,0,0,0,0,0,1,0,0
9103,1.5,1205,6.3,828,239,622,128.0,1344,1170,15.3,73.3,1.2655,2005,3,25,1,0,0,0,0,0,1,0,0
9104,1.0,1099,4.0,709,165,727,109.0,1263,1000,15.2,73.3,1.2556,2005,3,25,2,0,0,0,0,0,1,0,0
9105,1.0,1106,4.1,715,152,714,101.0,1279,949,13.9,80.4,1.2694,2005,3,25,3,0,0,0,0,0,1,0,0
9106,0.9,1099,4.1,718,144,714,96.0,1300,905,13.6,82.8,1.2817,2005,3,25,4,0,0,0,0,0,1,0,0
9107,0.8,1042,3.3,671,126,754,87.0,1255,845,13.7,82.0,1.277,2005,3,25,5,0,0,0,0,0,1,0,0
9108,0.6,980,2.5,621,132,858,81.0,1190,692,13.7,78.0,1.2174,2005,3,25,6,0,0,0,0,0,1,0,0
9109,1.0,1138,5.4,782,228,705,100.0,1321,926,14.1,75.5,1.2065,2005,3,25,7,0,0,0,0,0,1,0,0
9110,3.2,1517,17.4,1222,580,437,146.0,1750,1470,14.8,73.6,1.2331,2005,3,25,8,0,0,0,0,0,1,0,0
9111,4.3,1537,22.9,1374,564,384,158.0,1941,1660,16.0,67.8,1.2276,2005,3,25,9,0,0,0,0,0,1,0,0
9112,2.7,1296,11.1,1017,369,526,136.0,1494,1360,18.4,59.2,1.2398,2005,3,25,10,0,0,0,0,0,1,0,0
9113,1.6,1255,9.5,958,260,579,117.0,1420,1215,20.4,50.5,1.1954,2005,3,25,11,0,0,0,0,0,1,0,0
9114,1.4,1367,13.6,1105,371,503,140.0,1578,1391,21.3,46.6,1.1628,2005,3,25,12,0,0,0,0,0,1,0,0
9115,2.3,1473,17.0,1210,513,462,169.0,1686,1521,20.4,49.8,1.1765,2005,3,25,13,0,0,0,0,0,1,0,0
9116,2.1,1422,15.8,1175,471,474,163.0,1647,1483,21.1,47.8,1.1813,2005,3,25,14,0,0,0,0,0,1,0,0
9117,1.4,1378,14.3,1125,378,502,144.0,1601,1380,21.5,47.8,1.206,2005,3,25,15,0,0,0,0,0,1,0,0
9118,3.4,1446,17.5,1224,445,471,153.0,1706,1450,21.7,47.4,1.2184,2005,3,25,16,0,0,0,0,0,1,0,0
9119,3.8,1473,17.8,1235,483,468,164.0,1702,1519,21.0,49.8,1.2208,2005,3,25,17,0,0,0,0,0,1,0,0
9120,4.9,1619,24.3,1411,530,417,174.0,1908,1684,20.4,51.9,1.2261,2005,3,25,18,0,0,0,0,0,1,0,0
9122,5.5,1605,23.7,1397,604,420,189.0,1891,1710,18.8,58.3,1.2514,2005,3,25,20,0,0,0,0,0,1,0,0
9123,3.9,1460,16.7,1201,486,466,155.0,1685,1591,18.2,61.0,1.2634,2005,3,25,21,0,0,0,0,0,1,0,0
9124,3.1,1407,14.0,1117,402,486,137.0,1596,1521,17.7,63.3,1.2729,2005,3,25,22,0,0,0,0,0,1,0,0
9125,2.0,1286,10.1,982,268,550,117.0,1458,1353,17.7,63.5,1.27,2005,3,25,23,0,0,0,0,0,1,0,0
9126,2.5,1372,12.1,1054,350,504,128.0,1534,1463,17.1,66.9,1.2926,2005,3,26,0,1,0,0,0,0,0,1,0
9127,2.2,1312,10.5,995,312,527,124.0,1488,1447,16.8,69.0,1.3135,2005,3,26,1,1,0,0,0,0,0,1,0
9128,1.5,1205,7.2,867,243,601,108.0,1361,1294,16.6,70.0,1.3078,2005,3,26,2,1,0,0,0,0,0,1,0
9129,1.2,1167,6.4,829,202,622,89.0,1360,1172,16.1,71.3,1.2955,2005,3,26,3,1,0,0,0,0,0,1,0
9130,1.0,1122,6.0,811,181,641,92.0,1336,1122,16.2,71.2,1.3013,2005,3,26,4,1,0,0,0,0,0,1,0
9131,0.8,1126,5.3,779,139,663,84.0,1309,1103,16.3,69.8,1.2853,2005,3,26,5,1,0,0,0,0,0,1,0
9132,0.1,1121,4.9,757,156,672,83.0,1293,1113,16.1,70.0,1.2739,2005,3,26,6,1,0,0,0,0,0,1,0
9133,1.1,1135,5.7,797,175,651,80.0,1325,1109,16.1,69.5,1.2623,2005,3,26,7,1,0,0,0,0,0,1,0
9134,1.7,1248,9.0,939,281,565,93.0,1458,1229,16.5,68.1,1.2653,2005,3,26,8,1,0,0,0,0,0,1,0
9135,2.1,1325,10.9,1010,322,513,106.0,1522,1404,17.4,65.0,1.2775,2005,3,26,9,1,0,0,0,0,0,1,0
9136,2.3,1347,10.6,1000,369,510,115.0,1490,1450,18.4,60.2,1.2623,2005,3,26,10,1,0,0,0,0,0,1,0
9137,2.1,1317,9.3,952,366,541,124.0,1443,1393,19.1,57.5,1.2569,2005,3,26,11,1,0,0,0,0,0,1,0
9138,1.9,1243,8.3,912,301,579,113.0,1406,1227,21.2,48.4,1.2028,2005,3,26,12,1,0,0,0,0,0,1,0
9139,1.7,1169,6.6,841,232,623,104.0,1361,1040,22.3,43.9,1.1695,2005,3,26,13,1,0,0,0,0,0,1,0
9140,1.3,1085,5.1,769,156,711,85.0,1264,820,23.7,39.4,1.1366,2005,3,26,14,1,0,0,0,0,0,1,0
9141,1.3,1177,7.9,896,169,616,94.0,1374,1011,23.1,41.2,1.1523,2005,3,26,15,1,0,0,0,0,0,1,0
9142,1.6,1207,7.7,888,203,611,99.0,1382,1042,25.7,35.7,1.1626,2005,3,26,16,1,0,0,0,0,0,1,0
9143,2.2,1269,10.7,1005,260,553,112.0,1463,1136,24.3,38.4,1.1503,2005,3,26,17,1,0,0,0,0,0,1,0
9144,2.3,1205,10.5,996,289,559,122.0,1456,1101,21.9,45.1,1.1687,2005,3,26,18,1,0,0,0,0,0,1,0
9145,2.2,1218,10.9,1009,273,553,119.0,1486,1108,19.7,51.8,1.1779,2005,3,26,19,1,0,0,0,0,0,1,0
9146,2.0,1183,8.4,914,263,604,119.0,1387,1078,18.7,54.5,1.1644,2005,3,26,20,1,0,0,0,0,0,1,0
9147,2.3,1242,10.0,978,295,564,127.0,1449,1210,17.8,58.1,1.1742,2005,3,26,21,1,0,0,0,0,0,1,0
9148,2.2,1263,10.3,990,303,553,126.0,1465,1270,17.3,60.8,1.1885,2005,3,26,22,1,0,0,0,0,0,1,0
9149,1.6,1139,7.2,865,209,625,111.0,1362,1119,16.5,63.8,1.1873,2005,3,26,23,1,0,0,0,0,0,1,0
9150,1.6,1166,6.4,829,200,632,102.0,1338,1133,16.3,65.2,1.1982,2005,3,27,0,1,0,0,0,0,0,0,1
9151,1.3,1079,4.3,727,174,724,93.0,1275,1010,16.5,63.8,1.1896,2005,3,27,1,1,0,0,0,0,0,0,1
9152,1.0,1008,3.3,669,115,791,78.0,1241,894,16.6,63.0,1.1784,2005,3,27,2,1,0,0,0,0,0,0,1
9153,1.0,1034,3.9,707,122,740,74.0,1267,930,16.2,64.3,1.1729,2005,3,27,3,1,0,0,0,0,0,0,1
9154,1.0,1001,3.4,675,105,778,68.0,1260,861,15.9,65.1,1.1654,2005,3,27,4,1,0,0,0,0,0,0,1
9155,0.8,977,2.3,605,102,852,68.0,1212,841,15.8,65.4,1.1629,2005,3,27,5,1,0,0,0,0,0,0,1
9156,0.7,986,2.3,602,96,878,61.0,1211,851,15.8,65.9,1.1792,2005,3,27,6,1,0,0,0,0,0,0,1
9157,1.1,1082,4.2,720,144,697,76.0,1297,960,15.6,67.7,1.1911,2005,3,27,7,1,0,0,0,0,0,0,1
9158,1.1,1068,3.6,688,152,725,78.0,1289,926,15.2,71.5,1.2228,2005,3,27,8,1,0,0,0,0,0,0,1
9159,1.1,1136,4.4,733,156,692,79.0,1344,901,14.5,80.8,1.3224,2005,3,27,9,1,0,0,0,0,0,0,1
9160,1.4,1184,4.6,743,208,672,90.0,1369,915,15.2,81.4,1.393,2005,3,27,10,1,0,0,0,0,0,0,1
9161,1.3,1179,4.5,738,174,680,89.0,1335,956,15.9,77.3,1.3838,2005,3,27,11,1,0,0,0,0,0,0,1
9162,1.5,1182,5.0,761,206,677,97.0,1338,1019,17.5,67.1,1.3342,2005,3,27,12,1,0,0,0,0,0,0,1
9163,1.3,1082,3.8,700,160,759,91.0,1286,842,18.1,62.8,1.2916,2005,3,27,13,1,0,0,0,0,0,0,1
9164,0.8,996,2.5,620,91,820,62.0,1238,612,18.6,62.1,1.3224,2005,3,27,14,1,0,0,0,0,0,0,1
9165,0.9,1024,2.7,630,106,862,66.0,1240,544,16.2,71.9,1.3171,2005,3,27,15,1,0,0,0,0,0,0,1
9166,1.4,1093,3.5,682,199,797,104.0,1256,638,15.4,75.2,1.3024,2005,3,27,16,1,0,0,0,0,0,0,1
9167,1.8,1170,4.9,756,299,713,126.0,1341,793,14.4,80.8,1.3182,2005,3,27,17,1,0,0,0,0,0,0,1
9168,1.6,1153,4.4,734,272,712,122.0,1324,811,13.8,83.5,1.3154,2005,3,27,18,1,0,0,0,0,0,0,1
9169,1.8,1220,5.7,796,285,652,121.0,1367,896,13.9,83.6,1.3208,2005,3,27,19,1,0,0,0,0,0,0,1
9170,2.1,1218,6.3,825,307,627,126.0,1393,978,14.2,82.3,1.3219,2005,3,27,20,1,0,0,0,0,0,0,1
9171,1.9,1172,6.0,810,237,637,115.0,1376,964,14.1,81.4,1.3046,2005,3,27,21,1,0,0,0,0,0,0,1
9172,1.7,1182,6.0,812,244,650,116.0,1368,993,14.4,79.0,1.2917,2005,3,27,22,1,0,0,0,0,0,0,1
9173,1.9,1160,5.6,794,284,658,120.0,1356,966,14.6,77.7,1.2834,2005,3,27,23,1,0,0,0,0,0,0,1
9174,1.6,1106,4.3,728,221,722,111.0,1309,885,14.4,78.6,1.2839,2005,3,28,0,0,1,0,0,0,0,0,0
9175,1.2,1031,3.0,652,173,803,101.0,1256,775,14.4,78.0,1.2741,2005,3,28,1,0,1,0,0,0,0,0,0
9176,1.0,1015,2.8,640,144,821,92.0,1247,738,14.1,79.1,1.2665,2005,3,28,2,0,1,0,0,0,0,0,0
9177,1.0,1003,2.7,635,117,829,78.0,1235,711,13.7,80.6,1.2528,2005,3,28,3,0,1,0,0,0,0,0,0
9178,0.8,951,2.0,583,89,905,63.0,1212,624,13.9,79.6,1.2616,2005,3,28,4,0,1,0,0,0,0,0,0
9179,0.6,938,1.9,575,97,955,63.0,1195,585,13.8,79.0,1.2425,2005,3,28,5,0,1,0,0,0,0,0,0
9180,0.6,933,1.9,574,95,937,63.0,1201,646,13.9,78.0,1.2346,2005,3,28,6,0,1,0,0,0,0,0,0
9181,1.0,1010,3.1,656,166,815,84.0,1260,809,14.1,77.8,1.2445,2005,3,28,7,0,1,0,0,0,0,0,0
9182,1.0,1025,3.4,675,160,798,89.0,1257,828,15.0,73.2,1.2413,2005,3,28,8,0,1,0,0,0,0,0,0
9183,1.3,1086,4.9,756,176,700,101.0,1308,894,16.4,67.3,1.2451,2005,3,28,9,0,1,0,0,0,0,0,0
9184,1.5,1111,5.2,773,216,690,115.0,1331,915,17.8,61.7,1.2436,2005,3,28,10,0,1,0,0,0,0,0,0
9185,1.6,1129,5.5,788,220,692,111.0,1305,920,20.8,50.4,1.2213,2005,3,28,11,0,1,0,0,0,0,0,0
9186,1.4,1097,4.2,721,183,746,96.0,1266,807,21.6,46.8,1.1959,2005,3,28,12,0,1,0,0,0,0,0,0
9187,1.4,1029,3.3,670,154,800,87.0,1223,678,23.1,41.3,1.1506,2005,3,28,13,0,1,0,0,0,0,0,0
9188,1.2,1071,4.8,752,132,736,81.0,1289,668,23.6,39.4,1.132,2005,3,28,14,0,1,0,0,0,0,0,0
9189,1.3,1053,4.2,721,140,764,85.0,1216,617,25.1,34.0,1.068,2005,3,28,15,0,1,0,0,0,0,0,0
9190,1.4,1055,3.7,693,186,789,98.0,1203,598,24.7,35.6,1.0882,2005,3,28,16,0,1,0,0,0,0,0,0
9191,1.6,1176,6.2,822,213,704,109.0,1294,778,24.2,38.1,1.1357,2005,3,28,17,0,1,0,0,0,0,0,0
9192,2.8,1293,9.7,965,376,589,150.0,1399,1062,22.7,42.4,1.154,2005,3,28,18,0,1,0,0,0,0,0,0
9193,3.7,1307,12.4,1063,508,554,175.0,1432,1224,19.6,47.8,1.0781,2005,3,28,19,0,1,0,0,0,0,0,0
9194,2.9,1163,9.4,954,388,600,157.0,1369,1118,17.6,54.4,1.0839,2005,3,28,20,0,1,0,0,0,0,0,0
9195,1.8,1103,7.1,861,250,660,130.0,1310,964,16.2,60.6,1.1089,2005,3,28,21,0,1,0,0,0,0,0,0
9196,1.6,1120,6.1,817,232,669,120.0,1310,1050,15.2,65.8,1.1288,2005,3,28,22,0,1,0,0,0,0,0,0
9197,1.7,1107,6.0,810,229,677,114.0,1311,1016,14.5,68.9,1.1298,2005,3,28,23,0,1,0,0,0,0,0,0
9198,1.5,1078,5.0,766,184,692,100.0,1269,998,14.3,68.5,1.1122,2005,3,29,0,0,0,1,0,0,0,0,0
9199,1.0,963,2.9,646,117,834,83.0,1181,846,14.7,66.4,1.1006,2005,3,29,1,0,0,1,0,0,0,0,0
9200,0.8,923,2.2,596,103,908,72.0,1148,762,13.4,70.4,1.0793,2005,3,29,2,0,0,1,0,0,0,0,0
9201,0.5,853,1.0,502,66,1117,51.0,1087,592,14.2,65.1,1.0495,2005,3,29,3,0,0,1,0,0,0,0,0
9202,0.5,883,1.3,530,63,997,46.0,1102,617,13.7,68.2,1.0611,2005,3,29,4,0,0,1,0,0,0,0,0
9203,0.5,921,1.9,575,95,956,58.0,1143,672,13.7,67.8,1.0575,2005,3,29,5,0,0,1,0,0,0,0,0
9204,1.0,1031,4.7,748,188,738,86.0,1245,890,12.9,71.8,1.0657,2005,3,29,6,0,0,1,0,0,0,0,0
9205,3.0,1371,16.0,1180,527,472,122.0,1632,1354,13.2,69.9,1.0543,2005,3,29,7,0,0,1,0,0,0,0,0
9206,5.1,1519,26.3,1461,623,370,140.0,2005,1648,14.4,65.8,1.0727,2005,3,29,8,0,0,1,0,0,0,0,0
9207,4.3,1409,18.8,1262,606,434,146.0,1709,1566,15.3,63.3,1.092,2005,3,29,9,0,0,1,0,0,0,0,0
9208,3.3,1303,14.4,1128,460,489,152.0,1573,1541,17.7,55.6,1.112,2005,3,29,10,0,0,1,0,0,0,0,0
9209,2.4,1184,10.0,978,346,567,147.0,1425,1226,19.6,49.4,1.1176,2005,3,29,11,0,0,1,0,0,0,0,0
9210,2.4,1202,12.1,1052,296,519,134.0,1525,1126,18.1,58.3,1.2013,2005,3,29,12,0,0,1,0,0,0,0,0
9211,2.5,1197,11.7,1040,321,530,136.0,1519,1147,18.0,57.9,1.1826,2005,3,29,13,0,0,1,0,0,0,0,0
9212,2.3,1234,12.0,1049,312,523,142.0,1516,1190,18.6,55.0,1.1696,2005,3,29,14,0,0,1,0,0,0,0,0
9213,2.7,1247,12.3,1059,355,508,153.0,1550,1212,18.3,57.9,1.2047,2005,3,29,15,0,0,1,0,0,0,0,0
9214,2.7,1234,12.3,1060,349,509,153.0,1504,1251,18.3,54.8,1.1403,2005,3,29,16,0,0,1,0,0,0,0,0
9215,3.3,1339,16.7,1200,385,457,155.0,1671,1404,18.3,53.9,1.1252,2005,3,29,17,0,0,1,0,0,0,0,0
9216,3.9,1331,15.3,1160,456,474,181.0,1598,1419,18.5,54.6,1.1515,2005,3,29,18,0,0,1,0,0,0,0,0
9217,2.6,1251,13.4,1097,306,502,151.0,1541,1328,17.1,61.5,1.191,2005,3,29,19,0,0,1,0,0,0,0,0
9218,3.2,1267,13.5,1102,402,498,159.0,1545,1378,16.4,62.5,1.1531,2005,3,29,20,0,0,1,0,0,0,0,0
9219,2.3,1145,9.0,938,340,591,151.0,1376,1159,15.2,64.2,1.0983,2005,3,29,21,0,0,1,0,0,0,0,0
9220,1.4,1010,4.8,752,206,740,127.0,1218,932,14.6,67.3,1.1102,2005,3,29,22,0,0,1,0,0,0,0,0
9221,1.1,1025,5.0,761,158,745,107.0,1237,942,13.5,70.8,1.0928,2005,3,29,23,0,0,1,0,0,0,0,0
9222,1.2,1024,4.9,759,178,721,101.0,1224,944,13.0,71.9,1.0697,2005,3,30,0,0,0,0,1,0,0,0,0
9223,0.9,938,3.4,679,118,829,80.0,1144,798,13.0,70.2,1.0457,2005,3,30,1,0,0,0,1,0,0,0,0
9224,0.7,905,2.4,615,95,885,68.0,1104,776,11.6,74.9,1.0224,2005,3,30,2,0,0,0,1,0,0,0,0
9225,0.5,826,1.1,512,84,1108,61.0,1043,636,12.5,67.4,0.9722,2005,3,30,3,0,0,0,1,0,0,0,0
9226,0.4,879,1.4,539,82,1045,56.0,1073,678,11.5,71.5,0.9684,2005,3,30,4,0,0,0,1,0,0,0,0
9227,0.5,901,2.1,589,122,933,70.0,1109,754,10.2,77.9,0.9692,2005,3,30,5,0,0,0,1,0,0,0,0
9228,0.8,948,3.8,702,146,801,78.0,1164,818,11.0,73.1,0.9554,2005,3,30,6,0,0,0,1,0,0,0,0
9229,2.3,1250,12.6,1069,397,532,106.0,1457,1202,10.7,73.6,0.9439,2005,3,30,7,0,0,0,1,0,0,0,0
9230,2.9,1263,14.7,1138,371,503,117.0,1533,1296,12.1,67.3,0.9499,2005,3,30,8,0,0,0,1,0,0,0,0
9231,3.1,1319,15.5,1164,454,489,144.0,1543,1418,15.1,58.6,0.9982,2005,3,30,9,0,0,0,1,0,0,0,0
9232,2.7,1202,12.1,1055,433,534,158.0,1458,1293,18.6,49.5,1.052,2005,3,30,10,0,0,0,1,0,0,0,0
9233,1.8,1109,7.9,896,287,629,137.0,1308,1027,20.9,42.5,1.037,2005,3,30,11,0,0,0,1,0,0,0,0
9234,1.9,1136,9.6,962,265,594,130.0,1350,1052,23.6,34.8,0.9986,2005,3,30,12,0,0,0,1,0,0,0,0
9235,1.8,1082,8.3,910,225,629,125.0,1301,875,25.6,28.5,0.9199,2005,3,30,13,0,0,0,1,0,0,0,0
9236,1.8,1070,9.2,947,210,609,124.0,1292,815,26.1,26.3,0.875,2005,3,30,14,0,0,0,1,0,0,0,0
9237,1.8,1070,8.4,917,215,633,125.0,1252,760,26.6,24.9,0.8525,2005,3,30,15,0,0,0,1,0,0,0,0
9238,1.7,1123,9.2,945,227,623,135.0,1303,856,25.1,28.5,0.8932,2005,3,30,16,0,0,0,1,0,0,0,0
9239,3.2,1271,16.1,1183,403,493,179.0,1498,1258,24.1,32.1,0.9504,2005,3,30,17,0,0,0,1,0,0,0,0
9240,3.4,1304,17.1,1212,444,476,183.0,1585,1383,21.5,39.1,0.9914,2005,3,30,18,0,0,0,1,0,0,0,0
9241,4.2,1360,19.9,1295,475,451,193.0,1639,1518,19.3,46.2,1.023,2005,3,30,19,0,0,0,1,0,0,0,0
9242,3.5,1278,14.9,1147,438,505,185.0,1536,1890,18.2,52.6,1.0911,2005,3,30,20,0,0,0,1,0,0,0,0
9243,2.0,1130,8.8,933,254,608,147.0,1373,1389,16.8,58.2,1.1022,2005,3,30,21,0,0,0,1,0,0,0,0
9244,1.4,1066,5.8,802,172,689,117.0,1282,1090,16.0,61.9,1.115,2005,3,30,22,0,0,0,1,0,0,0,0
9245,1.5,1090,6.6,841,174,661,112.0,1317,1092,15.3,65.4,1.126,2005,3,30,23,0,0,0,1,0,0,0,0
9246,1.2,1013,4.8,754,146,729,101.0,1245,954,14.5,67.8,1.1171,2005,3,31,0,0,0,0,0,1,0,0,0
9247,1.1,998,4.1,718,134,757,93.0,1230,951,14.2,68.6,1.1068,2005,3,31,1,0,0,0,0,1,0,0,0
9248,0.7,923,2.5,616,83,874,64.0,1169,790,13.9,68.7,1.0892,2005,3,31,2,0,0,0,0,1,0,0,0
9249,0.6,904,1.7,565,81,942,61.0,1144,752,13.1,72.5,1.0911,2005,3,31,3,0,0,0,0,1,0,0,0
9250,0.5,884,1.6,556,73,965,54.0,1135,708,12.9,72.7,1.076,2005,3,31,4,0,0,0,0,1,0,0,0
9251,0.6,936,2.6,628,104,876,64.0,1173,782,12.3,74.2,1.0583,2005,3,31,5,0,0,0,0,1,0,0,0
9252,0.9,1068,6.1,816,191,681,80.0,1264,1011,12.6,71.5,1.038,2005,3,31,6,0,0,0,0,1,0,0,0
9254,4.1,1184,10.9,1012,547,567,170.0,1397,1341,16.8,51.6,0.9818,2005,3,31,8,0,0,0,0,1,0,0,0
9255,1.9,1064,6.8,848,275,692,139.0,1212,1014,20.3,40.1,0.9439,2005,3,31,9,0,0,0,0,1,0,0,0
9256,1.3,996,4.9,759,200,773,124.0,1119,751,21.0,37.3,0.9139,2005,3,31,10,0,0,0,0,1,0,0,0
9257,1.2,984,4.2,724,185,810,118.0,1088,630,21.0,36.9,0.9089,2005,3,31,11,0,0,0,0,1,0,0,0
9258,1.2,980,4.3,728,164,808,108.0,1098,565,22.8,33.0,0.904,2005,3,31,12,0,0,0,0,1,0,0,0
9259,1.2,970,4.0,710,150,833,100.0,1094,535,24.0,30.3,0.8925,2005,3,31,13,0,0,0,0,1,0,0,0
9260,0.9,940,3.1,656,134,913,91.0,1052,471,22.6,33.2,0.9007,2005,3,31,14,0,0,0,0,1,0,0,0
9261,1.0,963,3.7,691,128,857,89.0,1075,512,22.5,32.9,0.8846,2005,3,31,15,0,0,0,0,1,0,0,0
9262,1.1,961,3.8,702,150,849,102.0,1070,527,21.5,33.8,0.8575,2005,3,31,16,0,0,0,0,1,0,0,0
9263,1.5,1067,6.5,836,171,713,114.0,1206,690,21.4,36.4,0.9172,2005,3,31,17,0,0,0,0,1,0,0,0
9264,2.1,1084,7.2,866,204,682,124.0,1219,778,20.0,38.9,0.8974,2005,3,31,18,0,0,0,0,1,0,0,0
9265,2.1,1102,8.3,912,215,647,136.0,1287,872,17.8,45.2,0.9123,2005,3,31,19,0,0,0,0,1,0,0,0
9266,1.5,976,4.4,731,156,787,118.0,1095,622,16.3,47.3,0.8686,2005,3,31,20,0,0,0,0,1,0,0,0
9267,1.0,895,2.3,607,114,944,93.0,1012,512,16.3,44.8,0.8244,2005,3,31,21,0,0,0,0,1,0,0,0
9268,0.8,886,1.8,568,81,1015,72.0,992,438,15.6,47.1,0.8273,2005,3,31,22,0,0,0,0,1,0,0,0
9269,0.8,886,2.1,589,83,975,69.0,1001,443,15.1,47.6,0.8139,2005,3,31,23,0,0,0,0,1,0,0,0
9270,0.7,848,1.5,541,69,1067,61.0,937,392,15.1,44.5,0.7569,2005,4,1,0,0,0,0,0,0,1,0,0
9271,0.6,818,1.0,497,53,1198,50.0,885,347,14.6,43.0,0.7108,2005,4,1,1,0,0,0,0,0,1,0,0
9272,0.5,848,1.1,509,36,1126,35.0,882,341,14.5,43.7,0.7163,2005,4,1,2,0,0,0,0,0,1,0,0
9273,0.5,826,0.9,488,30,1187,29.0,895,322,13.6,46.7,0.7245,2005,4,1,3,0,0,0,0,0,1,0,0
9274,0.5,818,0.8,473,47,1257,41.0,898,323,13.7,48.8,0.7606,2005,4,1,4,0,0,0,0,0,1,0,0
9275,0.5,868,1.4,535,88,1136,66.0,944,395,13.5,50.6,0.7783,2005,4,1,5,0,0,0,0,0,1,0,0
9276,0.6,901,2.0,586,135,993,89.0,979,510,13.7,47.4,0.7412,2005,4,1,6,0,0,0,0,0,1,0,0
9277,1.5,1044,6.7,845,280,710,150.0,1158,909,13.7,45.9,0.7154,2005,4,1,7,0,0,0,0,0,1,0,0
9278,1.9,1030,6.3,828,313,705,150.0,1130,869,16.1,41.0,0.7435,2005,4,1,8,0,0,0,0,0,1,0,0
9279,1.3,965,4.3,730,205,799,127.0,1038,652,16.1,41.5,0.7559,2005,4,1,9,0,0,0,0,0,1,0,0
9280,1.0,948,3.5,684,180,851,120.0,1011,599,16.5,40.8,0.757,2005,4,1,10,0,0,0,0,0,1,0,0
9281,1.0,939,3.6,687,197,870,123.0,981,550,18.9,33.8,0.7312,2005,4,1,11,0,0,0,0,0,1,0,0
9282,1.1,925,4.0,713,172,853,115.0,957,518,19.2,29.5,0.648,2005,4,1,12,0,0,0,0,0,1,0,0
9283,1.3,924,4.5,739,184,834,122.0,966,541,19.9,26.3,0.6054,2005,4,1,13,0,0,0,0,0,1,0,0
9284,1.0,891,3.3,669,160,923,111.0,911,456,19.2,27.0,0.5934,2005,4,1,14,0,0,0,0,0,1,0,0
9285,1.1,897,3.6,687,176,908,119.0,916,467,19.4,25.3,0.5625,2005,4,1,15,0,0,0,0,0,1,0,0
9286,1.4,939,4.3,726,219,890,137.0,955,508,18.9,26.2,0.5667,2005,4,1,16,0,0,0,0,0,1,0,0
9287,1.5,943,5.1,770,222,856,147.0,959,583,19.3,24.7,0.5483,2005,4,1,17,0,0,0,0,0,1,0,0
9288,1.6,928,5.5,790,231,812,154.0,951,609,17.1,25.3,0.4881,2005,4,1,18,0,0,0,0,0,1,0,0
9289,2.2,961,7.4,874,248,747,160.0,1003,757,15.6,26.2,0.4604,2005,4,1,19,0,0,0,0,0,1,0,0
9290,1.4,867,3.7,694,183,906,134.0,858,539,13.8,30.6,0.479,2005,4,1,20,0,0,0,0,0,1,0,0
9291,0.9,823,1.9,579,144,1070,110.0,778,420,13.1,31.7,0.4756,2005,4,1,21,0,0,0,0,0,1,0,0
9292,0.8,835,2.1,593,132,1072,99.0,793,408,13.2,31.8,0.4798,2005,4,1,22,0,0,0,0,0,1,0,0
9293,1.1,893,3.4,675,180,955,127.0,853,560,13.6,30.8,0.4779,2005,4,1,23,0,0,0,0,0,1,0,0
9294,1.5,965,5.8,803,280,802,174.0,951,889,13.1,32.0,0.4817,2005,4,2,0,1,0,0,0,0,0,1,0
9295,1.1,838,1.9,580,167,1055,127.0,791,516,12.7,33.6,0.4902,2005,4,2,1,1,0,0,0,0,0,1,0
9296,0.6,835,1.5,546,102,1111,81.0,768,391,12.2,35.6,0.5038,2005,4,2,2,1,0,0,0,0,0,1,0
9297,0.5,820,1.4,536,92,1137,70.0,777,374,11.9,35.6,0.4945,2005,4,2,3,1,0,0,0,0,0,1,0
9298,0.4,815,0.9,488,63,1223,49.0,742,326,11.2,38.3,0.5099,2005,4,2,4,1,0,0,0,0,0,1,0
9299,0.4,842,1.4,535,59,1140,44.0,805,352,11.0,40.5,0.5316,2005,4,2,5,1,0,0,0,0,0,1,0
9300,0.6,884,2.0,587,163,999,107.0,863,566,10.7,42.8,0.5489,2005,4,2,6,1,0,0,0,0,0,1,0
9301,0.9,922,3.1,658,227,898,141.0,922,706,11.1,43.3,0.572,2005,4,2,7,1,0,0,0,0,0,1,0
9302,0.9,903,2.5,618,183,933,121.0,899,575,14.2,36.9,0.5939,2005,4,2,8,1,0,0,0,0,0,1,0
9303,0.8,899,2.7,631,145,955,103.0,884,505,15.6,33.3,0.5861,2005,4,2,9,1,0,0,0,0,0,1,0
9304,1.0,890,2.7,634,150,952,102.0,856,471,16.3,30.0,0.5514,2005,4,2,10,1,0,0,0,0,0,1,0
9305,0.8,877,2.7,632,138,993,95.0,834,421,17.0,26.1,0.5036,2005,4,2,11,1,0,0,0,0,0,1,0
9306,0.8,867,2.4,613,134,1019,93.0,817,389,19.3,22.3,0.495,2005,4,2,12,1,0,0,0,0,0,1,0
9307,1.0,892,2.4,614,137,986,95.0,843,408,20.5,21.9,0.5215,2005,4,2,13,1,0,0,0,0,0,1,0
9308,0.8,889,2.3,603,112,1022,80.0,853,382,22.0,20.2,0.5274,2005,4,2,14,1,0,0,0,0,0,1,0
9309,0.8,900,2.5,622,112,1008,81.0,861,387,21.7,20.9,0.5367,2005,4,2,15,1,0,0,0,0,0,1,0
9310,0.9,910,2.9,644,149,971,106.0,873,428,21.6,20.8,0.5292,2005,4,2,16,1,0,0,0,0,0,1,0
9311,1.1,947,3.5,682,159,906,113.0,928,488,21.0,22.3,0.5468,2005,4,2,17,1,0,0,0,0,0,1,0
9312,1.1,947,4.0,708,161,858,117.0,958,556,18.6,26.6,0.5631,2005,4,2,18,1,0,0,0,0,0,1,0
9313,1.2,936,3.5,685,171,866,124.0,942,568,15.5,33.9,0.5957,2005,4,2,19,1,0,0,0,0,0,1,0
9314,1.1,925,2.9,645,167,904,122.0,930,546,14.3,38.0,0.6162,2005,4,2,20,1,0,0,0,0,0,1,0
9315,0.8,885,1.8,567,116,1021,87.0,872,428,13.5,39.4,0.6089,2005,4,2,21,1,0,0,0,0,0,1,0
9316,0.7,891,1.8,567,105,1031,79.0,881,418,13.1,41.3,0.6184,2005,4,2,22,1,0,0,0,0,0,1,0
9317,0.7,904,2.1,593,125,1012,93.0,894,472,13.5,37.8,0.5815,2005,4,2,23,1,0,0,0,0,0,1,0
9318,0.8,929,2.5,617,140,953,102.0,898,544,13.5,37.4,0.5745,2005,4,3,0,1,0,0,0,0,0,0,1
9319,0.8,951,2.8,642,109,895,86.0,929,666,12.7,40.8,0.5977,2005,4,3,1,1,0,0,0,0,0,0,1
9320,0.7,938,2.7,631,99,882,77.0,931,679,12.0,44.2,0.6177,2005,4,3,2,1,0,0,0,0,0,0,1
9321,0.8,921,2.8,642,120,861,88.0,948,768,10.5,48.7,0.6164,2005,4,3,3,1,0,0,0,0,0,0,1
9322,0.5,850,2.0,583,83,955,64.0,914,589,10.1,49.7,0.6122,2005,4,3,4,1,0,0,0,0,0,0,1
9323,0.3,811,1.0,494,60,1118,46.0,872,470,9.6,51.0,0.6082,2005,4,3,5,1,0,0,0,0,0,0,1
9324,0.4,848,1.3,530,75,1072,55.0,901,523,9.1,52.4,0.6074,2005,4,3,6,1,0,0,0,0,0,0,1
9325,0.6,882,1.7,563,127,978,84.0,936,660,8.9,52.7,0.6034,2005,4,3,7,1,0,0,0,0,0,0,1
9326,0.7,936,2.4,611,134,911,89.0,949,741,13.5,40.0,0.6168,2005,4,3,8,1,0,0,0,0,0,0,1
9327,1.2,1022,4.1,715,192,806,118.0,1004,831,17.8,30.7,0.6205,2005,4,3,9,1,0,0,0,0,0,0,1
9328,1.4,970,3.4,677,166,888,113.0,931,613,21.1,23.7,0.5875,2005,4,3,10,1,0,0,0,0,0,0,1
9329,1.3,1000,5.3,779,171,805,115.0,1001,640,24.0,19.3,0.5673,2005,4,3,11,1,0,0,0,0,0,0,1
9330,1.4,996,5.3,781,177,806,124.0,985,631,26.5,16.4,0.5594,2005,4,3,12,1,0,0,0,0,0,0,1
9331,1.0,928,3.8,701,119,926,86.0,902,456,28.7,13.7,0.5302,2005,4,3,13,1,0,0,0,0,0,0,1
9332,1.0,933,4.2,722,121,899,87.0,890,450,28.5,13.1,0.5002,2005,4,3,14,1,0,0,0,0,0,0,1
9333,1.1,956,5.4,783,142,857,100.0,896,516,30.0,11.1,0.4624,2005,4,3,15,1,0,0,0,0,0,0,1
9334,1.3,968,6.3,826,197,867,132.0,898,548,29.4,10.4,0.4192,2005,4,3,16,1,0,0,0,0,0,0,1
9335,1.4,953,6.1,817,242,872,156.0,891,603,28.9,9.9,0.3866,2005,4,3,17,1,0,0,0,0,0,0,1
9336,1.2,1015,4.6,743,190,851,138.0,981,597,22.8,21.7,0.5945,2005,4,3,18,1,0,0,0,0,0,0,1
9337,2.7,1248,11.1,1018,367,599,181.0,1289,1167,19.9,33.0,0.7608,2005,4,3,19,1,0,0,0,0,0,0,1
9338,2.5,1180,7.9,894,355,636,187.0,1200,1372,17.5,40.7,0.8073,2005,4,3,20,1,0,0,0,0,0,0,1
9339,1.5,1102,6.0,812,235,693,158.0,1178,1042,16.4,46.6,0.8642,2005,4,3,21,1,0,0,0,0,0,0,1
9340,1.6,1116,5.8,803,233,696,153.0,1173,1055,15.5,49.0,0.8579,2005,4,3,22,1,0,0,0,0,0,0,1
9341,1.2,1100,5.1,769,170,722,128.0,1147,1049,14.3,52.5,0.8497,2005,4,3,23,1,0,0,0,0,0,0,1
9342,0.9,1012,3.5,683,117,801,93.0,1073,816,14.2,51.4,0.8275,2005,4,4,0,0,1,0,0,0,0,0,0
9343,0.6,944,1.9,579,70,925,58.0,1002,598,13.8,51.2,0.8058,2005,4,4,1,0,1,0,0,0,0,0,0
9344,0.5,912,1.5,544,69,959,55.0,1002,573,12.1,56.3,0.7927,2005,4,4,2,0,1,0,0,0,0,0,0
9345,0.4,887,1.1,508,62,1047,51.0,974,549,11.3,58.9,0.7888,2005,4,4,3,0,1,0,0,0,0,0,0
9346,0.45,864,0.8,478,52,1116,43.0,958,489,11.8,56.0,0.7743,2005,4,4,4,0,1,0,0,0,0,0,0
9347,0.5,888,1.3,528,77,1077,53.0,987,578,10.4,59.9,0.755,2005,4,4,5,0,1,0,0,0,0,0,0
9348,1.1,1031,4.4,730,182,760,93.0,1129,905,9.5,63.1,0.7531,2005,4,4,6,0,1,0,0,0,0,0,0
9349,4.0,1384,17.4,1221,594,470,155.0,1600,1457,9.7,61.9,0.7446,2005,4,4,7,0,1,0,0,0,0,0,0
9350,5.0,1446,22.4,1362,586,415,174.0,1777,1705,13.5,48.9,0.7553,2005,4,4,8,0,1,0,0,0,0,0,0
9351,3.9,1297,13.6,1102,523,507,187.0,1375,1583,18.2,36.3,0.7487,2005,4,4,9,0,1,0,0,0,0,0,0
9352,3.1,1314,13.5,1101,472,539,190.0,1374,1729,21.9,29.3,0.7568,2005,4,4,10,0,1,0,0,0,0,0,0
9353,2.4,1163,11.4,1027,353,604,179.0,1264,1269,24.3,23.7,0.7119,2005,4,4,11,0,1,0,0,0,0,0,0
9354,2.4,1142,12.4,1063,293,603,175.0,1241,1092,26.9,18.3,0.6406,2005,4,4,12,0,1,0,0,0,0,0,0
9355,2.1,1003,9.5,961,235,702,156.0,1041,770,28.3,13.5,0.5139,2005,4,4,13,0,1,0,0,0,0,0,0
9356,2.2,1071,11.9,1047,265,654,168.0,1129,816,28.5,13.1,0.5028,2005,4,4,14,0,1,0,0,0,0,0,0
